domain,scenario,source_language,target_language,source_text,target_text,speaker,listener,difficulty,tone,tags
greetings_and_basic_conversation,greeting,English,Turkish,Hello.,Merhaba.,passenger,cabin_crew,A1,neutral,greeting
greetings_and_basic_conversation,greeting,English,Turkish,Good morning.,Günaydın.,passenger,cabin_crew,A1,polite,greeting
greetings_and_basic_conversation,greeting,English,Turkish,Good afternoon.,Tünaydın.,cabin_crew,passenger,A1,polite,greeting
greetings_and_basic_conversation,greeting,English,Turkish,Good evening.,İyi akşamlar.,cabin_crew,passenger,A1,polite,greeting
greetings_and_basic_conversation,greeting,English,Turkish,How are you?,Nasılsınız?,passenger,cabin_crew,A1,polite,greeting
greetings_and_basic_conversation,greeting,English,Turkish,How are you doing?,"Nasılsınız, iyi misiniz?",cabin_crew,passenger,A1,polite,greeting
greetings_and_basic_conversation,greeting,English,Turkish,Nice to meet you.,Sizinle tanıştığıma memnun oldum.,passenger,cabin_crew,A1,polite,greeting
greetings_and_basic_conversation,greeting,English,Turkish,Welcome aboard.,Uçağımıza hoş geldiniz.,cabin_crew,passenger,A1,reassuring,"boarding,greeting"
greetings_and_basic_conversation,greeting,English,Turkish,Welcome on board.,Uçağa hoş geldiniz.,cabin_crew,passenger,A1,reassuring,"boarding,greeting"
greetings_and_basic_conversation,greeting,English,Turkish,Thank you.,Teşekkür ederim.,passenger,cabin_crew,A1,polite,thanks
greetings_and_basic_conversation,greeting,English,Turkish,Thanks a lot.,Çok teşekkür ederim.,passenger,cabin_crew,A1,polite,thanks
greetings_and_basic_conversation,greeting,English,Turkish,You're welcome.,Rica ederim.,cabin_crew,passenger,A1,polite,thanks
greetings_and_basic_conversation,greeting,English,Turkish,Excuse me.,Affedersiniz.,passenger,cabin_crew,A1,polite,attention
greetings_and_basic_conversation,greeting,English,Turkish,Sorry.,Özür dilerim.,passenger,cabin_crew,A1,polite,apology
greetings_and_basic_conversation,greeting,English,Turkish,No problem.,Sorun değil.,cabin_crew,passenger,A1,reassuring,response
greetings_and_basic_conversation,greeting,English,Turkish,Please.,Lütfen.,passenger,cabin_crew,A1,polite,politeness
greetings_and_basic_conversation,greeting,English,Turkish,"Yes, please.","Evet, lütfen.",passenger,cabin_crew,A1,polite,agreement
greetings_and_basic_conversation,greeting,English,Turkish,"No, thank you.","Hayır, teşekkür ederim.",passenger,cabin_crew,A1,polite,refusal
greetings_and_basic_conversation,greeting,English,Turkish,Yes.,Evet.,passenger,cabin_crew,A1,neutral,agreement
greetings_and_basic_conversation,greeting,English,Turkish,No.,Hayır.,passenger,cabin_crew,A1,neutral,refusal
greetings_and_basic_conversation,greeting,English,Turkish,Okay.,Tamam.,passenger,cabin_crew,A1,neutral,agreement
greetings_and_basic_conversation,greeting,English,Turkish,All right.,Peki.,cabin_crew,passenger,A1,neutral,agreement
greetings_and_basic_conversation,greeting,English,Turkish,I understand.,Anladım.,passenger,cabin_crew,A1,neutral,understanding
greetings_and_basic_conversation,greeting,English,Turkish,I don't understand.,Anlamıyorum.,passenger,cabin_crew,A1,neutral,understanding
greetings_and_basic_conversation,greeting,English,Turkish,Could you repeat that?,Tekrar eder misiniz?,passenger,cabin_crew,A1,polite,conversation
greetings_and_basic_conversation,greeting,English,Turkish,Can you speak more slowly?,Daha yavaş konuşabilir misiniz?,passenger,cabin_crew,A1,polite,conversation
greetings_and_basic_conversation,greeting,English,Turkish,Do you speak Turkish?,Türkçe konuşuyor musunuz?,passenger,cabin_crew,A1,polite,conversation
greetings_and_basic_conversation,greeting,English,Turkish,I speak a little Turkish.,Biraz Türkçe konuşuyorum.,passenger,cabin_crew,A1,neutral,conversation
greetings_and_basic_conversation,greeting,English,Turkish,I speak English.,İngilizce konuşuyorum.,passenger,cabin_crew,A1,neutral,conversation
greetings_and_basic_conversation,greeting,English,Turkish,Can I help you?,Size yardım edebilir miyim?,cabin_crew,passenger,A1,polite,help
greetings_and_basic_conversation,greeting,English,Turkish,How can I help you?,Size nasıl yardımcı olabilirim?,cabin_crew,passenger,A1,polite,help
greetings_and_basic_conversation,greeting,English,Turkish,I need help.,Yardıma ihtiyacım var.,passenger,cabin_crew,A1,urgent,help
greetings_and_basic_conversation,greeting,English,Turkish,I am okay.,İyiyim.,passenger,cabin_crew,A1,reassuring,health
greetings_and_basic_conversation,greeting,English,Turkish,"I am fine, thank you.","İyiyim, teşekkür ederim.",passenger,cabin_crew,A1,polite,health
greetings_and_basic_conversation,greeting,English,Turkish,I am tired.,Yorgunum.,passenger,cabin_crew,A1,neutral,health
greetings_and_basic_conversation,greeting,English,Turkish,I am hungry.,Açım.,passenger,cabin_crew,A1,neutral,food
greetings_and_basic_conversation,greeting,English,Turkish,I am thirsty.,Susadım.,passenger,cabin_crew,A1,neutral,drink
greetings_and_basic_conversation,greeting,English,Turkish,I am cold.,Üşüyorum.,passenger,cabin_crew,A1,neutral,temperature
greetings_and_basic_conversation,greeting,English,Turkish,I am warm.,Sıcakladım.,passenger,cabin_crew,A1,neutral,temperature
greetings_and_basic_conversation,greeting,English,Turkish,I feel sick.,Midem bulanıyor.,passenger,cabin_crew,A1,urgent,health
greetings_and_basic_conversation,greeting,English,Turkish,I need a doctor.,Doktora ihtiyacım var.,passenger,cabin_crew,A1,urgent,"health,emergency"
greetings_and_basic_conversation,greeting,English,Turkish,"Call a doctor, please.",Lütfen bir doktor çağırın.,passenger,cabin_crew,A1,urgent,"health,emergency"
greetings_and_basic_conversation,greeting,English,Turkish,Please stay calm.,Lütfen sakin olun.,cabin_crew,passenger,A1,reassuring,reassurance
greetings_and_basic_conversation,greeting,English,Turkish,Please wait here.,Lütfen burada bekleyin.,cabin_crew,passenger,A1,neutral,instruction
greetings_and_basic_conversation,greeting,English,Turkish,Please follow me.,Lütfen beni takip edin.,cabin_crew,passenger,A1,neutral,instruction
greetings_and_basic_conversation,greeting,English,Turkish,"This way, please.",Bu taraftan lütfen.,cabin_crew,passenger,A1,polite,instruction
greetings_and_basic_conversation,greeting,English,Turkish,Have a nice flight.,İyi uçuşlar.,cabin_crew,passenger,A1,polite,farewell
greetings_and_basic_conversation,greeting,English,Turkish,Have a safe trip.,Güvenli yolculuklar.,cabin_crew,passenger,A1,polite,farewell
greetings_and_basic_conversation,greeting,English,Turkish,See you later.,Sonra görüşürüz.,passenger,cabin_crew,A1,neutral,farewell
greetings_and_basic_conversation,greeting,English,Turkish,Goodbye.,Hoşça kalın.,passenger,cabin_crew,A1,polite,farewell
greetings_and_basic_conversation,greeting,English,Turkish,Good night.,İyi geceler.,cabin_crew,passenger,A1,polite,greeting
greetings_and_basic_conversation,greeting,English,Turkish,"Nice day, isn't it?","Güzel bir gün, değil mi?",passenger,cabin_crew,A2,neutral,smalltalk
greetings_and_basic_conversation,greeting,English,Turkish,The flight is very full today.,Bugün uçak çok dolu.,passenger,cabin_crew,A2,neutral,flight
greetings_and_basic_conversation,greeting,English,Turkish,Is this seat taken?,Bu koltuk dolu mu?,passenger,cabin_crew,A2,polite,seat
greetings_and_basic_conversation,greeting,English,Turkish,May I sit here?,Buraya oturabilir miyim?,passenger,cabin_crew,A2,polite,seat
greetings_and_basic_conversation,greeting,English,Turkish,Is it okay if I move?,Yerin değişmesinde bir sakınca var mı?,passenger,cabin_crew,A2,polite,seat
greetings_and_basic_conversation,greeting,English,Turkish,I would like to change seats.,Koltuk değiştirmek istiyorum.,passenger,cabin_crew,A2,polite,seat
greetings_and_basic_conversation,greeting,English,Turkish,"Can you help me, please?","Bana yardım eder misiniz, lütfen?",passenger,cabin_crew,A1,polite,help
greetings_and_basic_conversation,greeting,English,Turkish,I am looking for my seat.,Koltuk numaramı arıyorum.,passenger,cabin_crew,A1,neutral,seat
greetings_and_basic_conversation,greeting,English,Turkish,I found my seat.,Koltuk numaramı buldum.,passenger,cabin_crew,A1,neutral,seat
greetings_and_basic_conversation,greeting,English,Turkish,My seat is over there.,Koltuk numaram orada.,passenger,cabin_crew,A1,neutral,seat
greetings_and_basic_conversation,greeting,English,Turkish,I am traveling with my child.,Çocuğumla seyahat ediyorum.,passenger,cabin_crew,A1,neutral,child
greetings_and_basic_conversation,greeting,English,Turkish,My baby is sleeping.,Bebeğim uyuyor.,passenger,cabin_crew,A1,neutral,child
greetings_and_basic_conversation,greeting,English,Turkish,Please be quiet.,Lütfen sessiz olun.,cabin_crew,passenger,A1,polite,instruction
greetings_and_basic_conversation,greeting,English,Turkish,Please fasten your seat belt.,Lütfen emniyet kemerinizi bağlayın.,cabin_crew,passenger,A1,formal,safety
greetings_and_basic_conversation,greeting,English,Turkish,Please put your seat back upright.,Lütfen koltuğunuzu dik konuma getirin.,cabin_crew,passenger,A2,formal,safety
greetings_and_basic_conversation,greeting,English,Turkish,Please switch off your phone.,Lütfen telefonunuzu kapatın.,cabin_crew,passenger,A1,formal,safety
greetings_and_basic_conversation,greeting,English,Turkish,The seat belt sign is on.,Emniyet kemeri işareti yanıyor.,cabin_crew,passenger,A2,neutral,safety
greetings_and_basic_conversation,greeting,English,Turkish,We will land soon.,Az sonra ineceğiz.,cabin_crew,passenger,A1,reassuring,flight
greetings_and_basic_conversation,greeting,English,Turkish,We are running late.,Gecikiyoruz.,cabin_crew,passenger,A1,neutral,delay
greetings_and_basic_conversation,greeting,English,Turkish,The flight is delayed.,Uçuş gecikti.,cabin_crew,passenger,A1,neutral,delay
greetings_and_basic_conversation,greeting,English,Turkish,We apologize for the delay.,Gecikme için özür dileriz.,cabin_crew,passenger,A1,formal,"delay,apology"
greetings_and_basic_conversation,greeting,English,Turkish,Thank you for your patience.,Sabır gösterdiğiniz için teşekkür ederiz.,cabin_crew,passenger,A2,polite,delay
greetings_and_basic_conversation,greeting,English,Turkish,Please keep your seat belt fastened.,Lütfen emniyet kemerinizi bağlı tutun.,cabin_crew,passenger,A2,formal,safety
greetings_and_basic_conversation,greeting,English,Turkish,Please remain seated.,Lütfen oturduğunuz yerde kalın.,cabin_crew,passenger,A1,formal,instruction
greetings_and_basic_conversation,greeting,English,Turkish,Please stand by.,Lütfen beklemede kalın.,cabin_crew,passenger,A2,formal,instruction
greetings_and_basic_conversation,greeting,English,Turkish,The crew is here to help you.,Kabin ekibi size yardımcı olmak için burada.,cabin_crew,passenger,A2,reassuring,help
greetings_and_basic_conversation,greeting,English,Turkish,Please let me know if you need anything.,Bir şeye ihtiyacınız olursa lütfen söyleyin.,cabin_crew,passenger,A2,polite,help
greetings_and_basic_conversation,greeting,English,Turkish,"I need water, please.","Su istiyorum, lütfen.",passenger,cabin_crew,A1,polite,drink
greetings_and_basic_conversation,greeting,English,Turkish,Can I have some water?,Biraz su alabilir miyim?,passenger,cabin_crew,A1,polite,drink
greetings_and_basic_conversation,greeting,English,Turkish,I would like tea.,Çay isterim.,passenger,cabin_crew,A1,polite,drink
greetings_and_basic_conversation,greeting,English,Turkish,I would like coffee.,Kahve isterim.,passenger,cabin_crew,A1,polite,drink
greetings_and_basic_conversation,greeting,English,Turkish,Do you have juice?,Meyve suyu var mı?,passenger,cabin_crew,A1,polite,drink
greetings_and_basic_conversation,greeting,English,Turkish,Do you have snacks?,Atıştırmalık var mı?,passenger,cabin_crew,A1,polite,food
greetings_and_basic_conversation,greeting,English,Turkish,I don't eat meat.,Et yemiyorum.,passenger,cabin_crew,A1,neutral,food
greetings_and_basic_conversation,greeting,English,Turkish,I am vegetarian.,Vejeteryanım.,passenger,cabin_crew,A1,neutral,food
greetings_and_basic_conversation,greeting,English,Turkish,I have an allergy.,Alerjim var.,passenger,cabin_crew,A1,urgent,"health,food"
greetings_and_basic_conversation,greeting,English,Turkish,I am allergic to peanuts.,Yer fıstığına alerjim var.,passenger,cabin_crew,A1,urgent,"health,food"
greetings_and_basic_conversation,greeting,English,Turkish,Please give me the menu.,Lütfen menüyü verir misiniz?,passenger,cabin_crew,A2,polite,food
greetings_and_basic_conversation,greeting,English,Turkish,What time is breakfast?,Kahvaltı saat kaçta?,passenger,cabin_crew,A2,polite,food
greetings_and_basic_conversation,greeting,English,Turkish,Can I have another blanket?,Bir battaniye daha alabilir miyim?,passenger,cabin_crew,A2,polite,comfort
greetings_and_basic_conversation,greeting,English,Turkish,I am uncomfortable.,Rahatsızım.,passenger,cabin_crew,A1,neutral,comfort
greetings_and_basic_conversation,greeting,English,Turkish,I need a blanket.,Battaniye istiyorum.,passenger,cabin_crew,A1,polite,comfort
greetings_and_basic_conversation,greeting,English,Turkish,The air is too cold.,Hava çok soğuk.,passenger,cabin_crew,A1,neutral,comfort
greetings_and_basic_conversation,greeting,English,Turkish,Can you turn down the air?,Havayı biraz kısar mısınız?,passenger,cabin_crew,A2,polite,comfort
greetings_and_basic_conversation,greeting,English,Turkish,The air is too hot.,Hava çok sıcak.,passenger,cabin_crew,A1,neutral,comfort
greetings_and_basic_conversation,greeting,English,Turkish,Can you turn up the air?,Havayı biraz açar mısınız?,passenger,cabin_crew,A2,polite,comfort
greetings_and_basic_conversation,greeting,English,Turkish,The reading light is not working.,Okuma ışığı çalışmıyor.,passenger,cabin_crew,A2,neutral,seat
greetings_and_basic_conversation,greeting,English,Turkish,My seat belt is stuck.,Emniyet kemerim sıkıştı.,passenger,cabin_crew,A2,urgent,safety
greetings_and_basic_conversation,greeting,English,Turkish,Could you help with my seat belt?,Emniyet kemerimle yardım eder misiniz?,passenger,cabin_crew,A2,polite,safety
greetings_and_basic_conversation,greeting,English,Turkish,Please open the window shade.,Lütfen perdeyi açın.,cabin_crew,passenger,A2,neutral,instruction
greetings_and_basic_conversation,greeting,English,Turkish,Please close the window shade.,Lütfen perdeyi kapatın.,cabin_crew,passenger,A2,neutral,instruction
greetings_and_basic_conversation,greeting,English,Turkish,We are starting the descent.,Alçalmaya başlıyoruz.,cabin_crew,passenger,A2,reassuring,flight
greetings_and_basic_conversation,greeting,English,Turkish,Please prepare for landing.,Lütfen inişe hazırlanın.,cabin_crew,passenger,A2,formal,flight
greetings_and_basic_conversation,greeting,English,Turkish,We will be landing shortly.,Az sonra iniş yapacağız.,cabin_crew,passenger,A2,reassuring,flight
greetings_and_basic_conversation,greeting,English,Turkish,Please return to your seat.,Lütfen koltuğunuza dönün.,cabin_crew,passenger,A2,formal,instruction
greetings_and_basic_conversation,greeting,English,Turkish,I have to use the toilet.,Tuvaleti kullanmam gerekiyor.,passenger,cabin_crew,A1,neutral,toilet
greetings_and_basic_conversation,greeting,English,Turkish,Where is the toilet?,Tuvalet nerede?,passenger,cabin_crew,A1,polite,toilet
greetings_and_basic_conversation,greeting,English,Turkish,The toilet is at the back.,Tuvalet arka tarafta.,cabin_crew,passenger,A1,neutral,toilet
greetings_and_basic_conversation,greeting,English,Turkish,The lavatory is occupied.,Tuvalet dolu.,cabin_crew,passenger,A2,neutral,toilet
greetings_and_basic_conversation,greeting,English,Turkish,Please wait a moment.,Lütfen bir dakika bekleyin.,cabin_crew,passenger,A1,polite,conversation
greetings_and_basic_conversation,greeting,English,Turkish,"Just a moment, please.",Bir dakika lütfen.,cabin_crew,passenger,A1,polite,conversation
greetings_and_basic_conversation,greeting,English,Turkish,I can wait.,Bekleyebilirim.,passenger,cabin_crew,A1,neutral,conversation
greetings_and_basic_conversation,greeting,English,Turkish,I am in a hurry.,Acele ediyorum.,passenger,cabin_crew,A1,neutral,conversation
greetings_and_basic_conversation,greeting,English,Turkish,Where should I go?,Nereye gitmeliyim?,passenger,cabin_crew,A1,polite,direction
greetings_and_basic_conversation,greeting,English,Turkish,Please show me.,Bana gösterir misiniz?,passenger,cabin_crew,A1,polite,help
greetings_and_basic_conversation,greeting,English,Turkish,Follow the signs.,İşaretleri takip edin.,cabin_crew,passenger,A2,neutral,instruction
greetings_and_basic_conversation,greeting,English,Turkish,Please keep your ticket ready.,Lütfen biletinizi hazır tutun.,cabin_crew,passenger,A2,formal,boarding
greetings_and_basic_conversation,greeting,English,Turkish,I have my boarding pass.,Biniş kartım var.,passenger,cabin_crew,A1,neutral,boarding
greetings_and_basic_conversation,greeting,English,Turkish,Here is my boarding pass.,Biniş kartım burada.,passenger,cabin_crew,A1,neutral,boarding
greetings_and_basic_conversation,greeting,English,Turkish,May I see your boarding pass?,Biniş kartınızı görebilir miyim?,cabin_crew,passenger,A2,polite,boarding
greetings_and_basic_conversation,greeting,English,Turkish,Please have your passport ready.,Lütfen pasaportunuzu hazır edin.,cabin_crew,passenger,A2,formal,boarding
greetings_and_basic_conversation,greeting,English,Turkish,I forgot my passport.,Pasaportumu unuttum.,passenger,cabin_crew,A1,urgent,boarding
greetings_and_basic_conversation,greeting,English,Turkish,I missed my flight.,Uçağı kaçırdım.,passenger,cabin_crew,A1,urgent,flight
greetings_and_basic_conversation,greeting,English,Turkish,Is this the right gate?,Bu doğru kapı mı?,passenger,cabin_crew,A1,polite,gate
greetings_and_basic_conversation,greeting,English,Turkish,Where is gate B12?,B12 kapısı nerede?,passenger,cabin_crew,A1,polite,gate
greetings_and_basic_conversation,greeting,English,Turkish,Your gate has changed.,Kapınız değişti.,cabin_crew,passenger,A1,neutral,"gate,delay"
greetings_and_basic_conversation,greeting,English,Turkish,Please check the gate number.,Lütfen kapı numarasını kontrol edin.,cabin_crew,passenger,A2,formal,gate
greetings_and_basic_conversation,greeting,English,Turkish,I am waiting for boarding.,Binişi bekliyorum.,passenger,cabin_crew,A1,neutral,boarding
greetings_and_basic_conversation,greeting,English,Turkish,Boarding will start soon.,Biniş birazdan başlayacak.,cabin_crew,passenger,A1,reassuring,boarding
greetings_and_basic_conversation,greeting,English,Turkish,Please line up here.,Lütfen burada sıraya girin.,cabin_crew,passenger,A2,formal,boarding
greetings_and_basic_conversation,greeting,English,Turkish,I am traveling alone.,Yalnız seyahat ediyorum.,passenger,cabin_crew,A1,neutral,conversation
greetings_and_basic_conversation,greeting,English,Turkish,I am with my family.,Ailemle birlikteyim.,passenger,cabin_crew,A1,neutral,family
greetings_and_basic_conversation,greeting,English,Turkish,My family is on this flight.,Ailem bu uçakta.,passenger,cabin_crew,A1,neutral,family
greetings_and_basic_conversation,greeting,English,Turkish,I have a small child with me.,Yanımda küçük bir çocuğum var.,passenger,cabin_crew,A1,neutral,child
greetings_and_basic_conversation,greeting,English,Turkish,My child is asleep.,Çocuğum uyuyor.,passenger,cabin_crew,A1,neutral,child
greetings_and_basic_conversation,greeting,English,Turkish,Please be gentle.,Lütfen nazik olun.,passenger,cabin_crew,A2,polite,"child,help"
greetings_and_basic_conversation,greeting,English,Turkish,I have a pet with me.,Yanımda bir evcil hayvanım var.,passenger,cabin_crew,A1,neutral,pet
greetings_and_basic_conversation,greeting,English,Turkish,My dog is calm.,Köpeğim sakin.,passenger,cabin_crew,A1,neutral,pet
greetings_and_basic_conversation,greeting,English,Turkish,Is my pet allowed here?,Evcil hayvanım burada kabul ediliyor mu?,passenger,cabin_crew,A2,polite,pet
greetings_and_basic_conversation,greeting,English,Turkish,Please keep your pet in the carrier.,Lütfen evcil hayvanınızı taşıma çantasında tutun.,cabin_crew,passenger,A2,formal,"pet,instruction"
greetings_and_basic_conversation,greeting,English,Turkish,I need an aisle seat.,Koridor tarafı koltuk istiyorum.,passenger,cabin_crew,A1,polite,seat
greetings_and_basic_conversation,greeting,English,Turkish,I need a window seat.,Pencere tarafı koltuk istiyorum.,passenger,cabin_crew,A1,polite,seat
greetings_and_basic_conversation,greeting,English,Turkish,I need extra legroom.,Daha fazla diz mesafesi istiyorum.,passenger,cabin_crew,A2,polite,seat
greetings_and_basic_conversation,greeting,English,Turkish,This is my first flight.,Bu benim ilk uçuşum.,passenger,cabin_crew,A1,neutral,conversation
greetings_and_basic_conversation,greeting,English,Turkish,I am nervous.,Gerginim.,passenger,cabin_crew,A1,neutral,health
greetings_and_basic_conversation,greeting,English,Turkish,Don't worry.,Merak etmeyin.,cabin_crew,passenger,A1,reassuring,reassurance
greetings_and_basic_conversation,greeting,English,Turkish,It will be okay.,Her şey yoluna girecek.,cabin_crew,passenger,A1,reassuring,reassurance
greetings_and_basic_conversation,greeting,English,Turkish,I am worried about the delay.,Gecikme için endişeliyim.,passenger,cabin_crew,A2,neutral,delay
greetings_and_basic_conversation,greeting,English,Turkish,The delay is due to weather.,Gecikme hava durumundan kaynaklanıyor.,cabin_crew,passenger,A2,formal,delay
greetings_and_basic_conversation,greeting,English,Turkish,We are sorry for the inconvenience.,Rahatsızlık için özür dileriz.,cabin_crew,passenger,A2,formal,apology
greetings_and_basic_conversation,greeting,English,Turkish,Thank you for flying with us.,Bizimle uçtuğunuz için teşekkür ederiz.,cabin_crew,passenger,A2,formal,farewell
greetings_and_basic_conversation,greeting,English,Turkish,I am going to sleep.,Uyuyacağım.,passenger,cabin_crew,A1,neutral,comfort
greetings_and_basic_conversation,greeting,English,Turkish,Please wake me up.,Lütfen beni uyandırın.,passenger,cabin_crew,A2,polite,comfort
greetings_and_basic_conversation,greeting,English,Turkish,I need to charge my phone.,Telefonumu şarj etmem gerekiyor.,passenger,cabin_crew,A1,neutral,phone
greetings_and_basic_conversation,greeting,English,Turkish,Is there a charging point?,Şarj yeri var mı?,passenger,cabin_crew,A2,polite,phone
greetings_and_basic_conversation,greeting,English,Turkish,Please keep your device on airplane mode.,Lütfen cihazınızı uçak modunda tutun.,cabin_crew,passenger,A2,formal,"safety,phone"
greetings_and_basic_conversation,greeting,English,Turkish,I have a question.,Bir sorum var.,passenger,cabin_crew,A1,neutral,conversation
greetings_and_basic_conversation,greeting,English,Turkish,Can I ask something?,Bir şey sorabilir miyim?,passenger,cabin_crew,A1,polite,conversation
greetings_and_basic_conversation,greeting,English,Turkish,"Sure, go ahead.","Tabii, sorun.",cabin_crew,passenger,A1,neutral,conversation
greetings_and_basic_conversation,greeting,English,Turkish,I am from Turkey.,Türkiye'denim.,passenger,cabin_crew,A1,neutral,conversation
greetings_and_basic_conversation,greeting,English,Turkish,Where are you from?,Nerelisiniz?,passenger,cabin_crew,A1,polite,conversation
greetings_and_basic_conversation,greeting,English,Turkish,I am from London.,Londra'danım.,passenger,cabin_crew,A1,neutral,conversation
greetings_and_basic_conversation,greeting,English,Turkish,We are ready to board.,Binmeye hazırız.,cabin_crew,passenger,A1,formal,boarding
greetings_and_basic_conversation,greeting,English,Turkish,Please have your passport ready.,Lütfen pasaportunuzu hazırda tutun.,cabin_crew,passenger,A2,formal,boarding
greetings_and_basic_conversation,greeting,English,Turkish,Your flight is boarding now.,Uçağınızın binişi şimdi yapılıyor.,cabin_crew,passenger,A2,formal,boarding
greetings_and_basic_conversation,greeting,English,Turkish,Please wait for your group.,Lütfen sıranızı bekleyin.,cabin_crew,passenger,A2,formal,boarding
greetings_and_basic_conversation,greeting,English,Turkish,My boarding group is called.,Biniş grubum çağrıldı.,passenger,cabin_crew,A2,neutral,boarding
greetings_and_basic_conversation,greeting,English,Turkish,I am here.,Buradayım.,passenger,cabin_crew,A1,neutral,conversation
greetings_and_basic_conversation,greeting,English,Turkish,Here I am.,Buradayım.,passenger,cabin_crew,A1,neutral,conversation
greetings_and_basic_conversation,greeting,English,Turkish,Please come this way.,Lütfen bu tarafa gelin.,cabin_crew,passenger,A1,polite,instruction
greetings_and_basic_conversation,greeting,English,Turkish,The cabin crew will assist you.,Kabin ekibi size yardımcı olacak.,cabin_crew,passenger,A2,reassuring,help
greetings_and_basic_conversation,greeting,English,Turkish,I am lost.,Kayboldum.,passenger,cabin_crew,A1,urgent,help
greetings_and_basic_conversation,greeting,English,Turkish,I need directions.,Yol tarifi lazım.,passenger,cabin_crew,A1,neutral,help
greetings_and_basic_conversation,greeting,English,Turkish,Please tell me where to go.,Bana nereye gideceğimi söyler misiniz?,passenger,cabin_crew,A2,polite,help
greetings_and_basic_conversation,greeting,English,Turkish,I am boarding now.,Şimdi uçağa biniyorum.,passenger,cabin_crew,A1,neutral,boarding
greetings_and_basic_conversation,greeting,English,Turkish,The flight is ready.,Uçuş hazır.,cabin_crew,passenger,A1,neutral,flight
greetings_and_basic_conversation,greeting,English,Turkish,Please keep your bag with you.,Lütfen çantanızı yanınızda tutun.,cabin_crew,passenger,A1,formal,luggage
greetings_and_basic_conversation,greeting,English,Turkish,I have a small bag.,Küçük bir çantam var.,passenger,cabin_crew,A1,neutral,luggage
greetings_and_basic_conversation,greeting,English,Turkish,My bag is in the overhead bin.,Çantam üst bölmede.,passenger,cabin_crew,A2,neutral,luggage
greetings_and_basic_conversation,greeting,English,Turkish,Please do not block the aisle.,Lütfen koridoru kapatmayın.,cabin_crew,passenger,A2,formal,safety
greetings_and_basic_conversation,greeting,English,Turkish,I am sitting here.,Burada oturuyorum.,passenger,cabin_crew,A1,neutral,seat
greetings_and_basic_conversation,greeting,English,Turkish,This is my seat.,Bu benim koltuğum.,passenger,cabin_crew,A1,neutral,seat
greetings_and_basic_conversation,greeting,English,Turkish,That is my bag.,O benim çantam.,passenger,cabin_crew,A1,neutral,luggage
greetings_and_basic_conversation,greeting,English,Turkish,Please take your bag.,Lütfen çantanızı alın.,cabin_crew,passenger,A1,formal,luggage
greetings_and_basic_conversation,greeting,English,Turkish,I forgot my bag.,Çantamı unuttum.,passenger,cabin_crew,A1,urgent,luggage
greetings_and_basic_conversation,greeting,English,Turkish,I am ready.,Hazırım.,passenger,cabin_crew,A1,neutral,conversation
greetings_and_basic_conversation,greeting,English,Turkish,We are ready to go.,Gitmeye hazırız.,cabin_crew,passenger,A1,reassuring,flight
greetings_and_basic_conversation,greeting,English,Turkish,Let's go.,Hadi gidelim.,cabin_crew,passenger,A1,neutral,instruction
greetings_and_basic_conversation,greeting,English,Turkish,I am coming.,Geliyorum.,passenger,cabin_crew,A1,neutral,conversation
greetings_and_basic_conversation,greeting,English,Turkish,Please sit down.,Lütfen oturun.,cabin_crew,passenger,A1,formal,instruction
greetings_and_basic_conversation,greeting,English,Turkish,Please get up slowly.,Lütfen yavaşça kalkın.,cabin_crew,passenger,A2,formal,instruction
greetings_and_basic_conversation,greeting,English,Turkish,I am getting off the plane.,Uçaktan iniyorum.,passenger,cabin_crew,A1,neutral,disembark
greetings_and_basic_conversation,greeting,English,Turkish,Please watch your step.,Lütfen adımınıza dikkat edin.,cabin_crew,passenger,A1,formal,instruction
greetings_and_basic_conversation,greeting,English,Turkish,I am at the gate.,Kapının yanındayım.,passenger,cabin_crew,A1,neutral,gate
greetings_and_basic_conversation,greeting,English,Turkish,The gate is over there.,Kapı orada.,cabin_crew,passenger,A1,neutral,gate
greetings_and_basic_conversation,greeting,English,Turkish,I am not sure.,Emin değilim.,passenger,cabin_crew,A1,neutral,conversation
greetings_and_basic_conversation,greeting,English,Turkish,That's fine.,Sorun değil.,cabin_crew,passenger,A1,neutral,response
greetings_and_basic_conversation,greeting,English,Turkish,I appreciate your help.,Yardımınızı takdir ediyorum.,passenger,cabin_crew,A2,polite,thanks
greetings_and_basic_conversation,greeting,English,Turkish,It is my pleasure.,Memnuniyetle.,cabin_crew,passenger,A2,polite,response
greetings_and_basic_conversation,greeting,English,Turkish,Please call me if needed.,Gerekirse beni çağırın lütfen.,passenger,cabin_crew,A2,polite,conversation
greetings_and_basic_conversation,greeting,English,Turkish,I will be here.,Burada olacağım.,passenger,cabin_crew,A1,neutral,conversation
greetings_and_basic_conversation,greeting,English,Turkish,Please keep this with you.,Lütfen bunu yanınızda tutun.,cabin_crew,passenger,A2,formal,instruction
greetings_and_basic_conversation,greeting,English,Turkish,I need a moment.,Bir dakikaya ihtiyacım var.,passenger,cabin_crew,A1,neutral,conversation
greetings_and_basic_conversation,greeting,English,Turkish,Take your time.,Acele etmeyin.,cabin_crew,passenger,A1,reassuring,reassurance
greetings_and_basic_conversation,greeting,English,Turkish,I am okay now.,Şimdi iyiyim.,passenger,cabin_crew,A1,reassuring,health
greetings_and_basic_conversation,greeting,English,Turkish,Please let me know if anything changes.,Bir şey değişirse lütfen bana bildirin.,passenger,cabin_crew,A2,polite,conversation
greetings_and_basic_conversation,greeting,English,Turkish,We will update you soon.,Sizi birazdan bilgilendireceğiz.,cabin_crew,passenger,A2,reassuring,delay
greetings_and_basic_conversation,greeting,English,Turkish,"Thank you, captain.",Teşekkür ederim kaptanım.,passenger,cabin_crew,A1,polite,thanks
greetings_and_basic_conversation,greeting,English,Turkish,"Thank you, crew.",Teşekkür ederim ekip.,passenger,cabin_crew,A1,polite,thanks
greetings_and_basic_conversation,greeting,English,Turkish,Good to see you.,Sizi görmek güzel.,passenger,cabin_crew,A2,polite,greeting
greetings_and_basic_conversation,greeting,English,Turkish,Good to have you on board.,Sizi uçakta görmek güzel.,cabin_crew,passenger,A2,reassuring,greeting
greetings_and_basic_conversation,greeting,English,Turkish,I am happy to help.,Yardım etmeye memnuniyet duyarım.,cabin_crew,passenger,A2,polite,help
greetings_and_basic_conversation,greeting,English,Turkish,Please ask the crew.,Lütfen kabin ekibine sorun.,cabin_crew,passenger,A1,neutral,help
greetings_and_basic_conversation,greeting,English,Turkish,I will ask the crew.,Kabin ekibine soracağım.,passenger,cabin_crew,A1,neutral,conversation
greetings_and_basic_conversation,greeting,English,Turkish,Please tell me the time.,Lütfen saati söyler misiniz?,passenger,cabin_crew,A1,polite,time
greetings_and_basic_conversation,greeting,English,Turkish,What time is it?,Saat kaç?,passenger,cabin_crew,A1,neutral,time
greetings_and_basic_conversation,greeting,English,Turkish,It is time to board.,Biniş zamanı.,cabin_crew,passenger,A1,neutral,boarding
greetings_and_basic_conversation,greeting,English,Turkish,Please make yourself comfortable.,Lütfen rahat edin.,cabin_crew,passenger,A2,reassuring,comfort
greetings_and_basic_conversation,greeting,English,Turkish,I am comfortable.,Rahatım.,passenger,cabin_crew,A1,neutral,comfort
greetings_and_basic_conversation,greeting,English,Turkish,I need to stretch my legs.,Bacaklarımı uzatmam gerekiyor.,passenger,cabin_crew,A2,neutral,comfort
greetings_and_basic_conversation,greeting,English,Turkish,Please keep the aisle clear.,Lütfen koridoru boş tutun.,cabin_crew,passenger,A1,formal,safety
greetings_and_basic_conversation,greeting,English,Turkish,I need my medicine.,İlacımı almam gerekiyor.,passenger,cabin_crew,A1,urgent,health
greetings_and_basic_conversation,greeting,English,Turkish,I have medicine with me.,Yanımda ilaç var.,passenger,cabin_crew,A1,neutral,health
greetings_and_basic_conversation,greeting,English,Turkish,Please show me your medicine.,Lütfen ilacınızı gösterin.,cabin_crew,passenger,A2,formal,health
greetings_and_basic_conversation,greeting,English,Turkish,I need to sit near the front.,Ön tarafta oturmam gerekiyor.,passenger,cabin_crew,A2,polite,seat
greetings_and_basic_conversation,greeting,English,Turkish,Please keep your belongings under the seat.,Lütfen eşyalarınızı koltuğun altına koyun.,cabin_crew,passenger,A2,formal,luggage
greetings_and_basic_conversation,greeting,English,Turkish,I left something behind.,Bir şeyimi geride bıraktım.,passenger,cabin_crew,A2,urgent,luggage
greetings_and_basic_conversation,greeting,English,Turkish,Please check again.,Lütfen tekrar kontrol edin.,passenger,cabin_crew,A1,polite,help
greetings_and_basic_conversation,greeting,English,Turkish,I will check.,Kontrol edeceğim.,cabin_crew,passenger,A1,neutral,help
greetings_and_basic_conversation,greeting,English,Turkish,Please wait for the captain's announcement.,Lütfen kaptanın anonsunu bekleyin.,cabin_crew,passenger,A2,formal,announcement
greetings_and_basic_conversation,greeting,English,Turkish,I heard the announcement.,Anonsu duydum.,passenger,cabin_crew,A1,neutral,announcement
greetings_and_basic_conversation,greeting,English,Turkish,Can you explain it again?,Bunu tekrar açıklar mısınız?,passenger,cabin_crew,A2,polite,conversation
greetings_and_basic_conversation,greeting,English,Turkish,I am sorry to hear that.,Bunu duyduğuma üzüldüm.,cabin_crew,passenger,A2,reassuring,response
greetings_and_basic_conversation,greeting,English,Turkish,Everything is under control.,Her şey kontrol altında.,cabin_crew,passenger,A2,reassuring,reassurance
greetings_and_basic_conversation,greeting,English,Turkish,I feel better now.,Şimdi daha iyi hissediyorum.,passenger,cabin_crew,A2,reassuring,health
greetings_and_basic_conversation,greeting,English,Turkish,Please keep calm and stay seated.,Lütfen sakin olun ve oturduğunuz yerde kalın.,cabin_crew,passenger,A2,formal,"emergency,instruction"
greetings_and_basic_conversation,greeting,English,Turkish,We need to make an announcement.,Bir anons yapmamız gerekiyor.,cabin_crew,passenger,A2,neutral,announcement
greetings_and_basic_conversation,greeting,English,Turkish,Please remain calm.,Lütfen sakin kalın.,cabin_crew,passenger,A1,reassuring,reassurance
greetings_and_basic_conversation,greeting,English,Turkish,I am calm.,Sakinim.,passenger,cabin_crew,A1,neutral,health
greetings_and_basic_conversation,greeting,English,Turkish,Please let us know.,Lütfen bize bildirin.,cabin_crew,passenger,A1,polite,conversation
greetings_and_basic_conversation,greeting,English,Turkish,I will let you know.,Size haber vereceğim.,passenger,cabin_crew,A1,neutral,conversation
greetings_and_basic_conversation,greeting,English,Turkish,Have a good day.,İyi günler.,cabin_crew,passenger,A1,polite,farewell
greetings_and_basic_conversation,greeting,English,Turkish,See you soon.,Yakında görüşürüz.,passenger,cabin_crew,A1,neutral,farewell
greetings_and_basic_conversation,boarding,Turkish,English,Merhaba.,Hello.,passenger,gate_agent,A1,neutral,"greeting,boarding"
greetings_and_basic_conversation,boarding,Turkish,English,İyi günler.,Good day.,passenger,gate_agent,A1,polite,"greeting,boarding"
greetings_and_basic_conversation,boarding,Turkish,English,Günaydın.,Good morning.,passenger,cabin_crew,A1,polite,"greeting,boarding"
greetings_and_basic_conversation,boarding,Turkish,English,İyi akşamlar.,Good evening.,cabin_crew,passenger,A1,polite,"greeting,boarding"
greetings_and_basic_conversation,boarding,Turkish,English,Nasılsınız?,How are you?,passenger,cabin_crew,A1,polite,"greeting,basic_conversation"
greetings_and_basic_conversation,boarding,Turkish,English,"İyiyim, teşekkür ederim.","I'm fine, thank you.",cabin_crew,passenger,A1,polite,basic_conversation
greetings_and_basic_conversation,boarding,Turkish,English,Teşekkür ederim.,Thank you.,passenger,cabin_crew,A1,polite,basic_conversation
greetings_and_basic_conversation,boarding,Turkish,English,Rica ederim.,You're welcome.,cabin_crew,passenger,A1,polite,basic_conversation
greetings_and_basic_conversation,boarding,Turkish,English,Lütfen.,Please.,cabin_crew,passenger,A1,polite,basic_conversation
greetings_and_basic_conversation,boarding,Turkish,English,Afedersiniz.,Excuse me.,passenger,cabin_crew,A1,polite,basic_conversation
greetings_and_basic_conversation,boarding,Turkish,English,Özür dilerim.,I'm sorry.,passenger,cabin_crew,A1,polite,basic_conversation
greetings_and_basic_conversation,boarding,Turkish,English,Sorun yok.,No problem.,cabin_crew,passenger,A1,reassuring,basic_conversation
greetings_and_basic_conversation,boarding,Turkish,English,Tamam.,Okay.,passenger,cabin_crew,A1,neutral,basic_conversation
greetings_and_basic_conversation,boarding,Turkish,English,Evet.,Yes.,passenger,cabin_crew,A1,neutral,basic_conversation
greetings_and_basic_conversation,boarding,Turkish,English,"Hayır, teşekkür ederim.","No, thank you.",passenger,cabin_crew,A1,polite,basic_conversation
greetings_and_basic_conversation,boarding,Turkish,English,Adım Ali.,My name is Ali.,passenger,cabin_crew,A1,neutral,introduction
greetings_and_basic_conversation,boarding,Turkish,English,Ben yolcuyum.,I am a passenger.,passenger,gate_agent,A1,neutral,basic_conversation
greetings_and_basic_conversation,boarding,Turkish,English,Uçuşumuz ne zaman?,When is our flight?,passenger,gate_agent,A1,neutral,flight_information
greetings_and_basic_conversation,boarding,Turkish,English,Kapı burada mı?,Is the gate here?,passenger,airport_staff,A1,neutral,gate
greetings_and_basic_conversation,boarding,Turkish,English,Biletim burada.,My ticket is here.,passenger,gate_agent,A1,neutral,"ticket,boarding"
greetings_and_basic_conversation,boarding,Turkish,English,Pasaportum burada.,My passport is here.,passenger,gate_agent,A1,neutral,"passport,boarding"
greetings_and_basic_conversation,boarding,Turkish,English,Koltuğum nerede?,Where is my seat?,passenger,cabin_crew,A1,neutral,"seat,boarding"
greetings_and_basic_conversation,boarding,Turkish,English,Yerimi bulamıyorum.,I can't find my seat.,passenger,cabin_crew,A1,neutral,"seat,boarding"
greetings_and_basic_conversation,boarding,Turkish,English,Bu koltuk benim.,This seat is mine.,passenger,passenger,A1,neutral,seat
greetings_and_basic_conversation,boarding,Turkish,English,Yanlış kapıda mıyım?,Am I at the wrong gate?,passenger,airport_staff,A1,neutral,gate
greetings_and_basic_conversation,boarding,Turkish,English,"Evet, burası doğru kapı.","Yes, this is the correct gate.",airport_staff,passenger,A1,reassuring,gate
greetings_and_basic_conversation,boarding,Turkish,English,Lütfen sıraya girin.,Please stand in line.,gate_agent,passenger,A1,polite,boarding
greetings_and_basic_conversation,boarding,Turkish,English,Bir dakika bekleyin.,Please wait a minute.,gate_agent,passenger,A1,neutral,boarding
greetings_and_basic_conversation,boarding,Turkish,English,Sıranız geldi.,It's your turn.,gate_agent,passenger,A1,neutral,boarding
greetings_and_basic_conversation,boarding,Turkish,English,Hoş geldiniz.,Welcome.,cabin_crew,passenger,A1,polite,"greeting,boarding"
greetings_and_basic_conversation,boarding,Turkish,English,Uçağa hoş geldiniz.,Welcome aboard.,cabin_crew,passenger,A1,polite,"boarding,greeting"
greetings_and_basic_conversation,boarding,Turkish,English,İyi uçuşlar.,Have a good flight.,cabin_crew,passenger,A1,polite,"greeting,boarding"
greetings_and_basic_conversation,boarding,Turkish,English,Güle güle.,Goodbye.,cabin_crew,passenger,A1,polite,farewell
greetings_and_basic_conversation,boarding,Turkish,English,Görüşürüz.,See you.,passenger,cabin_crew,A1,neutral,farewell
greetings_and_basic_conversation,boarding,Turkish,English,Tekrar merhaba.,Hello again.,passenger,cabin_crew,A1,neutral,greeting
greetings_and_basic_conversation,boarding,Turkish,English,Sizi anlamadım.,I didn't understand you.,passenger,cabin_crew,A1,neutral,conversation
greetings_and_basic_conversation,boarding,Turkish,English,Yavaş konuşur musunuz?,Could you speak slowly?,passenger,cabin_crew,A1,polite,conversation
greetings_and_basic_conversation,boarding,Turkish,English,Tekrar eder misiniz?,Could you repeat that?,passenger,cabin_crew,A1,polite,conversation
greetings_and_basic_conversation,boarding,Turkish,English,Biraz bekleyin lütfen.,Please wait a moment.,cabin_crew,passenger,A1,polite,conversation
greetings_and_basic_conversation,boarding,Turkish,English,Size yardım edeyim.,Let me help you.,cabin_crew,passenger,A1,reassuring,help
greetings_and_basic_conversation,boarding,Turkish,English,Size nasıl yardımcı olabilirim?,How can I help you?,cabin_crew,passenger,A1,polite,help
greetings_and_basic_conversation,boarding,Turkish,English,Bana yardım eder misiniz?,Can you help me?,passenger,cabin_crew,A1,polite,help
greetings_and_basic_conversation,boarding,Turkish,English,"Tabii, size yardımcı olurum.","Of course, I can help you.",cabin_crew,passenger,A1,reassuring,help
greetings_and_basic_conversation,boarding,Turkish,English,Bir sorun var mı?,Is there a problem?,cabin_crew,passenger,A1,neutral,conversation
greetings_and_basic_conversation,boarding,Turkish,English,"Hayır, teşekkürler.","No, thank you.",passenger,cabin_crew,A1,neutral,conversation
greetings_and_basic_conversation,boarding,Turkish,English,"Evet, bir sorum var.","Yes, I have a question.",passenger,cabin_crew,A1,neutral,conversation
greetings_and_basic_conversation,boarding,Turkish,English,Sorun değil.,It's okay.,passenger,cabin_crew,A1,neutral,reassurance
greetings_and_basic_conversation,boarding,Turkish,English,Merak etmeyin.,Don't worry.,cabin_crew,passenger,A1,reassuring,reassurance
greetings_and_basic_conversation,boarding,Turkish,English,Her şey yolunda.,Everything is fine.,cabin_crew,passenger,A1,reassuring,reassurance
greetings_and_basic_conversation,boarding,Turkish,English,Biraz gecikeceğiz.,We will be a little late.,gate_agent,passenger,A1,neutral,delay
greetings_and_basic_conversation,boarding,Turkish,English,Uçuş gecikti.,The flight is delayed.,passenger,passenger,A1,neutral,delay
greetings_and_basic_conversation,boarding,Turkish,English,Ne kadar gecikecek?,How long will it be delayed?,passenger,gate_agent,A1,neutral,delay
greetings_and_basic_conversation,boarding,Turkish,English,Bilmiyorum.,I don't know.,gate_agent,passenger,A1,neutral,conversation
greetings_and_basic_conversation,boarding,Turkish,English,Anladım.,I understand.,passenger,cabin_crew,A1,neutral,conversation
greetings_and_basic_conversation,boarding,Turkish,English,Tam olarak anladım.,I understand exactly.,passenger,cabin_crew,A2,neutral,conversation
greetings_and_basic_conversation,boarding,Turkish,English,Şimdi anladım.,I understand now.,passenger,cabin_crew,A1,neutral,conversation
greetings_and_basic_conversation,boarding,Turkish,English,Bir saniye lütfen.,"One second, please.",passenger,cabin_crew,A1,polite,conversation
greetings_and_basic_conversation,boarding,Turkish,English,Bekleyin lütfen.,Please wait.,cabin_crew,passenger,A1,neutral,conversation
greetings_and_basic_conversation,boarding,Turkish,English,Beni takip edin lütfen.,Please follow me.,cabin_crew,passenger,A1,polite,boarding
greetings_and_basic_conversation,boarding,Turkish,English,Buradan gidin.,Go this way.,cabin_crew,passenger,A1,neutral,boarding
greetings_and_basic_conversation,boarding,Turkish,English,Orada bekleyin.,Wait there.,cabin_crew,passenger,A1,neutral,boarding
greetings_and_basic_conversation,boarding,Turkish,English,Burası dolu mu?,Is this full?,passenger,cabin_crew,A1,neutral,seat
greetings_and_basic_conversation,boarding,Turkish,English,Burası boş mu?,Is this seat free?,passenger,passenger,A1,polite,seat
greetings_and_basic_conversation,boarding,Turkish,English,"Evet, boş.","Yes, it's free.",passenger,passenger,A1,neutral,seat
greetings_and_basic_conversation,boarding,Turkish,English,"Hayır, dolu.","No, it's occupied.",passenger,passenger,A1,neutral,seat
greetings_and_basic_conversation,boarding,Turkish,English,Yanlışlıkla aldım.,I took it by mistake.,passenger,cabin_crew,A2,polite,conversation
greetings_and_basic_conversation,boarding,Turkish,English,"Sorun değil, düzeltebiliriz.","No problem, we can fix it.",cabin_crew,passenger,A2,reassuring,conversation
greetings_and_basic_conversation,boarding,Turkish,English,Birazdan kalkacağız.,We will take off soon.,cabin_crew,passenger,A1,reassuring,flight
greetings_and_basic_conversation,boarding,Turkish,English,İnişe hazır olun.,Please prepare for landing.,cabin_crew,passenger,A1,formal,landing
greetings_and_basic_conversation,boarding,Turkish,English,Kemerlerinizi bağlayın.,Fasten your seat belts.,cabin_crew,passenger,A1,formal,safety
greetings_and_basic_conversation,boarding,Turkish,English,Kemerimi bağladım.,I have fastened my seat belt.,passenger,cabin_crew,A1,neutral,safety
greetings_and_basic_conversation,boarding,Turkish,English,Kemerimi açabilir miyim?,Can I unfasten my seat belt?,passenger,cabin_crew,A1,polite,safety
greetings_and_basic_conversation,boarding,Turkish,English,Şimdilik hayır.,Not for now.,cabin_crew,passenger,A1,neutral,safety
greetings_and_basic_conversation,boarding,Turkish,English,Bir şey ister misiniz?,Would you like something?,cabin_crew,passenger,A1,polite,service
greetings_and_basic_conversation,boarding,Turkish,English,Su isterim.,I would like water.,passenger,cabin_crew,A1,polite,service
greetings_and_basic_conversation,boarding,Turkish,English,Çay alabilir miyim?,Can I have tea?,passenger,cabin_crew,A1,polite,service
greetings_and_basic_conversation,boarding,Turkish,English,Kahve alabilir miyim?,Can I have coffee?,passenger,cabin_crew,A1,polite,service
greetings_and_basic_conversation,boarding,Turkish,English,"Bir şey içmiyorum, teşekkürler.","I don't want anything to drink, thanks.",passenger,cabin_crew,A1,polite,service
greetings_and_basic_conversation,boarding,Turkish,English,Hemen getireceğim.,I will bring it right away.,cabin_crew,passenger,A1,reassuring,service
greetings_and_basic_conversation,boarding,Turkish,English,Bir dakika sonra.,In one minute.,cabin_crew,passenger,A1,neutral,service
greetings_and_basic_conversation,boarding,Turkish,English,Tuvalet nerede?,Where is the toilet?,passenger,cabin_crew,A1,neutral,toilet
greetings_and_basic_conversation,boarding,Turkish,English,Tuvalet orada.,The toilet is over there.,cabin_crew,passenger,A1,neutral,toilet
greetings_and_basic_conversation,boarding,Turkish,English,Tuvalet müsait mi?,Is the toilet available?,passenger,cabin_crew,A1,polite,toilet
greetings_and_basic_conversation,boarding,Turkish,English,Şu anda meşgul.,It's busy right now.,cabin_crew,passenger,A1,neutral,toilet
greetings_and_basic_conversation,boarding,Turkish,English,Çocuğum yanımda.,My child is with me.,passenger,cabin_crew,A1,neutral,child
greetings_and_basic_conversation,boarding,Turkish,English,Çocuğunuz kaç yaşında?,How old is your child?,cabin_crew,passenger,A1,neutral,child
greetings_and_basic_conversation,boarding,Turkish,English,Bebeğim ağlıyor.,My baby is crying.,passenger,cabin_crew,A1,urgent,child
greetings_and_basic_conversation,boarding,Turkish,English,Size yardımcı olacağım.,I will help you.,cabin_crew,passenger,A1,reassuring,child
greetings_and_basic_conversation,boarding,Turkish,English,Bebek maması alabilir miyim?,Can I get baby food?,passenger,cabin_crew,A2,polite,"child,service"
greetings_and_basic_conversation,boarding,Turkish,English,Çocuk için su isterim.,I would like water for the child.,passenger,cabin_crew,A2,polite,"child,service"
greetings_and_basic_conversation,boarding,Turkish,English,Evcil hayvanım var.,I have a pet with me.,passenger,gate_agent,A1,neutral,pet
greetings_and_basic_conversation,boarding,Turkish,English,Köpeğim sakin.,My dog is calm.,passenger,cabin_crew,A1,reassuring,pet
greetings_and_basic_conversation,boarding,Turkish,English,Kedim çantasında.,My cat is in the carrier.,passenger,gate_agent,A1,neutral,pet
greetings_and_basic_conversation,boarding,Turkish,English,Evcil hayvanınız kabul ediliyor.,Your pet is allowed.,gate_agent,passenger,A2,neutral,pet
greetings_and_basic_conversation,boarding,Turkish,English,Engelli yolcuyum.,I am a passenger with a disability.,passenger,gate_agent,A2,neutral,accessibility
greetings_and_basic_conversation,boarding,Turkish,English,Tekerlekli sandalye istiyorum.,I need a wheelchair.,passenger,airport_staff,A1,polite,accessibility
greetings_and_basic_conversation,boarding,Turkish,English,Size yardımcı olacağız.,We will assist you.,airport_staff,passenger,A1,reassuring,accessibility
greetings_and_basic_conversation,boarding,Turkish,English,Asansör nerede?,Where is the elevator?,passenger,airport_staff,A1,neutral,accessibility
greetings_and_basic_conversation,boarding,Turkish,English,Bir doktor var mı?,Is there a doctor?,passenger,cabin_crew,A1,urgent,health
greetings_and_basic_conversation,boarding,Turkish,English,Kendimi iyi hissetmiyorum.,I don't feel well.,passenger,cabin_crew,A1,urgent,health
greetings_and_basic_conversation,boarding,Turkish,English,Başım dönüyor.,I feel dizzy.,passenger,cabin_crew,A1,urgent,health
greetings_and_basic_conversation,boarding,Turkish,English,Nefes alamıyorum.,I can't breathe.,passenger,cabin_crew,A1,urgent,"health,emergency"
greetings_and_basic_conversation,boarding,Turkish,English,Lütfen acil yardım çağırın.,Please call for emergency help.,passenger,cabin_crew,A2,urgent,emergency
greetings_and_basic_conversation,boarding,Turkish,English,"Sakin olun, yardım geliyor.","Stay calm, help is coming.",cabin_crew,passenger,A1,reassuring,emergency
greetings_and_basic_conversation,boarding,Turkish,English,Uçuş numarası nedir?,What is the flight number?,gate_agent,passenger,A1,neutral,flight_information
greetings_and_basic_conversation,boarding,Turkish,English,Biniş kartınız lütfen.,"Your boarding pass, please.",gate_agent,passenger,A1,polite,boarding
greetings_and_basic_conversation,boarding,Turkish,English,İşte biniş kartım.,Here is my boarding pass.,passenger,gate_agent,A1,neutral,boarding
greetings_and_basic_conversation,boarding,Turkish,English,İsminizi lütfen.,"Your name, please.",gate_agent,passenger,A1,polite,identity
greetings_and_basic_conversation,boarding,Turkish,English,Soyadım Yılmaz.,My last name is Yılmaz.,passenger,gate_agent,A1,neutral,identity
greetings_and_basic_conversation,boarding,Turkish,English,Yardımınız için sağ olun.,Thanks for your help.,passenger,cabin_crew,A1,polite,gratitude
greetings_and_basic_conversation,boarding,Turkish,English,"Rica ederim, görevim bu.","You're welcome, that's my job.",cabin_crew,passenger,A2,polite,gratitude
greetings_and_basic_conversation,boarding,Turkish,English,Uçuşa hazır mısınız?,Are you ready to fly?,cabin_crew,passenger,A1,neutral,conversation
greetings_and_basic_conversation,boarding,Turkish,English,Hazırım.,I'm ready.,passenger,cabin_crew,A1,neutral,conversation
greetings_and_basic_conversation,boarding,Turkish,English,Henüz hazır değilim.,I'm not ready yet.,passenger,cabin_crew,A1,neutral,conversation
greetings_and_basic_conversation,boarding,Turkish,English,"Sorun değil, zamanınız var.","No problem, you have time.",cabin_crew,passenger,A2,reassuring,reassurance
greetings_and_basic_conversation,boarding,Turkish,English,Biraz daha bekleyebilir miyiz?,Can we wait a little longer?,passenger,gate_agent,A2,polite,delay
greetings_and_basic_conversation,boarding,Turkish,English,"Evet, birkaç dakika daha.","Yes, a few more minutes.",gate_agent,passenger,A2,neutral,delay
greetings_and_basic_conversation,boarding,Turkish,English,Beni duyuyor musunuz?,Can you hear me?,passenger,cabin_crew,A1,neutral,conversation
greetings_and_basic_conversation,boarding,Turkish,English,"Evet, sizi duyuyorum.","Yes, I can hear you.",cabin_crew,passenger,A1,neutral,conversation
greetings_and_basic_conversation,boarding,Turkish,English,Sesiniz çok kısık.,Your voice is very quiet.,cabin_crew,passenger,A2,neutral,conversation
greetings_and_basic_conversation,boarding,Turkish,English,Daha yüksek konuşun lütfen.,Please speak louder.,cabin_crew,passenger,A1,polite,conversation
greetings_and_basic_conversation,boarding,Turkish,English,Ben Türkçe konuşuyorum.,I speak Turkish.,passenger,cabin_crew,A1,neutral,conversation
greetings_and_basic_conversation,boarding,Turkish,English,İngilizce konuşabiliyorum.,I can speak English.,passenger,cabin_crew,A1,neutral,conversation
greetings_and_basic_conversation,boarding,Turkish,English,Biraz İngilizcem var.,I know a little English.,passenger,cabin_crew,A2,neutral,conversation
greetings_and_basic_conversation,boarding,Turkish,English,"Sorun değil, yavaş konuşurum.","No problem, I will speak slowly.",cabin_crew,passenger,A2,reassuring,conversation
greetings_and_basic_conversation,boarding,Turkish,English,Bu benim ilk uçuşum.,This is my first flight.,passenger,cabin_crew,A1,neutral,conversation
greetings_and_basic_conversation,boarding,Turkish,English,"Merak etmeyin, yardım ederim.","Don't worry, I'll help you.",cabin_crew,passenger,A2,reassuring,reassurance
greetings_and_basic_conversation,boarding,Turkish,English,Uçuş nasıl gidiyor?,How is the flight going?,passenger,cabin_crew,A2,neutral,conversation
greetings_and_basic_conversation,boarding,Turkish,English,Şimdilik her şey iyi.,Everything is fine so far.,cabin_crew,passenger,A2,reassuring,conversation
greetings_and_basic_conversation,boarding,Turkish,English,Beni çağırır mısınız?,Will you call me?,passenger,gate_agent,A2,polite,conversation
greetings_and_basic_conversation,boarding,Turkish,English,"Evet, sizi çağıracağız.","Yes, we will call you.",gate_agent,passenger,A2,neutral,conversation
greetings_and_basic_conversation,boarding,Turkish,English,Kapıda bekleyin.,Wait at the gate.,gate_agent,passenger,A1,neutral,boarding
greetings_and_basic_conversation,boarding,Turkish,English,Şimdi mi binmeliyiz?,Should we board now?,passenger,gate_agent,A2,neutral,boarding
greetings_and_basic_conversation,boarding,Turkish,English,"Evet, şimdi başlayabilirsiniz.","Yes, you can start now.",gate_agent,passenger,A2,neutral,boarding
greetings_and_basic_conversation,boarding,Turkish,English,Bana yer gösterir misiniz?,Can you show me my seat?,passenger,cabin_crew,A2,polite,seat
greetings_and_basic_conversation,boarding,Turkish,English,"Tabii, bu taraftan gelin.","Of course, this way please.",cabin_crew,passenger,A2,polite,boarding
greetings_and_basic_conversation,boarding,Turkish,English,Burası koridor mu?,Is this the aisle?,passenger,cabin_crew,A1,neutral,seat
greetings_and_basic_conversation,boarding,Turkish,English,"Evet, doğru yerdeyiz.","Yes, we are in the right place.",cabin_crew,passenger,A2,reassuring,conversation
greetings_and_basic_conversation,boarding,Turkish,English,İyi yolculuklar dilerim.,I wish you a good trip.,cabin_crew,passenger,A1,polite,farewell
greetings_and_basic_conversation,boarding,Turkish,English,"Teşekkürler, size de.","Thanks, you too.",passenger,cabin_crew,A1,polite,farewell
greetings_and_basic_conversation,boarding,Turkish,English,Gecikme için üzgünüz.,We are sorry for the delay.,gate_agent,passenger,A2,polite,delay
greetings_and_basic_conversation,boarding,Turkish,English,"Anladım, beklerim.","I understand, I will wait.",passenger,gate_agent,A2,neutral,delay
greetings_and_basic_conversation,boarding,Turkish,English,Bu uçuşta yemek var mı?,Is there a meal on this flight?,passenger,cabin_crew,A2,neutral,service
greetings_and_basic_conversation,boarding,Turkish,English,"Kısa bir uçuş, sadece atıştırmalık var.","It's a short flight, only snacks are available.",cabin_crew,passenger,A2,neutral,service
greetings_and_basic_conversation,boarding,Turkish,English,Bana başka bir yer verir misiniz?,Can you give me another seat?,passenger,cabin_crew,A2,polite,seat
greetings_and_basic_conversation,boarding,Turkish,English,Mümkünse değiştirebiliriz.,We can change it if possible.,cabin_crew,passenger,A2,reassuring,seat
greetings_and_basic_conversation,boarding,Turkish,English,Çok teşekkür ederim.,Thank you very much.,passenger,cabin_crew,A1,polite,gratitude
greetings_and_basic_conversation,boarding,Turkish,English,"Rica ederim, iyi uçuşlar.","You're welcome, have a good flight.",cabin_crew,passenger,A1,polite,farewell
greetings_and_basic_conversation,boarding,Turkish,English,Uçuş kartım nerede?,Where is my boarding pass?,passenger,gate_agent,A1,neutral,boarding
greetings_and_basic_conversation,boarding,Turkish,English,Cebinizde olabilir.,It may be in your pocket.,gate_agent,passenger,A2,neutral,conversation
greetings_and_basic_conversation,boarding,Turkish,English,Bize bildirmeniz yeterli.,Just let us know.,cabin_crew,passenger,A2,reassuring,conversation
greetings_and_basic_conversation,boarding,Turkish,English,Şimdi biniş yapabilirsiniz.,You may board now.,gate_agent,passenger,A1,formal,boarding
greetings_and_basic_conversation,boarding,Turkish,English,"İyi yolculuklar, hoşça kalın.","Have a good trip, goodbye.",gate_agent,passenger,A2,polite,farewell
greetings_and_basic_conversation,boarding,Turkish,English,"Tamam, anladım, teşekkürler.","Okay, I understand, thanks.",passenger,gate_agent,A2,polite,conversation
seat_and_cabin_location,seat assignment,English,Turkish,Your seat is 14A.,Koltuğunuz 14A.,airport_staff,passenger,A1,neutral,"seat,cabin"
seat_and_cabin_location,seat assignment,English,Turkish,Please go to seat 22C.,Lütfen 22C koltuğuna gidin.,cabin_crew,passenger,A1,polite,"seat,boarding"
seat_and_cabin_location,seat assignment,English,Turkish,My seat is by the window.,Benim koltuğum pencere kenarında.,passenger,cabin_crew,A1,neutral,"seat,window"
seat_and_cabin_location,seat assignment,English,Turkish,Is this my seat?,Bu benim koltuğum mu?,passenger,cabin_crew,A1,polite,seat
seat_and_cabin_location,seat assignment,English,Turkish,Your seat is in the middle row.,Koltuğunuz orta sırada.,cabin_crew,passenger,A1,neutral,"seat,cabin"
seat_and_cabin_location,seat assignment,English,Turkish,I am in seat 18B.,Ben 18B koltuğundayım.,passenger,cabin_crew,A1,neutral,seat
seat_and_cabin_location,seat assignment,English,Turkish,The aisle seat is free.,Koridor tarafındaki koltuk boş.,cabin_crew,passenger,A1,neutral,"seat,aisle"
seat_and_cabin_location,seat assignment,English,Turkish,I would like a window seat.,Pencere kenarı koltuk istiyorum.,passenger,airport_staff,A1,polite,"seat,window"
seat_and_cabin_location,seat assignment,English,Turkish,The seat number is on your boarding pass.,Koltuk numarası biniş kartınızda yazıyor.,cabin_crew,passenger,A1,neutral,"boarding_pass,seat"
seat_and_cabin_location,seat assignment,English,Turkish,Please check your seat number.,Lütfen koltuk numaranızı kontrol edin.,airport_staff,passenger,A1,polite,seat
seat_and_cabin_location,row and section,English,Turkish,Your row is 25.,Sıranız 25.,cabin_crew,passenger,A1,neutral,"row,seat"
seat_and_cabin_location,row and section,English,Turkish,We are sitting in the same row.,Aynı sırada oturuyoruz.,passenger,passenger,A1,neutral,row
seat_and_cabin_location,row and section,English,Turkish,Please move one row back.,Lütfen bir sıra geri geçin.,cabin_crew,passenger,A1,polite,"row,move"
seat_and_cabin_location,row and section,English,Turkish,You are in the front of the cabin.,Kabin ön tarafındasınız.,cabin_crew,passenger,A1,neutral,"cabin,front"
seat_and_cabin_location,row and section,English,Turkish,The back of the cabin is quieter.,Kabin arka tarafı daha sessizdir.,cabin_crew,passenger,A2,neutral,"cabin,quiet"
seat_and_cabin_location,row and section,English,Turkish,I am near the front.,Ben ön taraftayım.,passenger,cabin_crew,A1,neutral,"front,seat"
seat_and_cabin_location,row and section,English,Turkish,That seat is in the last row.,O koltuk en arka sırada.,cabin_crew,passenger,A1,neutral,"row,seat"
seat_and_cabin_location,row and section,English,Turkish,Can I sit closer to the front?,Ön tarafa daha yakın oturabilir miyim?,passenger,cabin_crew,A2,polite,"front,seat"
seat_and_cabin_location,row and section,English,Turkish,This row is for passengers with children.,Bu sıra çocuklu yolcular içindir.,cabin_crew,passenger,A2,neutral,"row,child"
seat_and_cabin_location,row and section,English,Turkish,Your family is seated together.,Aileniz birlikte oturuyor.,airport_staff,passenger,A1,reassuring,"family,seat"
seat_and_cabin_location,window aisle middle,English,Turkish,I asked for a window seat.,Pencere kenarı koltuk istemiştim.,passenger,cabin_crew,A2,polite,"window,seat"
seat_and_cabin_location,window aisle middle,English,Turkish,This is an aisle seat.,Bu bir koridor koltuğu.,cabin_crew,passenger,A1,neutral,"aisle,seat"
seat_and_cabin_location,window aisle middle,English,Turkish,Do you prefer the aisle or the window?,"Koridor tarafı mı, pencere tarafı mı tercih edersiniz?",cabin_crew,passenger,A2,polite,"aisle,window"
seat_and_cabin_location,window aisle middle,English,Turkish,The middle seat is taken.,Orta koltuk dolu.,cabin_crew,passenger,A1,neutral,middle_seat
seat_and_cabin_location,window aisle middle,English,Turkish,I am stuck in the middle seat.,Orta koltukta kaldım.,passenger,passenger,A1,neutral,middle_seat
seat_and_cabin_location,window aisle middle,English,Turkish,Can I have an aisle seat instead?,Onun yerine koridor koltuğu alabilir miyim?,passenger,cabin_crew,A2,polite,"aisle,seat"
seat_and_cabin_location,window aisle middle,English,Turkish,Your seat is next to the window.,Koltuğunuz pencerenin yanında.,cabin_crew,passenger,A1,neutral,"window,seat"
seat_and_cabin_location,window aisle middle,English,Turkish,Please take the seat on the aisle side.,Lütfen koridor tarafındaki koltuğa oturun.,cabin_crew,passenger,A2,polite,"aisle,seat"
seat_and_cabin_location,window aisle middle,English,Turkish,I would like to sit by the window.,Pencere kenarında oturmak istiyorum.,passenger,airport_staff,A1,polite,"window,seat"
seat_and_cabin_location,window aisle middle,English,Turkish,The window seat has more view.,Pencere koltuğundan daha iyi manzara olur.,cabin_crew,passenger,A2,neutral,"window,view"
seat_and_cabin_location,seat change,English,Turkish,Can I change seats?,Koltuk değiştirebilir miyim?,passenger,cabin_crew,A1,polite,seat_change
seat_and_cabin_location,seat change,English,Turkish,We can move you to another seat.,Sizi başka bir koltuğa alabiliriz.,cabin_crew,passenger,A2,reassuring,seat_change
seat_and_cabin_location,seat change,English,Turkish,Is there another seat available?,Başka boş koltuk var mı?,passenger,cabin_crew,A1,polite,seat_change
seat_and_cabin_location,seat change,English,Turkish,This seat is not available.,Bu koltuk uygun değil.,airport_staff,passenger,A1,neutral,seat
seat_and_cabin_location,seat change,English,Turkish,Please wait for seat changes after boarding.,Lütfen koltuk değişikliği için boarding sonrasını bekleyin.,cabin_crew,passenger,A2,polite,"boarding,seat_change"
seat_and_cabin_location,seat change,English,Turkish,I need a seat with more legroom.,Daha fazla diz mesafesi olan bir koltuk lazım.,passenger,cabin_crew,A2,polite,"legroom,seat"
seat_and_cabin_location,seat change,English,Turkish,You may switch with that passenger.,Şu yolcuyla yer değiştirebilirsiniz.,cabin_crew,passenger,A2,neutral,seat_change
seat_and_cabin_location,seat change,English,Turkish,My seat was changed at the gate.,Koltuğum kapıda değiştirildi.,passenger,cabin_crew,A2,neutral,"gate,seat_change"
seat_and_cabin_location,seat change,English,Turkish,We have assigned you a new seat.,Size yeni bir koltuk atadık.,airport_staff,passenger,A2,formal,seat_assignment
seat_and_cabin_location,seat change,English,Turkish,Please keep your seat for takeoff.,Lütfen kalkış için koltuğunuzda kalın.,cabin_crew,passenger,A2,polite,"takeoff,seat"
seat_and_cabin_location,near exit and bulkhead,English,Turkish,You are sitting near the exit row.,Acil çıkış sırasına yakın oturuyorsunuz.,cabin_crew,passenger,A2,neutral,"exit_row,seat"
seat_and_cabin_location,near exit and bulkhead,English,Turkish,This is a bulkhead seat.,Bu bir bölme önü koltuğu.,cabin_crew,passenger,B1,neutral,"bulkhead,seat"
seat_and_cabin_location,near exit and bulkhead,English,Turkish,I prefer a bulkhead seat.,Bölme önü koltuk tercih ederim.,passenger,airport_staff,B1,polite,"bulkhead,seat"
seat_and_cabin_location,near exit and bulkhead,English,Turkish,The exit row has extra space.,Acil çıkış sırasındaki koltuklarda ekstra alan vardır.,cabin_crew,passenger,B1,neutral,"exit_row,space"
seat_and_cabin_location,near exit and bulkhead,English,Turkish,Are you able to sit in the exit row?,Acil çıkış sırasına oturmaya uygun musunuz?,cabin_crew,passenger,B1,formal,"exit_row,accessibility"
seat_and_cabin_location,near exit and bulkhead,English,Turkish,I cannot sit in the exit row.,Acil çıkış sırasına oturamam.,passenger,cabin_crew,A2,neutral,"exit_row,accessibility"
seat_and_cabin_location,near exit and bulkhead,English,Turkish,Please move away from the exit door area.,Lütfen acil çıkış kapısı alanından uzaklaşın.,cabin_crew,passenger,B1,urgent,"exit_door,safety"
seat_and_cabin_location,near exit and bulkhead,English,Turkish,Your seat is in the bulkhead row.,Koltuğunuz bölme önü sırada.,airport_staff,passenger,B1,neutral,"bulkhead,row"
seat_and_cabin_location,near exit and bulkhead,English,Turkish,That seat has more leg space.,O koltukta daha fazla diz mesafesi var.,cabin_crew,passenger,A2,neutral,"legroom,seat"
seat_and_cabin_location,near exit and bulkhead,English,Turkish,Please sit in your assigned row.,Lütfen size ayrılan sırada oturun.,cabin_crew,passenger,A2,polite,"assigned_row,seat"
seat_and_cabin_location,overhead and baggage near seat,English,Turkish,Your bag goes under the seat in front of you.,Çantanız önünüzdeki koltuğun altına konur.,cabin_crew,passenger,A1,neutral,"bag,seat"
seat_and_cabin_location,overhead and baggage near seat,English,Turkish,Please keep the area around your seat clear.,Lütfen koltuğunuzun etrafını boş tutun.,cabin_crew,passenger,A2,polite,"seat,safety"
seat_and_cabin_location,overhead and baggage near seat,English,Turkish,Is there space under this seat?,Bu koltuğun altında yer var mı?,passenger,cabin_crew,A1,polite,"seat,bag"
seat_and_cabin_location,overhead and baggage near seat,English,Turkish,The storage bin above your seat is full.,Koltuğunuzun üstündeki bagaj bölmesi dolu.,cabin_crew,passenger,A2,neutral,"overhead_bin,seat"
seat_and_cabin_location,overhead and baggage near seat,English,Turkish,Please use the bin above your row.,Lütfen kendi sıranızın üstündeki bölmeyi kullanın.,cabin_crew,passenger,A2,polite,"overhead_bin,row"
seat_and_cabin_location,overhead and baggage near seat,English,Turkish,I cannot reach the overhead bin.,Üst bagaj bölmesine ulaşamıyorum.,passenger,cabin_crew,A1,polite,"overhead_bin,accessibility"
seat_and_cabin_location,overhead and baggage near seat,English,Turkish,I will place it under your seat.,Onu koltuğunuzun altına koyacağım.,cabin_crew,passenger,A1,reassuring,"bag,seat"
seat_and_cabin_location,overhead and baggage near seat,English,Turkish,Your seat area must stay clear for takeoff.,Koltuk alanınız kalkış için boş kalmalı.,cabin_crew,passenger,A2,formal,"takeoff,seat,safety"
seat_and_cabin_location,overhead and baggage near seat,English,Turkish,Can I put my backpack above my seat?,Sırt çantamı koltuğumun üstüne koyabilir miyim?,passenger,cabin_crew,A2,polite,"backpack,overhead_bin"
seat_and_cabin_location,overhead and baggage near seat,English,Turkish,Please store your small bag under the seat.,Lütfen küçük çantanızı koltuğun altına koyun.,cabin_crew,passenger,A2,polite,"bag,seat"
seat_and_cabin_location,boarding,Turkish,English,Ben 14A koltuğundayım.,I am in seat 14A.,passenger,passenger,A1,neutral,"seat,location,boarding"
seat_and_cabin_location,boarding,Turkish,English,Koltuğum pencere tarafında mı?,Is my seat by the window?,passenger,passenger,A1,neutral,"seat,window,location"
seat_and_cabin_location,boarding,Turkish,English,Ben koridor tarafında oturuyorum.,I am sitting by the aisle.,passenger,passenger,A1,neutral,"seat,aisle,location"
seat_and_cabin_location,boarding,Turkish,English,Bize orta koltuğu verdiler.,They gave us the middle seat.,passenger,passenger,A1,neutral,"seat,middle,location"
seat_and_cabin_location,boarding,Turkish,English,Koltuk numaramı göremiyorum.,I cannot see my seat number.,passenger,passenger,A1,neutral,"seat,number,location"
seat_and_cabin_location,boarding,Turkish,English,Bu sıra kaçıncı sıra?,Which row is this?,passenger,passenger,A1,neutral,"row,seat,location"
seat_and_cabin_location,boarding,Turkish,English,Ben ön tarafta oturmak istiyorum.,I want to sit near the front.,passenger,passenger,A2,polite,"seat,front,preference"
seat_and_cabin_location,boarding,Turkish,English,Arka tarafta boş koltuk var mı?,Is there an empty seat in the back?,passenger,passenger,A2,polite,"seat,back,availability"
seat_and_cabin_location,boarding,Turkish,English,Acil çıkış koltuğu mu bu?,Is this an emergency exit seat?,passenger,passenger,A2,neutral,"seat,emergency_exit,location"
seat_and_cabin_location,boarding,Turkish,English,Bu koltuk benim değil sanırım.,I think this is not my seat.,passenger,passenger,A2,neutral,"seat,location,problem"
seat_and_cabin_location,boarding,Turkish,English,Koltuk sırası nerede yazıyor?,Where is the row number written?,passenger,passenger,A1,neutral,"row,seat,location"
seat_and_cabin_location,boarding,Turkish,English,Kapıya yakın bir koltuk istiyorum.,I would like a seat near the door.,passenger,passenger,A2,polite,"seat,door,preference"
seat_and_cabin_location,boarding,Turkish,English,Kanat üstünde oturuyoruz.,We are sitting over the wing.,passenger,passenger,A2,neutral,"seat,wing,location"
seat_and_cabin_location,boarding,Turkish,English,Ben şu anda 22C’deyim.,I am at 22C right now.,passenger,passenger,A1,neutral,"seat,location"
seat_and_cabin_location,boarding,Turkish,English,Yan yana oturabilir miyiz?,Can we sit next to each other?,passenger,passenger,A1,polite,"seat,together,location"
seat_and_cabin_location,boarding,Turkish,English,İki koltuğu birlikte ayarlayabilir misiniz?,Can you arrange two seats together?,passenger,passenger,A2,polite,"seat,together,request"
seat_and_cabin_location,boarding,Turkish,English,Koridor tarafı benim için daha iyi.,The aisle seat is better for me.,passenger,passenger,A2,neutral,"aisle,preference,seat"
seat_and_cabin_location,boarding,Turkish,English,Pencere kenarı koltuk boşsa onu alırım.,"If a window seat is available, I will take it.",passenger,passenger,A2,polite,"window,seat,availability"
seat_and_cabin_location,boarding,Turkish,English,Baş üstü dolaplarının altındayım.,I am under the overhead bins.,passenger,passenger,A2,neutral,"cabin,location"
seat_and_cabin_location,boarding,Turkish,English,Koltuk numaram kapıya uzak.,My seat is far from the door.,passenger,passenger,A2,neutral,"seat,door,location"
seat_and_cabin_location,boarding,Turkish,English,"Sırtım acıyor, biraz önde oturabilir miyim?",My back hurts. Can I sit a little closer to the front?,passenger,passenger,B1,polite,"seat,health,front"
seat_and_cabin_location,boarding,Turkish,English,"Benim yerim 18F, değil mi?","My seat is 18F, right?",passenger,passenger,A1,neutral,"seat,confirmation"
seat_and_cabin_location,boarding,Turkish,English,Bu koltukta oturabilir miyim?,Can I sit in this seat?,passenger,passenger,A1,polite,"seat,permission"
seat_and_cabin_location,boarding,Turkish,English,Yerim tam ortada kalmış.,My seat is right in the middle.,passenger,passenger,A2,neutral,"seat,middle,location"
seat_and_cabin_location,boarding,Turkish,English,Koltuğumun yanında boş yer var mı?,Is there an empty seat next to me?,passenger,passenger,A2,neutral,"seat,empty,next_to"
seat_and_cabin_location,boarding,Turkish,English,Aynı sırada oturuyoruz.,We are sitting in the same row.,passenger,passenger,A1,neutral,"row,seat,location"
seat_and_cabin_location,boarding,Turkish,English,"Burası ısınır mı, pencere kenarı olduğu için soruyorum.",Does this get warm? I am asking because it is by the window.,passenger,passenger,B1,neutral,"window,seat,comfort"
seat_and_cabin_location,boarding,Turkish,English,Koltuk aralığı bana dar geldi.,The seat space feels tight to me.,passenger,passenger,A2,neutral,"seat,space,comfort"
seat_and_cabin_location,boarding,Turkish,English,Bu uçakta ekonomi bölümündeyim.,I am in the economy cabin on this plane.,passenger,passenger,A2,neutral,"cabin,economy,location"
seat_and_cabin_location,boarding,Turkish,English,Business bölümüne geçiş mümkün mü?,Is it possible to move to the business cabin?,passenger,passenger,B1,polite,"cabin,business,request"
seat_and_cabin_location,boarding,Turkish,English,Koltuk haritası var mı?,Is there a seat map?,passenger,passenger,A1,neutral,"seat_map,location"
seat_and_cabin_location,boarding,Turkish,English,"Bebekle seyahat ediyoruz, uygun bir yer var mı?",We are traveling with a baby. Is there a suitable seat?,passenger,passenger,B1,polite,"baby,seat,request"
seat_and_cabin_location,boarding,Turkish,English,Koltuk numarasını tekrar eder misiniz?,Could you repeat the seat number?,passenger,passenger,A1,polite,"seat,number,request"
seat_and_cabin_location,boarding,Turkish,English,Doğru sırada mıyım emin değilim.,I am not sure if I am in the correct row.,passenger,passenger,A2,neutral,"row,seat,uncertainty"
seat_and_cabin_location,boarding,Turkish,English,Sizin yeriniz pencere tarafında.,Your seat is by the window.,cabin_crew,passenger,A1,neutral,"seat,window,crew"
seat_and_cabin_location,boarding,Turkish,English,Sizin koltuğunuz 19B.,Your seat is 19B.,cabin_crew,passenger,A1,neutral,"seat,crew"
seat_and_cabin_location,boarding,Turkish,English,Lütfen bu sırada oturunuz.,Please sit in this row.,cabin_crew,passenger,A1,polite,"row,seat,instruction"
seat_and_cabin_location,boarding,Turkish,English,Acil çıkış sırasındasınız.,You are in the emergency exit row.,cabin_crew,passenger,A2,formal,"emergency_exit,row,crew"
seat_and_cabin_location,boarding,Turkish,English,Bu koltuk size ait değil.,This seat is not yours.,cabin_crew,passenger,A1,neutral,"seat,correction"
seat_and_cabin_location,boarding,Turkish,English,"Burası sizin yeriniz, lütfen buyurun.","This is your seat, please go ahead.",cabin_crew,passenger,A1,polite,"seat,permission"
seat_and_cabin_location,boarding,Turkish,English,"Koridor tarafı istemiştiniz, sizi oraya yönlendirebilirim.","You requested an aisle seat, I can direct you there.",cabin_crew,passenger,B1,polite,"aisle,seat,crew"
seat_and_cabin_location,boarding,Turkish,English,Pencere kenarı koltuğunuz burada.,Your window seat is here.,cabin_crew,passenger,A1,neutral,"window,seat,crew"
seat_and_cabin_location,boarding,Turkish,English,Yan yana oturmanız için yer değiştirebilirim.,I can move you so you can sit together.,cabin_crew,passenger,B1,polite,"together,seat,crew"
seat_and_cabin_location,boarding,Turkish,English,"Üst sıra dolu, alt sıraya geçebilirsiniz.",The upper row is full. You can move to the lower row.,cabin_crew,passenger,B1,neutral,"row,full,direction"
seat_and_cabin_location,boarding,Turkish,English,Sizi pencere tarafına alabiliriz.,We can place you by the window.,cabin_crew,passenger,A2,reassuring,"window,seat,crew"
seat_and_cabin_location,boarding,Turkish,English,Koltuk numaranız biletinizde yazıyor.,Your seat number is written on your ticket.,cabin_crew,passenger,A1,neutral,"ticket,seat,crew"
seat_and_cabin_location,boarding,Turkish,English,Şu anda boş koltuk görünmüyor.,There are no empty seats at the moment.,cabin_crew,passenger,A2,neutral,"seat,empty,availability"
seat_and_cabin_location,boarding,Turkish,English,Size daha geniş bir koltuk verelim.,Let us give you a wider seat.,cabin_crew,passenger,A2,reassuring,"seat,wide,crew"
seat_and_cabin_location,boarding,Turkish,English,Çocuklu yolcular ön tarafa alınabilir.,Passengers with children can be seated toward the front.,cabin_crew,passenger,B1,neutral,"child,front,seat"
seat_and_cabin_location,boarding,Turkish,English,Koltuklar doluysa birlikte oturamayabilirsiniz.,"If the seats are full, you may not be able to sit together.",cabin_crew,passenger,B1,neutral,"seat,together,full"
seat_and_cabin_location,boarding,Turkish,English,Bu bölüm ekonomi sınıfıdır.,This section is the economy class cabin.,cabin_crew,passenger,A2,neutral,"economy,cabin,crew"
seat_and_cabin_location,boarding,Turkish,English,Business bölümüne geçmek için izin gerekiyor.,You need permission to move to the business cabin.,cabin_crew,passenger,B1,formal,"business,permission,crew"
seat_and_cabin_location,boarding,Turkish,English,Bu sırada tek boş koltuk var.,There is only one empty seat in this row.,cabin_crew,passenger,A2,neutral,"row,empty,seat"
seat_and_cabin_location,boarding,Turkish,English,Sizi acil çıkış sırasına oturtamayız.,We cannot place you in the emergency exit row.,cabin_crew,passenger,B1,formal,"emergency_exit,seat,restriction"
seat_and_cabin_location,boarding,Turkish,English,Lütfen koltuğunuzu kontrol edin.,Please check your seat.,cabin_crew,passenger,A1,polite,"seat,check,crew"
seat_and_cabin_location,boarding,Turkish,English,"Sizin yeriniz koridor tarafında, hemen sağda.","Your seat is by the aisle, just on the right.",cabin_crew,passenger,A2,neutral,"aisle,right,seat"
seat_and_cabin_location,boarding,Turkish,English,Koltuk numaranızı kontrol eder misiniz?,Could you check your seat number?,cabin_crew,passenger,A1,polite,"seat,number,crew"
seat_and_cabin_location,boarding,Turkish,English,Bu koltuk bebek bassinet alanına yakın.,This seat is near the baby bassinet area.,cabin_crew,passenger,B1,neutral,"baby,bassinet,seat"
seat_and_cabin_location,boarding,Turkish,English,Size arka bölümde bir yer ayırdık.,We have reserved a place for you in the back section.,cabin_crew,passenger,B1,reassuring,"back,seat,crew"
seat_and_cabin_location,boarding,Turkish,English,Aynı sırada değilsiniz.,You are not in the same row.,cabin_crew,passenger,A1,neutral,"row,seat,crew"
seat_and_cabin_location,boarding,Turkish,English,Koltuk yerinizi değiştirmem gerekiyor.,I need to change your seat.,cabin_crew,passenger,A2,neutral,"seat,change,crew"
seat_and_cabin_location,boarding,Turkish,English,Lütfen kemerinizi takın ve koltuğunuza oturun.,Please fasten your seat belt and take your seat.,cabin_crew,passenger,A1,formal,"seat,belt,instruction"
seat_and_cabin_location,boarding,Turkish,English,Koltuk numaranız değişti.,Your seat number has changed.,cabin_crew,passenger,A1,neutral,"seat,change,crew"
seat_and_cabin_location,boarding,Turkish,English,Sizi başka bir sıraya alabiliriz.,We can move you to another row.,cabin_crew,passenger,A2,reassuring,"row,move,crew"
seat_and_cabin_location,boarding,Turkish,English,Burada oturmanız gerekiyor.,You need to sit here.,cabin_crew,passenger,A1,formal,"seat,instruction"
seat_and_cabin_location,boarding,Turkish,English,Koltuk numaranızı bana söyleyebilir misiniz?,Can you tell me your seat number?,cabin_crew,passenger,A1,polite,"seat,number,crew"
seat_and_cabin_location,boarding,Turkish,English,Ön sırada oturan yolcular şimdi içeri girebilir.,Passengers sitting in the front rows may board now.,cabin_crew,passenger,A2,neutral,"front,row,boarding"
seat_and_cabin_location,boarding,Turkish,English,Arka kapıya yakın oturuyorsunuz.,You are sitting near the rear door.,cabin_crew,passenger,A2,neutral,"rear,door,seat"
seat_and_cabin_location,boarding,Turkish,English,Lütfen orta koltukta oturan yolcuya yol verin.,Please let the passenger in the middle seat pass.,cabin_crew,passenger,B1,polite,"middle,seat,crew"
seat_and_cabin_location,boarding,Turkish,English,"Sizin yeriniz burada, 12D.","Your seat is here, 12D.",cabin_crew,passenger,A1,neutral,"seat,location,crew"
seat_and_cabin_location,boarding,Turkish,English,Pencere tarafındaki yolcu henüz gelmedi.,The passenger by the window has not arrived yet.,cabin_crew,passenger,A2,neutral,"window,seat,passenger"
seat_and_cabin_location,boarding,Turkish,English,Lütfen sıramızı karıştırmayın.,Please do not mix up our rows.,passenger,passenger,A2,polite,"row,seat,clarification"
seat_and_cabin_location,boarding,Turkish,English,Yanlış koltuğa oturmuş olabilirim.,I may have sat in the wrong seat.,passenger,passenger,A2,neutral,"seat,mistake"
seat_and_cabin_location,boarding,Turkish,English,Sizin sırtınız koridora dönük.,Your back is toward the aisle.,passenger,passenger,A2,neutral,"aisle,orientation,seat"
seat_and_cabin_location,boarding,Turkish,English,Bu koltuk numarası bana ait değil.,This seat number does not belong to me.,passenger,passenger,A2,neutral,"seat,number,problem"
seat_and_cabin_location,boarding,Turkish,English,Size ayrılan yer 28A.,Your assigned seat is 28A.,cabin_crew,passenger,A1,neutral,"assigned,seat,crew"
seat_and_cabin_location,boarding,Turkish,English,Size daha ön bir koltuk bulmaya çalışacağım.,I will try to find you a seat closer to the front.,cabin_crew,passenger,B1,reassuring,"front,seat,crew"
seat_and_cabin_location,boarding,Turkish,English,Koltuğunuz sağ tarafta.,Your seat is on the right side.,cabin_crew,passenger,A1,neutral,"right,seat,location"
seat_and_cabin_location,boarding,Turkish,English,"Koltuğunuz sol tarafta, lütfen ilerleyin.","Your seat is on the left side, please go ahead.",cabin_crew,passenger,A1,polite,"left,seat,direction"
seat_and_cabin_location,boarding,Turkish,English,Kabinin ön kısmındayız.,We are in the front part of the cabin.,passenger,passenger,A2,neutral,"cabin,front,location"
seat_and_cabin_location,boarding,Turkish,English,Kabinin arkasına doğru yürüyün.,Walk toward the back of the cabin.,cabin_crew,passenger,A2,neutral,"cabin,back,direction"
seat_and_cabin_location,boarding,Turkish,English,Koltuk numaramı kapıda kontrol ettim.,I checked my seat number at the gate.,passenger,passenger,A2,neutral,"gate,seat,check"
seat_and_cabin_location,boarding,Turkish,English,Bu sırada üç koltuk var.,There are three seats in this row.,passenger,passenger,A1,neutral,"row,seat,location"
seat_and_cabin_location,boarding,Turkish,English,Bir sonraki sırada oturuyorsunuz.,You are sitting in the next row.,cabin_crew,passenger,A1,neutral,"row,seat,crew"
seat_and_cabin_location,boarding,Turkish,English,Lütfen kendi koltuğunuza geçin.,Please move to your own seat.,cabin_crew,passenger,A1,formal,"seat,instruction"
seat_and_cabin_location,boarding,Turkish,English,Koltuklar yan yana değil mi?,Are the seats not next to each other?,passenger,passenger,A2,neutral,"seat,together,question"
seat_and_cabin_location,boarding,Turkish,English,Sizi aynı sıraya alalım.,Let us put you in the same row.,cabin_crew,passenger,A2,reassuring,"row,together,crew"
seat_and_cabin_location,boarding,Turkish,English,Koltuk numarası yanlış basılmış olabilir.,The seat number may have been printed wrong.,passenger,passenger,B1,neutral,"seat,number,problem"
seat_and_cabin_location,boarding,Turkish,English,Sıra numaranızı burada görebilirsiniz.,You can see your row number here.,cabin_crew,passenger,A1,neutral,"row,location,crew"
seat_and_cabin_location,boarding,Turkish,English,Bu koltuk cam kenarında.,This seat is by the window.,passenger,passenger,A1,neutral,"window,seat,location"
seat_and_cabin_location,boarding,Turkish,English,Bu koltuk koridor kenarında.,This seat is by the aisle.,passenger,passenger,A1,neutral,"aisle,seat,location"
seat_and_cabin_location,boarding,Turkish,English,Orta sırada oturmak istemiyorum.,I do not want to sit in the middle seat.,passenger,passenger,A2,polite,"middle,seat,preference"
seat_and_cabin_location,boarding,Turkish,English,Sizi orta koltuktan çıkarabilirim.,I can move you out of the middle seat.,cabin_crew,passenger,A2,reassuring,"middle,seat,crew"
seat_and_cabin_location,boarding,Turkish,English,Kabin içinde yerinizi buldunuz mu?,Have you found your place in the cabin?,cabin_crew,passenger,A2,polite,"cabin,location,crew"
seat_and_cabin_location,boarding,Turkish,English,"Evet, yerim 10A.","Yes, my seat is 10A.",passenger,passenger,A1,neutral,"seat,confirmation"
seat_and_cabin_location,boarding,Turkish,English,"Hayır, sanırım yanlış bölüme gittim.","No, I think I went to the wrong section.",passenger,passenger,A2,neutral,"section,mistake,seat"
seat_and_cabin_location,boarding,Turkish,English,"Bu tarafa doğru ilerleyin, koltuğunuz orada.",Please move this way. Your seat is there.,cabin_crew,passenger,A2,polite,"direction,seat,crew"
seat_and_cabin_location,boarding,Turkish,English,Koltuk numarası ile sıra numarası farklıdır.,The seat number and the row number are different.,cabin_crew,passenger,B1,neutral,"seat,row,explanation"
seat_and_cabin_location,boarding,Turkish,English,Bu sırada koltuğunuz yok.,You do not have a seat in this row.,cabin_crew,passenger,A1,neutral,"row,seat,correction"
seat_and_cabin_location,boarding,Turkish,English,Size ayrılan bölüm burada sona eriyor.,The section assigned to you ends here.,cabin_crew,passenger,B1,formal,"section,location,crew"
seat_and_cabin_location,boarding,Turkish,English,Koltuk numaraları baş üstünde yazıyor.,The seat numbers are written above.,cabin_crew,passenger,A1,neutral,"seat,numbers,location"
seat_and_cabin_location,boarding,Turkish,English,Aynı koltukta iki kişi oturuyor.,Two people are sitting in the same seat.,passenger,passenger,A2,neutral,"seat,problem,crowding"
seat_and_cabin_location,boarding,Turkish,English,Kabin ekibi sizi yönlendirecek.,The cabin crew will guide you.,passenger,passenger,A1,neutral,"crew,guidance,cabin"
seat_and_cabin_location,boarding,Turkish,English,Koltuk planını bana gösterebilir misiniz?,Can you show me the seat map?,passenger,passenger,A1,polite,"seat_map,request"
seat_and_cabin_location,boarding,Turkish,English,Benim yerim kabinin arka kısmında.,My seat is at the back of the cabin.,passenger,passenger,A2,neutral,"back,cabin,seat"
seat_and_cabin_location,boarding,Turkish,English,Ön bölümde boş yer varsa haber verir misiniz?,"If there is an empty seat in the front, please let me know.",passenger,passenger,B1,polite,"front,seat,availability"
seat_and_cabin_location,boarding,Turkish,English,Koltuğunuzu bulamadıysanız yardımcı olurum.,"If you could not find your seat, I can help.",cabin_crew,passenger,A2,reassuring,"help,seat,crew"
seat_and_cabin_location,boarding,Turkish,English,"Sizin yeriniz pencere kenarında, 31A.","Your seat is by the window, 31A.",cabin_crew,passenger,A1,neutral,"window,seat,crew"
seat_and_cabin_location,boarding,Turkish,English,"Sizin yeriniz koridor kenarında, 31C.","Your seat is by the aisle, 31C.",cabin_crew,passenger,A1,neutral,"aisle,seat,crew"
seat_and_cabin_location,boarding,Turkish,English,Koltuklar arasında geçiş yapabilir miyiz?,Can we switch between seats?,passenger,passenger,A2,neutral,"seat,switch,request"
seat_and_cabin_location,boarding,Turkish,English,Bu sırada iki boş koltuk var mı?,Are there two empty seats in this row?,passenger,passenger,A2,neutral,"row,empty,seat"
seat_and_cabin_location,boarding,Turkish,English,İki koltuğun arasındasınız.,You are between two seats.,cabin_crew,passenger,A2,neutral,"seat,location,crew"
seat_and_cabin_location,boarding,Turkish,English,Sıranızın sonundasınız.,You are at the end of the row.,cabin_crew,passenger,A1,neutral,"row,location,crew"
seat_and_cabin_location,boarding,Turkish,English,Sıranızın başındasınız.,You are at the start of the row.,cabin_crew,passenger,A1,neutral,"row,location,crew"
seat_and_cabin_location,boarding,Turkish,English,Benim için pencere koltuğu daha rahat.,A window seat is more comfortable for me.,passenger,passenger,A2,neutral,"window,comfort,seat"
seat_and_cabin_location,boarding,Turkish,English,Burası sizin rezervasyonunuzda görünüyor.,This appears on your reservation.,cabin_crew,passenger,A2,formal,"reservation,seat,crew"
seat_and_cabin_location,boarding,Turkish,English,"Yerimiz üst üste değil, yan yana.","Our seats are next to each other, not one behind the other.",passenger,passenger,B1,neutral,"seat,together,clarification"
seat_and_cabin_location,boarding,Turkish,English,Kabin içinde doğru sırayı takip edin.,Please follow the correct row in the cabin.,cabin_crew,passenger,A2,formal,"cabin,row,instruction"
seat_and_cabin_location,boarding,Turkish,English,Bir koltuk boşaldıysa hemen haber verin.,"If a seat becomes free, let me know right away.",passenger,passenger,A2,polite,"seat,free,request"
seat_and_cabin_location,boarding,Turkish,English,Yer değiştirmek için izin verebilir miyim?,Can I have permission to change seats?,passenger,passenger,B1,polite,"seat,permission,change"
seat_and_cabin_location,boarding,Turkish,English,Bu uçuşta oturduğunuz yer burada.,This is where you are seated on this flight.,cabin_crew,passenger,A2,neutral,"seat,flight,crew"
seat_and_cabin_location,boarding,Turkish,English,Koltuk planı değişmiş olabilir.,The seat layout may have changed.,cabin_crew,passenger,B1,neutral,"seat,layout,change"
seat_and_cabin_location,boarding,Turkish,English,Sizi doğru sıraya götüreyim.,Let me take you to the correct row.,cabin_crew,passenger,A2,reassuring,"row,guidance,crew"
toilet_and_lavatory,passenger_request,English,Turkish,"Excuse me, where is the lavatory?","Affedersiniz, tuvalet nerede?",passenger,cabin_crew,A1,polite,"lavatory,location,question"
toilet_and_lavatory,passenger_request,English,Turkish,Could you tell me where the toilet is?,Tuvaletin nerede olduğunu söyleyebilir misiniz?,passenger,cabin_crew,A1,polite,"toilet,location,question"
toilet_and_lavatory,passenger_request,English,Turkish,Is the lavatory available now?,Tuvalet şu anda boş mu?,passenger,cabin_crew,A2,polite,"lavatory,availability,question"
toilet_and_lavatory,passenger_request,English,Turkish,The restroom is at the back of the cabin.,Tuvalet kabinin arka tarafında.,cabin_crew,passenger,A1,neutral,"restroom,location,information"
toilet_and_lavatory,passenger_request,English,Turkish,Please use the lavatory in the rear.,Lütfen arka taraftaki tuvaleti kullanın.,cabin_crew,passenger,A1,polite,"instruction,rear,lavatory"
toilet_and_lavatory,passenger_request,English,Turkish,The lavatory is occupied right now.,Tuvalet şu anda dolu.,cabin_crew,passenger,A1,neutral,"occupied,lavatory,information"
toilet_and_lavatory,passenger_request,English,Turkish,Please wait a moment.,Lütfen biraz bekleyin.,cabin_crew,passenger,A1,polite,"waiting,instruction"
toilet_and_lavatory,passenger_request,English,Turkish,Do you have a toilet on this plane?,Bu uçakta tuvalet var mı?,passenger,cabin_crew,A1,polite,"plane,toilet,question"
toilet_and_lavatory,passenger_request,English,Turkish,"Yes, there is one near the back.","Evet, arka tarafta bir tane var.",cabin_crew,passenger,A1,neutral,"answer,location"
toilet_and_lavatory,passenger_request,English,Turkish,May I go to the lavatory now?,Şimdi tuvalete gidebilir miyim?,passenger,cabin_crew,A1,polite,"permission,lavatory,question"
toilet_and_lavatory,passenger_request,English,Turkish,Please return to your seat after using the toilet.,Tuvaleti kullandıktan sonra lütfen koltuğunuza dönün.,cabin_crew,passenger,A2,polite,"instruction,seat,lavatory"
toilet_and_lavatory,passenger_request,English,Turkish,The toilet light is not working.,Tuvalet ışığı çalışmıyor.,passenger,cabin_crew,A2,neutral,"maintenance,light,issue"
toilet_and_lavatory,passenger_request,English,Turkish,"Could you check the lavatory, please?","Tuvaleti kontrol eder misiniz, lütfen?",passenger,cabin_crew,A2,polite,"check,lavatory,request"
toilet_and_lavatory,passenger_request,English,Turkish,The lavatory needs cleaning.,Tuvaletin temizlenmesi gerekiyor.,cabin_crew,passenger,A2,neutral,"cleaning,lavatory"
toilet_and_lavatory,passenger_request,English,Turkish,Please keep the door closed.,Lütfen kapıyı kapalı tutun.,cabin_crew,passenger,A1,polite,"door,instruction"
toilet_and_lavatory,passenger_request,English,Turkish,The lavatory is locked.,Tuvalet kilitli.,cabin_crew,passenger,A1,neutral,"locked,lavatory"
toilet_and_lavatory,passenger_request,English,Turkish,Can I use the restroom before takeoff?,Kalkıştan önce tuvaleti kullanabilir miyim?,passenger,cabin_crew,A2,polite,"before_takeoff,restroom,permission"
toilet_and_lavatory,passenger_request,English,Turkish,We are about to take off.,Kalkış yapıyoruz.,cabin_crew,passenger,A1,neutral,"takeoff,announcement"
toilet_and_lavatory,passenger_request,English,Turkish,Please remain seated until the seat belt sign is off.,Emniyet kemeri ışığı sönene kadar lütfen oturur kalın.,cabin_crew,passenger,A2,formal,"safety,seat_belt,instruction"
toilet_and_lavatory,passenger_request,English,Turkish,The toilet is at the front of the cabin.,Tuvalet kabinin ön tarafında.,cabin_crew,passenger,A1,neutral,"front,location"
toilet_and_lavatory,passenger_request,English,Turkish,I need the toilet urgently.,Acilen tuvalete ihtiyacım var.,passenger,cabin_crew,A1,urgent,"urgent,need,lavatory"
toilet_and_lavatory,passenger_request,English,Turkish,Please follow me to the lavatory.,Lütfen beni tuvalete kadar takip edin.,cabin_crew,passenger,A2,polite,"follow,lavatory,instruction"
toilet_and_lavatory,passenger_request,English,Turkish,The lavatory is just past row 20.,Tuvalet 20. sırayı geçince.,cabin_crew,passenger,A2,neutral,"row,location"
toilet_and_lavatory,passenger_request,English,Turkish,Where is the nearest lavatory?,En yakın tuvalet nerede?,passenger,cabin_crew,A1,polite,"nearest,location"
toilet_and_lavatory,passenger_request,English,Turkish,The nearest lavatory is behind you.,En yakın tuvalet arkanızda.,cabin_crew,passenger,A1,neutral,"nearest,direction"
toilet_and_lavatory,passenger_request,English,Turkish,"Excuse me, I think there is a line for the toilet.","Affedersiniz, sanırım tuvalet için sıra var.",passenger,cabin_crew,A2,polite,"queue,lavatory"
toilet_and_lavatory,passenger_request,English,Turkish,"Yes, please wait your turn.","Evet, lütfen sıranızı bekleyin.",cabin_crew,passenger,A1,polite,"queue,instruction"
toilet_and_lavatory,passenger_request,English,Turkish,The lavatory door will open with a pull.,Tuvalet kapısı çekerek açılır.,cabin_crew,passenger,A2,neutral,"door,instruction"
toilet_and_lavatory,passenger_request,English,Turkish,Please do not smoke in the lavatory.,Lütfen tuvalette sigara içmeyin.,cabin_crew,passenger,A1,formal,"no_smoking,lavatory,safety"
toilet_and_lavatory,passenger_request,English,Turkish,The smoke alarm will go off.,Duman alarmı çalar.,cabin_crew,passenger,A2,urgent,"smoke_alarm,warning"
toilet_and_lavatory,passenger_request,English,Turkish,My child needs the toilet.,Çocuğumun tuvalete ihtiyacı var.,passenger,cabin_crew,A1,polite,"child,need,lavatory"
toilet_and_lavatory,passenger_request,English,Turkish,The child lavatory is not separate on this flight.,Bu uçuşta çocuklar için ayrı tuvalet yok.,cabin_crew,passenger,A2,neutral,"child,facility,information"
toilet_and_lavatory,passenger_request,English,Turkish,Do you need help with the lavatory door?,Tuvalet kapısı için yardıma ihtiyacınız var mı?,cabin_crew,passenger,A2,polite,"help,door,accessibility"
toilet_and_lavatory,passenger_request,English,Turkish,"Yes, please help me.","Evet, lütfen bana yardım edin.",passenger,cabin_crew,A1,polite,"help,request"
toilet_and_lavatory,passenger_request,English,Turkish,The lavatory is too small.,Tuvalet çok küçük.,passenger,cabin_crew,A1,neutral,"space,lavatory"
toilet_and_lavatory,passenger_request,English,Turkish,Please be careful on the wet floor.,Lütfen ıslak zeminde dikkatli olun.,cabin_crew,passenger,A2,formal,"wet_floor,safety"
toilet_and_lavatory,passenger_request,English,Turkish,The lavatory has no water.,Tuvalette su yok.,passenger,cabin_crew,A1,neutral,"water,issue"
toilet_and_lavatory,passenger_request,English,Turkish,We will fix the problem soon.,Sorunu yakında çözeceğiz.,cabin_crew,passenger,A2,reassuring,"fix,reassurance"
toilet_and_lavatory,passenger_request,English,Turkish,Can I get some tissue for the toilet?,Tuvalet için biraz peçete alabilir miyim?,passenger,cabin_crew,A2,polite,"tissue,request"
toilet_and_lavatory,passenger_request,English,Turkish,I will bring you some tissues.,Size biraz peçete getireceğim.,cabin_crew,passenger,A2,reassuring,"tissues,help"
toilet_and_lavatory,passenger_request,English,Turkish,The toilet flush is not working.,Tuvalet sifonu çalışmıyor.,passenger,cabin_crew,A2,neutral,"flush,maintenance"
toilet_and_lavatory,passenger_request,English,Turkish,Please do not throw paper into the toilet.,Lütfen kağıdı tuvalete atmayın.,cabin_crew,passenger,A2,formal,"paper,instruction"
toilet_and_lavatory,passenger_request,English,Turkish,The lavatory is for passengers only.,Tuvalet sadece yolcular içindir.,cabin_crew,passenger,A2,formal,"passengers_only,policy"
toilet_and_lavatory,passenger_request,English,Turkish,Is there a lavatory for disabled passengers?,Engelli yolcular için tuvalet var mı?,passenger,cabin_crew,A2,polite,"accessibility,lavatory,question"
toilet_and_lavatory,passenger_request,English,Turkish,"Yes, we can assist you with that.","Evet, bu konuda size yardımcı olabiliriz.",cabin_crew,passenger,A2,reassuring,"assistance,accessibility"
toilet_and_lavatory,passenger_request,English,Turkish,The accessible lavatory is in the rear section.,Erişilebilir tuvalet arka bölümde.,cabin_crew,passenger,A2,neutral,"accessible,location"
toilet_and_lavatory,passenger_request,English,Turkish,I need to change my baby's diaper.,Bebeğimin bezini değiştirmem gerekiyor.,passenger,cabin_crew,A2,polite,"baby,diaper,request"
toilet_and_lavatory,passenger_request,English,Turkish,The changing table is in the lavatory.,Alt değiştirme masası tuvalette.,cabin_crew,passenger,A2,neutral,"changing_table,baby"
toilet_and_lavatory,passenger_request,English,Turkish,Could you open the lavatory door for me?,Tuvalet kapısını benim için açar mısınız?,passenger,cabin_crew,A2,polite,"open_door,request"
toilet_and_lavatory,passenger_request,English,Turkish,"I am sorry, the lavatory is out of order.","Üzgünüm, tuvalet arızalı.",cabin_crew,passenger,A2,formal,"out_of_order,apology"
toilet_and_lavatory,passenger_request,English,Turkish,Please use the other lavatory.,Lütfen diğer tuvaleti kullanın.,cabin_crew,passenger,A1,polite,"alternative,instruction"
toilet_and_lavatory,passenger_request,English,Turkish,The other lavatory is free.,Diğer tuvalet boş.,cabin_crew,passenger,A1,neutral,"available,lavatory"
toilet_and_lavatory,passenger_request,English,Turkish,I feel sick and need the toilet.,Kendimi kötü hissediyorum ve tuvalete ihtiyacım var.,passenger,cabin_crew,A2,urgent,"sick,need,lavatory"
toilet_and_lavatory,passenger_request,English,Turkish,Please call for medical assistance.,Lütfen sağlık yardımı çağırın.,cabin_crew,passenger,A2,urgent,"medical,assistance"
toilet_and_lavatory,passenger_request,English,Turkish,There is a toilet sign above the aisle.,Koridorun üstünde tuvalet işareti var.,cabin_crew,passenger,A2,neutral,"sign,direction"
toilet_and_lavatory,passenger_request,English,Turkish,Do not block the lavatory entrance.,Tuvalet girişini kapatmayın.,cabin_crew,passenger,A2,formal,"entrance,instruction"
toilet_and_lavatory,passenger_request,English,Turkish,"Could I go now, or should I wait?","Şimdi gidebilir miyim, yoksa beklemeli miyim?",passenger,cabin_crew,A2,polite,"permission,wait"
toilet_and_lavatory,passenger_request,English,Turkish,You may go now.,Şimdi gidebilirsiniz.,cabin_crew,passenger,A1,polite,permission
toilet_and_lavatory,passenger_request,English,Turkish,Please wash your hands after using the toilet.,Tuvaleti kullandıktan sonra lütfen ellerinizi yıkayın.,cabin_crew,passenger,A2,formal,"hygiene,instruction"
toilet_and_lavatory,passenger_request,English,Turkish,The sink in the lavatory is clogged.,Tuvaletteki lavabo tıkalı.,passenger,cabin_crew,A2,neutral,"sink,clogged,issue"
toilet_and_lavatory,passenger_request,English,Turkish,We will send someone to check it.,Bunu kontrol etmek için birini göndereceğiz.,cabin_crew,passenger,A2,reassuring,"check,support"
toilet_and_lavatory,passenger_request,English,Turkish,My seat is near the toilet.,Koltuğum tuvalete yakın.,passenger,cabin_crew,A1,neutral,"seat,location"
toilet_and_lavatory,passenger_request,English,Turkish,I am sorry for the inconvenience.,Rahatsızlık için üzgünüm.,cabin_crew,passenger,A2,formal,"apology,inconvenience"
toilet_and_lavatory,passenger_request,English,Turkish,The toilet is open now.,Tuvalet şimdi açık.,cabin_crew,passenger,A1,neutral,"open,lavatory"
toilet_and_lavatory,passenger_request,English,Turkish,I cannot hold it anymore.,Artık tutamıyorum.,passenger,cabin_crew,A2,urgent,"urgent,lavatory"
toilet_and_lavatory,passenger_request,English,Turkish,"Please hurry, it is urgent.","Lütfen çabuk olun, acil.",passenger,cabin_crew,A2,urgent,"urgent,hurry"
toilet_and_lavatory,passenger_request,English,Turkish,"Take your time, but please stay seated until you are ready.","Acele etmeyin, ama hazır olana kadar lütfen oturur kalın.",cabin_crew,passenger,A2,reassuring,"stay_seated,reassurance"
toilet_and_lavatory,passenger_request,English,Turkish,The lavatory is on your left.,Tuvalet sol tarafınızda.,cabin_crew,passenger,A1,neutral,"left,direction"
toilet_and_lavatory,passenger_request,English,Turkish,The lavatory is on your right.,Tuvalet sağ tarafınızda.,cabin_crew,passenger,A1,neutral,"right,direction"
toilet_and_lavatory,passenger_request,English,Turkish,May I leave my seat to use the restroom?,Tuvaleti kullanmak için koltuğumdan kalkabilir miyim?,passenger,cabin_crew,A2,polite,"leave_seat,restroom,permission"
toilet_and_lavatory,passenger_request,English,Turkish,"Yes, but please be careful.","Evet, ama lütfen dikkatli olun.",cabin_crew,passenger,A1,polite,"permission,careful"
toilet_and_lavatory,passenger_request,English,Turkish,The lavatory is not for storage.,Tuvalet eşya koymak için değildir.,cabin_crew,passenger,A2,formal,"storage,policy"
toilet_and_lavatory,passenger_request,English,Turkish,My bag is blocking the toilet door.,Çantam tuvalet kapısını kapatıyor.,passenger,cabin_crew,A2,neutral,"bag,door,issue"
toilet_and_lavatory,passenger_request,English,Turkish,"Please move your bag, thank you.","Lütfen çantanızı çekin, teşekkürler.",cabin_crew,passenger,A2,polite,"bag,instruction"
toilet_and_lavatory,passenger_request,English,Turkish,The toilet paper is finished.,Tuvalet kağıdı bitmiş.,passenger,cabin_crew,A1,neutral,"toilet_paper,issue"
toilet_and_lavatory,passenger_request,English,Turkish,I will bring more toilet paper.,Daha fazla tuvalet kağıdı getireceğim.,cabin_crew,passenger,A2,reassuring,"supplies,help"
toilet_and_lavatory,passenger_request,English,Turkish,Is the lavatory clean?,Tuvalet temiz mi?,passenger,cabin_crew,A1,polite,"clean,question"
toilet_and_lavatory,passenger_request,English,Turkish,"Yes, it was cleaned recently.","Evet, yakın zamanda temizlendi.",cabin_crew,passenger,A2,neutral,"clean,information"
toilet_and_lavatory,passenger_request,English,Turkish,Please lock the door when you enter.,İçeri girince lütfen kapıyı kilitleyin.,cabin_crew,passenger,A2,formal,"lock,instruction"
toilet_and_lavatory,passenger_request,English,Turkish,The lock is broken.,Kilit bozuk.,passenger,cabin_crew,A1,neutral,"lock,broken"
toilet_and_lavatory,passenger_request,English,Turkish,Please use the lavatory one person at a time.,Lütfen tuvaleti birer kişi kullanın.,cabin_crew,passenger,A2,formal,"one_at_a_time,queue"
toilet_and_lavatory,passenger_request,English,Turkish,I need to freshen up.,Kendimi biraz toparlamam gerekiyor.,passenger,cabin_crew,A2,neutral,"freshen_up,lavatory"
toilet_and_lavatory,passenger_request,English,Turkish,The washing area is in the lavatory.,Lavabolar tuvaletin içinde.,cabin_crew,passenger,A2,neutral,"washing_area,lavatory"
toilet_and_lavatory,passenger_request,English,Turkish,Can I use the bathroom after meal service?,Yemek servisi bittikten sonra banyoyu kullanabilir miyim?,passenger,cabin_crew,A2,polite,"meal_service,bathroom,permission"
toilet_and_lavatory,passenger_request,English,Turkish,"Yes, after the service ends.","Evet, servis bittikten sonra.",cabin_crew,passenger,A1,neutral,"permission,service"
toilet_and_lavatory,passenger_request,English,Turkish,The lavatory is being used.,Tuvalet kullanılıyor.,cabin_crew,passenger,A1,neutral,"in_use,lavatory"
toilet_and_lavatory,passenger_request,English,Turkish,Please wait outside the lavatory.,Lütfen tuvaletin dışında bekleyin.,cabin_crew,passenger,A2,formal,"wait_outside,instruction"
toilet_and_lavatory,passenger_request,English,Turkish,I am in a wheelchair and need the accessible toilet.,Tekerlekli sandalyedeyim ve erişilebilir tuvalete ihtiyacım var.,passenger,cabin_crew,B1,polite,"wheelchair,accessible,request"
toilet_and_lavatory,passenger_request,English,Turkish,"Of course, I will help you.","Tabii, size yardım edeceğim.",cabin_crew,passenger,A1,reassuring,"accessibility,help"
toilet_and_lavatory,passenger_request,English,Turkish,The accessible lavatory door is wider.,Erişilebilir tuvaletin kapısı daha geniş.,cabin_crew,passenger,A2,neutral,"accessible,door,information"
toilet_and_lavatory,passenger_request,English,Turkish,My pet is in the carrier. Can I go to the lavatory?,Evcil hayvanım taşıma çantasında. Tuvalete gidebilir miyim?,passenger,cabin_crew,B1,polite,"pet,carrier,permission"
toilet_and_lavatory,passenger_request,English,Turkish,The toilet is not working in business class.,Business class'taki tuvalet çalışmıyor.,passenger,cabin_crew,B1,neutral,"business_class,maintenance"
toilet_and_lavatory,passenger_request,English,Turkish,Please use the economy lavatory for now.,Şimdilik ekonomi bölümündeki tuvaleti kullanın.,cabin_crew,passenger,A2,polite,"economy,alternative"
toilet_and_lavatory,passenger_request,English,Turkish,There is a restroom sign at the end of the aisle.,Koridorun sonunda tuvalet işareti var.,cabin_crew,passenger,A2,neutral,"sign,aisle"
toilet_and_lavatory,passenger_request,English,Turkish,I think someone is in the lavatory too long.,Sanırım biri tuvalette çok uzun kaldı.,passenger,cabin_crew,B1,neutral,"long_wait,lavatory"
toilet_and_lavatory,passenger_request,English,Turkish,I will check on it.,Bunu kontrol edeceğim.,cabin_crew,passenger,A2,reassuring,"check,assistance"
toilet_and_lavatory,passenger asking location,Turkish,English,Tuvalet nerede?,Where is the lavatory?,passenger,cabin_crew,A1,neutral,"toilet,location,basic"
toilet_and_lavatory,passenger asking location,Turkish,English,Lavaboyu nerede bulabilirim?,Where can I find the lavatory?,passenger,cabin_crew,A1,polite,"toilet,location,basic"
toilet_and_lavatory,crew directing passenger,Turkish,English,Tuvalet uçağın arka kısmında.,The lavatory is at the back of the plane.,cabin_crew,passenger,A1,neutral,"toilet,location,crew"
toilet_and_lavatory,crew directing passenger,Turkish,English,Tuvalet şu tarafta.,The lavatory is this way.,cabin_crew,passenger,A1,neutral,"toilet,direction,crew"
toilet_and_lavatory,passenger asking permission,Turkish,English,Tuvalete gidebilir miyim?,May I go to the lavatory?,passenger,cabin_crew,A1,polite,"toilet,permission,basic"
toilet_and_lavatory,crew giving permission,Turkish,English,"Tabii, gidebilirsiniz.","Of course, you may go.",cabin_crew,passenger,A1,polite,"permission,crew,toilet"
toilet_and_lavatory,passenger asking to pass,Turkish,English,"Özür dilerim, geçebilir miyim?","Excuse me, may I pass?",passenger,passenger,A1,polite,"movement,toilet,basic"
toilet_and_lavatory,seat row access,Turkish,English,Yanımdan geçebilirsiniz.,You may pass by me.,passenger,passenger,A1,polite,"movement,toilet"
toilet_and_lavatory,queue at lavatory,Turkish,English,Tuvalet için sıra var mı?,Is there a line for the lavatory?,passenger,passenger,A1,neutral,"queue,toilet"
toilet_and_lavatory,crew managing queue,Turkish,English,Lütfen sıraya girin.,Please form a line.,cabin_crew,passenger,A1,polite,"queue,crew,toilet"
toilet_and_lavatory,lavatory occupied,Turkish,English,Tuvalet dolu mu?,Is the lavatory occupied?,passenger,cabin_crew,A1,neutral,"occupied,toilet"
toilet_and_lavatory,crew answering occupied,Turkish,English,"Evet, şu anda kullanılıyor.","Yes, it is being used right now.",cabin_crew,passenger,A1,neutral,"occupied,crew"
toilet_and_lavatory,waiting request,Turkish,English,Biraz bekleyebilir misiniz?,Could you wait a moment?,cabin_crew,passenger,A1,polite,"waiting,toilet"
toilet_and_lavatory,dirty lavatory complaint,Turkish,English,Tuvalet çok kirli.,The lavatory is very dirty.,passenger,cabin_crew,A1,neutral,"cleanliness,toilet"
toilet_and_lavatory,crew apologizing,Turkish,English,"Özür dileriz, hemen kontrol edeceğiz.",We are sorry. We will check it right away.,cabin_crew,passenger,A1,reassuring,"cleanliness,crew"
toilet_and_lavatory,toilet paper request,Turkish,English,Tuvalet kağıdı var mı?,Do you have toilet paper?,passenger,cabin_crew,A1,neutral,"toilet_paper,request"
toilet_and_lavatory,crew offering tissue,Turkish,English,Size peçete getirebilirim.,I can bring you some tissues.,cabin_crew,passenger,A1,polite,"tissue,help"
toilet_and_lavatory,soap request,Turkish,English,Sabun var mı?,Is there soap?,passenger,cabin_crew,A1,neutral,"soap,hygiene"
toilet_and_lavatory,crew response on soap,Turkish,English,"Evet, lavaboda sabun var.","Yes, there is soap at the sink.",cabin_crew,passenger,A1,neutral,"soap,lavatory"
toilet_and_lavatory,water request,Turkish,English,Su akıyor mu?,Does the water run?,passenger,cabin_crew,A1,neutral,"water,hygiene"
toilet_and_lavatory,crew confirming water,Turkish,English,"Evet, su var.","Yes, there is water.",cabin_crew,passenger,A1,neutral,"water,crew"
toilet_and_lavatory,flush not working,Turkish,English,Tuvalet sifonu çalışmıyor.,The toilet flush is not working.,passenger,cabin_crew,A1,urgent,"flush,problem"
toilet_and_lavatory,crew reacting to problem,Turkish,English,Hemen bakacağız.,We will check it right away.,cabin_crew,passenger,A1,reassuring,"problem,crew"
toilet_and_lavatory,toilet locked,Turkish,English,Kapı kilitli.,The door is locked.,passenger,cabin_crew,A1,neutral,"door,toilet"
toilet_and_lavatory,crew opening an issue,Turkish,English,Bir dakika lütfen.,"One moment, please.",cabin_crew,passenger,A1,polite,"delay,toilet"
toilet_and_lavatory,hand sanitizer request,Turkish,English,El dezenfektanı var mı?,Do you have hand sanitizer?,passenger,cabin_crew,A1,neutral,"hygiene,sanitizer"
toilet_and_lavatory,crew offering sanitizer,Turkish,English,"Evet, burada dezenfektan var.","Yes, there is sanitizer here.",cabin_crew,passenger,A1,neutral,"hygiene,crew"
toilet_and_lavatory,sink issue,Turkish,English,Lavaboda su yok.,There is no water at the sink.,passenger,cabin_crew,A1,neutral,"sink,problem"
toilet_and_lavatory,crew investigating,Turkish,English,"Teşekkür ederiz, kontrol edeceğiz.","Thank you, we will check it.",cabin_crew,passenger,A1,polite,"sink,crew"
toilet_and_lavatory,call button in lavatory,Turkish,English,Bana yardım eder misiniz?,Could you help me?,passenger,cabin_crew,A1,polite,"help,toilet"
toilet_and_lavatory,crew responding help,Turkish,English,"Elbette, hemen geliyorum.","Of course, I am coming right away.",cabin_crew,passenger,A1,reassuring,"help,crew"
toilet_and_lavatory,child needs toilet,Turkish,English,Çocuğum tuvalete gitmek istiyor.,My child needs to use the lavatory.,passenger,cabin_crew,A1,polite,"child,toilet"
toilet_and_lavatory,crew helping child,Turkish,English,"Tabii, yardımcı olalım.","Of course, let us help.",cabin_crew,passenger,A1,reassuring,"child,help"
toilet_and_lavatory,baby changing request,Turkish,English,Bebek bakım masası var mı?,Is there a changing table?,passenger,cabin_crew,A1,neutral,"baby,changing_table"
toilet_and_lavatory,crew response on changing table,Turkish,English,"Evet, arka tuvalette var.","Yes, there is one in the rear lavatory.",cabin_crew,passenger,A1,neutral,"baby,toilet"
toilet_and_lavatory,wheelchair accessibility,Turkish,English,Engelli tuvaleti var mı?,Is there an accessible lavatory?,passenger,cabin_crew,A1,neutral,"accessible,toilet"
toilet_and_lavatory,crew answering accessibility,Turkish,English,"Evet, ön tarafta daha geniş bir tuvalet var.","Yes, there is a larger lavatory at the front.",cabin_crew,passenger,A2,reassuring,"accessible,crew"
toilet_and_lavatory,assistance request,Turkish,English,Tuvalete gitmek için yardıma ihtiyacım var.,I need help getting to the lavatory.,passenger,cabin_crew,A2,polite,"assistance,toilet"
toilet_and_lavatory,soap finished,Turkish,English,Sabun bitmiş.,The soap has run out.,passenger,cabin_crew,A2,neutral,"soap,problem"
toilet_and_lavatory,crew apologizing for supplies,Turkish,English,"Özür dileriz, yenisini koyacağız.","Sorry, we will replace it.",cabin_crew,passenger,A2,polite,"soap,crew"
toilet_and_lavatory,odor complaint,Turkish,English,Tuvalette kötü koku var.,There is a bad smell in the lavatory.,passenger,cabin_crew,A2,neutral,"smell,problem"
toilet_and_lavatory,crew reassuring,Turkish,English,Bunu hemen kontrol edeceğiz.,We will check that right away.,cabin_crew,passenger,A2,reassuring,"smell,crew"
toilet_and_lavatory,seat belt before toilet,Turkish,English,Emniyet kemeri işareti sönünce gidebilirsiniz.,You may go when the seat belt sign is off.,cabin_crew,passenger,A2,neutral,"seatbelt,toilet"
toilet_and_lavatory,passenger waiting for sign,Turkish,English,İşaret sönene kadar bekleyeceğim.,I will wait until the sign goes off.,passenger,cabin_crew,A2,polite,"seatbelt,waiting"
toilet_and_lavatory,turbulence restriction,Turkish,English,Şu anda tuvaleti kullanmayın lütfen.,Please do not use the lavatory right now.,cabin_crew,passenger,A2,urgent,"turbulence,toilet"
toilet_and_lavatory,passenger obeying restriction,Turkish,English,"Tamam, beklerim.","Okay, I will wait.",passenger,cabin_crew,A1,polite,"turbulence,waiting"
toilet_and_lavatory,lavatory sign confusion,Turkish,English,Bu ışık ne anlama geliyor?,What does this light mean?,passenger,cabin_crew,A2,neutral,"sign,toilet"
toilet_and_lavatory,crew explaining sign,Turkish,English,"Bu, tuvaletin dolu olduğunu gösterir.",It means the lavatory is occupied.,cabin_crew,passenger,A2,neutral,"sign,occupied"
toilet_and_lavatory,toilet out of order,Turkish,English,Bu tuvalet arızalı mı?,Is this lavatory out of order?,passenger,cabin_crew,A2,neutral,"out_of_order,toilet"
toilet_and_lavatory,crew confirming out of order,Turkish,English,"Evet, şu anda kullanılmıyor.","Yes, it is not in service right now.",cabin_crew,passenger,A2,neutral,"out_of_order,crew"
toilet_and_lavatory,another lavatory available,Turkish,English,Diğer tuvaleti kullanabilirsiniz.,You can use the other lavatory.,cabin_crew,passenger,A2,reassuring,"alternative,toilet"
toilet_and_lavatory,nearby passenger request,Turkish,English,Tuvalete yakın oturmak istiyorum.,I would like to sit near the lavatory.,passenger,cabin_crew,A2,polite,"seat,toilet"
toilet_and_lavatory,crew seat suggestion,Turkish,English,Müsaitse sizi oraya alabilirim.,"If available, I can move you there.",cabin_crew,passenger,A2,polite,"seat,crew"
toilet_and_lavatory,germs concern,Turkish,English,Ellerinizi yıkayabilir misiniz?,Could you wash your hands?,cabin_crew,passenger,A2,polite,"hygiene,crew"
toilet_and_lavatory,hand washing confirmation,Turkish,English,"Evet, ellerimi yıkadım.","Yes, I washed my hands.",passenger,cabin_crew,A1,neutral,"hygiene,response"
toilet_and_lavatory,vomit in lavatory,Turkish,English,Tuvalette kusma oldu.,Someone vomited in the lavatory.,passenger,cabin_crew,B1,urgent,"vomit,cleaning"
toilet_and_lavatory,crew responding to cleaning issue,Turkish,English,Temizlik ekibini bilgilendireceğim.,I will inform the cleaning staff.,cabin_crew,passenger,B1,formal,"cleaning,crew"
toilet_and_lavatory,need privacy,Turkish,English,Biraz gizlilik istiyorum.,I need a little privacy.,passenger,cabin_crew,A2,polite,"privacy,toilet"
toilet_and_lavatory,crew asking others to wait,Turkish,English,Lütfen biraz geri durun.,Please step back a little.,cabin_crew,passenger,A2,polite,"privacy,crew"
toilet_and_lavatory,stuck in lavatory,Turkish,English,Kapı açılmıyor.,The door will not open.,passenger,cabin_crew,A2,urgent,"door,emergency"
toilet_and_lavatory,crew urgent response,Turkish,English,"Sakin olun, size yardım edeceğiz.","Please stay calm, we will help you.",cabin_crew,passenger,A2,reassuring,"emergency,crew"
toilet_and_lavatory,smoke smell near lavatory,Turkish,English,Tuvaletten duman kokusu geliyor.,There is a smell of smoke coming from the lavatory.,passenger,cabin_crew,B1,urgent,"smoke,emergency"
toilet_and_lavatory,crew urgent action,Turkish,English,Bunu hemen kaptana bildireceğim.,I will report this to the captain immediately.,cabin_crew,passenger,B1,urgent,"smoke,crew"
toilet_and_lavatory,toilet sign request,Turkish,English,Tuvalet işareti açık mı?,Is the lavatory sign on?,passenger,cabin_crew,A2,neutral,"sign,toilet"
toilet_and_lavatory,crew answering sign,Turkish,English,"Evet, şu anda açık.","Yes, it is on right now.",cabin_crew,passenger,A2,neutral,"sign,crew"
toilet_and_lavatory,child waiting urgently,Turkish,English,Çocuğum çok sıkıştı.,My child really needs to go.,passenger,cabin_crew,A2,urgent,"child,toilet"
toilet_and_lavatory,crew compassionate response,Turkish,English,"Anlıyorum, en yakın tuvaleti göstereyim.","I understand, let me show you the nearest lavatory.",cabin_crew,passenger,A2,reassuring,"child,help"
toilet_and_lavatory,elderly passenger assistance,Turkish,English,Ayağa kalkmama yardım eder misiniz?,Could you help me stand up?,passenger,cabin_crew,A2,polite,"assistance,toilet"
toilet_and_lavatory,crew helping stand,Turkish,English,"Tabii, koluma tutunun.","Of course, hold my arm.",cabin_crew,passenger,A2,reassuring,"assistance,crew"
toilet_and_lavatory,woman request privacy,Turkish,English,Kadınlar tuvaleti var mı?,Is there a ladies' lavatory?,passenger,cabin_crew,A2,neutral,"gender,toilet"
toilet_and_lavatory,crew response on shared lavatory,Turkish,English,Bu uçakta ortak tuvalet var.,This plane has a shared lavatory.,cabin_crew,passenger,A2,neutral,"shared,toilet"
toilet_and_lavatory,asking if clean,Turkish,English,Tuvalet temiz mi?,Is the lavatory clean?,passenger,cabin_crew,A1,neutral,"cleanliness,toilet"
toilet_and_lavatory,crew reassurance,Turkish,English,"Evet, temizlendi.","Yes, it has been cleaned.",cabin_crew,passenger,A1,neutral,"cleanliness,crew"
toilet_and_lavatory,lavatory queue delay,Turkish,English,Sıra uzun mu?,Is the line long?,passenger,cabin_crew,A1,neutral,"queue,toilet"
toilet_and_lavatory,crew honest answer,Turkish,English,"Evet, biraz beklemeniz gerekebilir.","Yes, you may need to wait a little.",cabin_crew,passenger,A2,neutral,"queue,waiting"
toilet_and_lavatory,toilet door instruction,Turkish,English,Kapıyı kilitleyin lütfen.,Please lock the door.,cabin_crew,passenger,A2,polite,"door,instruction"
toilet_and_lavatory,passenger acknowledging,Turkish,English,"Tamam, kilitleyeceğim.","Okay, I will lock it.",passenger,cabin_crew,A1,neutral,"door,response"
toilet_and_lavatory,need to freshen up,Turkish,English,Yüzümü yıkayabilir miyim?,May I wash my face?,passenger,cabin_crew,A2,polite,"hygiene,toilet"
toilet_and_lavatory,crew permitting wash,Turkish,English,"Evet, tabii.","Yes, of course.",cabin_crew,passenger,A1,polite,"permission,crew"
toilet_and_lavatory,request for air freshener,Turkish,English,Koku giderici var mı?,Do you have air freshener?,passenger,cabin_crew,A2,neutral,"odor,request"
toilet_and_lavatory,crew response to odor control,Turkish,English,"Evet, kontrol edebilirim.","Yes, I can check it.",cabin_crew,passenger,A2,neutral,"odor,crew"
toilet_and_lavatory,toilet flushing sound concern,Turkish,English,Sifon sesi çok yüksek.,The flush is very loud.,passenger,cabin_crew,A2,neutral,"flush,noise"
toilet_and_lavatory,crew soft response,Turkish,English,"Normaldir, endişelenmeyin.","That is normal, do not worry.",cabin_crew,passenger,A2,reassuring,"noise,crew"
toilet_and_lavatory,urgent need before landing,Turkish,English,İnişe kadar bekleyemem.,I cannot wait until landing.,passenger,cabin_crew,B1,urgent,"landing,toilet"
toilet_and_lavatory,crew practical response,Turkish,English,Müsaitse hemen göstereyim.,"If it is available, I will show you now.",cabin_crew,passenger,B1,reassuring,"urgent,crew"
toilet_and_lavatory,toilet queue courtesy,Turkish,English,Önce siz gidebilirsiniz.,You can go first.,passenger,passenger,A1,polite,"courtesy,queue"
toilet_and_lavatory,crew asking to wait outside,Turkish,English,Lütfen dışarıda bekleyin.,Please wait outside.,cabin_crew,passenger,A1,polite,"waiting,crew"
toilet_and_lavatory,lavatory availability,Turkish,English,Şu anda tuvalet boş mu?,Is the lavatory free right now?,passenger,cabin_crew,A2,neutral,"availability,toilet"
toilet_and_lavatory,crew confirming free,Turkish,English,"Evet, şimdi boş.","Yes, it is free now.",cabin_crew,passenger,A1,neutral,"availability,crew"
toilet_and_lavatory,need to change baby,Turkish,English,Bebeğimi değiştirmem gerekiyor.,I need to change my baby.,passenger,cabin_crew,A2,polite,"baby,changing"
toilet_and_lavatory,crew guidance to baby changing area,Turkish,English,Arka taraftaki tuvaleti kullanabilirsiniz.,You can use the rear lavatory.,cabin_crew,passenger,A2,neutral,"baby,location"
toilet_and_lavatory,broken sink,Turkish,English,Lavabo bozuk gibi görünüyor.,The sink seems to be broken.,passenger,cabin_crew,B1,neutral,"sink,problem"
toilet_and_lavatory,crew acknowledging issue,Turkish,English,"Teşekkürler, bunu rapor edeceğim.","Thanks, I will report it.",cabin_crew,passenger,B1,formal,"report,crew"
toilet_and_lavatory,toilet paper shortage,Turkish,English,Kağıt yok gibi.,It looks like there is no paper.,passenger,cabin_crew,A2,neutral,"paper,problem"
toilet_and_lavatory,crew response on supplies,Turkish,English,Yedek malzemeleri getireceğim.,I will bring spare supplies.,cabin_crew,passenger,B1,reassuring,"supplies,crew"
toilet_and_lavatory,passenger apologizing for urgency,Turkish,English,"Acil, kusura bakmayın.","It is urgent, sorry.",passenger,cabin_crew,A2,urgent,"urgent,polite"
toilet_and_lavatory,crew calming passenger,Turkish,English,"Sorun değil, yardımcı oluruz.","No problem, we will help.",cabin_crew,passenger,A2,reassuring,"help,crew"
toilet_and_lavatory,child in queue,Turkish,English,Çocuğum bekleyemiyor.,My child cannot wait.,passenger,cabin_crew,B1,urgent,"child,queue"
toilet_and_lavatory,crew prioritizing child,Turkish,English,Sizi öne alabiliriz.,We can let you go first.,cabin_crew,passenger,A2,reassuring,"priority,crew"
toilet_and_lavatory,lavatory instruction sign,Turkish,English,Kapıyı açık bırakmayın.,Do not leave the door open.,cabin_crew,passenger,A2,polite,"door,instruction"
toilet_and_lavatory,passenger acknowledging instruction,Turkish,English,"Tamam, kapatacağım.","Okay, I will close it.",passenger,cabin_crew,A1,neutral,"door,response"
toilet_and_lavatory,airplane bathroom smell complaint,Turkish,English,Tuvalet kokusu rahatsız edici.,The smell from the lavatory is unpleasant.,passenger,cabin_crew,B1,neutral,"smell,complaint"
toilet_and_lavatory,crew handling complaint,Turkish,English,"Anladım, bunu hemen kontrol edeceğiz.","I understand, we will check it right away.",cabin_crew,passenger,B1,reassuring,"complaint,crew"
toilet_and_lavatory,toilet is too far,Turkish,English,Arka tuvalet çok uzak.,The rear lavatory is too far.,passenger,cabin_crew,A2,neutral,"distance,toilet"
toilet_and_lavatory,crew suggesting closer option,Turkish,English,Ön taraftakini deneyebilirsiniz.,You can try the front one.,cabin_crew,passenger,A2,neutral,"alternative,toilet"
toilet_and_lavatory,passenger asks for help walking,Turkish,English,Bana kadar eşlik eder misiniz?,Could you accompany me there?,passenger,cabin_crew,B1,polite,"accompaniment,toilet"
toilet_and_lavatory,crew agreeing to escort,Turkish,English,"Tabii, sizinle gelirim.","Of course, I will go with you.",cabin_crew,passenger,A2,reassuring,"escort,crew"
toilet_and_lavatory,request for feminine hygiene items,Turkish,English,Hijyen pedi var mı?,Do you have a sanitary pad?,passenger,cabin_crew,A2,polite,"hygiene,request"
toilet_and_lavatory,crew discreet response,Turkish,English,Bir tane getirebilirim.,I can bring you one.,cabin_crew,passenger,A2,reassuring,"hygiene,crew"
toilet_and_lavatory,toilet occupied by cleaning,Turkish,English,Temizlik yapılıyor mu?,Is it being cleaned?,passenger,cabin_crew,A2,neutral,"cleaning,toilet"
toilet_and_lavatory,crew confirming cleaning,Turkish,English,"Evet, kısa süre sonra hazır olacak.","Yes, it will be ready shortly.",cabin_crew,passenger,A2,reassuring,"cleaning,crew"
toilet_and_lavatory,toilet seat concern,Turkish,English,Klozet kapağı kapalı mı?,Is the toilet seat down?,passenger,cabin_crew,A2,neutral,"seat,toilet"
toilet_and_lavatory,crew answering seat question,Turkish,English,"Evet, kapalı.","Yes, it is down.",cabin_crew,passenger,A1,neutral,"seat,crew"
toilet_and_lavatory,toilet rush before descent,Turkish,English,İnişten önce son kez kullanmak istiyorum.,I want to use it one last time before descent.,passenger,cabin_crew,B1,polite,"descent,toilet"
toilet_and_lavatory,crew response before descent,Turkish,English,"Elbette, şimdi gidebilirsiniz.","Of course, you may go now.",cabin_crew,passenger,A2,polite,"descent,permission"
toilet_and_lavatory,toilet unavailable during service,Turkish,English,Tuvaleti şu an kullanamayız mı?,Can we not use the lavatory right now?,passenger,cabin_crew,B1,neutral,"restriction,toilet"
toilet_and_lavatory,crew explaining restriction,Turkish,English,Şu anda servis nedeniyle kapalı.,It is closed right now due to service.,cabin_crew,passenger,B1,formal,"service,toilet"
toilet_and_lavatory,passenger asks to wash hands after meal,Turkish,English,Ellerimi yıkamak istiyorum.,I want to wash my hands.,passenger,cabin_crew,A1,neutral,"hands,hygiene"
toilet_and_lavatory,crew guiding to sink,Turkish,English,Lavaboyu arka tarafta bulabilirsiniz.,You can find the sink at the back.,cabin_crew,passenger,A1,neutral,"sink,location"
toilet_and_lavatory,lavatory emergency assistance,Turkish,English,İçeride biri bayıldı.,Someone fainted inside.,passenger,cabin_crew,B1,urgent,"emergency,fainting"
toilet_and_lavatory,crew immediate action,Turkish,English,Hemen tıbbi yardım çağırıyorum.,I am calling for medical help right now.,cabin_crew,passenger,B1,urgent,"medical,emergency"
toilet_and_lavatory,passenger asking if toilet is free for child,Turkish,English,Çocuklar için uygun mu?,Is it suitable for children?,passenger,cabin_crew,A2,neutral,"child,toilet"
toilet_and_lavatory,crew answer suitable,Turkish,English,"Evet, kullanabilirsiniz.","Yes, you can use it.",cabin_crew,passenger,A1,neutral,"child,crew"
toilet_and_lavatory,flush handle confusion,Turkish,English,Bu düğmeye basılıyor mu?,Do I press this button?,passenger,cabin_crew,A2,neutral,"instruction,toilet"
toilet_and_lavatory,crew explaining button,Turkish,English,"Evet, oraya basın.","Yes, press there.",cabin_crew,passenger,A1,neutral,"instruction,crew"
toilet_and_lavatory,door jam complaint,Turkish,English,Kapı sıkışmış olabilir.,The door may be stuck.,passenger,cabin_crew,B1,neutral,"door,problem"
toilet_and_lavatory,crew responding to stuck door,Turkish,English,"Evet, bakım ekibine haber vereceğim.","Yes, I will inform maintenance.",cabin_crew,passenger,B1,formal,"maintenance,crew"
toilet_and_lavatory,passenger asks for tissue after wash,Turkish,English,Kağıt havlu var mı?,Is there a paper towel?,passenger,cabin_crew,A1,neutral,"paper_towel,hygiene"
toilet_and_lavatory,crew offers tissue again,Turkish,English,"Evet, size verebilirim.","Yes, I can give you some.",cabin_crew,passenger,A1,polite,"tissue,crew"
toilet_and_lavatory,passenger wants nearby aisle seat for lavatory,Turkish,English,Tuvalete kolay gitmek için koridor kenarı istiyorum.,I want an aisle seat for easy access to the lavatory.,passenger,cabin_crew,B1,polite,"aisle_seat,toilet"
toilet_and_lavatory,crew confirming seat request,Turkish,English,Mümkünse yardımcı olacağız.,We will help if possible.,cabin_crew,passenger,B1,reassuring,"seat,crew"
toilet_and_lavatory,airplane lavatory complaint about smell,Turkish,English,Lavabonun içi çok kötü kokuyor.,The inside of the lavatory smells very bad.,passenger,cabin_crew,B1,neutral,"smell,lavatory"
toilet_and_lavatory,crew apology and action,Turkish,English,"Bunun için özür dileriz, hemen ilgileneceğiz.",We apologize for that. We will take care of it right away.,cabin_crew,passenger,B1,formal,"apology,crew"
food_and_drink,cabin service,English,Turkish,Would you like water or juice?,"Su mu istersiniz, meyve suyu mu?",cabin_crew,passenger,A1,polite,"drink,service"
food_and_drink,cabin service,English,Turkish,"I would like some water, please.","Biraz su alabilir miyim, lütfen?",passenger,cabin_crew,A1,polite,"drink,request"
food_and_drink,cabin service,English,Turkish,Do you have coffee?,Kahveniz var mı?,passenger,cabin_crew,A1,neutral,"drink,service"
food_and_drink,cabin service,English,Turkish,I need tea without sugar.,Şekersiz çaya ihtiyacım var.,passenger,cabin_crew,A1,polite,"drink,diet"
food_and_drink,cabin service,English,Turkish,This meal is vegetarian.,Bu yemek vejetaryen.,cabin_crew,passenger,A1,neutral,"meal,diet"
food_and_drink,cabin service,English,Turkish,Can I have the vegetarian meal?,Vejetaryen yemeği alabilir miyim?,passenger,cabin_crew,A1,polite,"meal,request"
food_and_drink,cabin service,English,Turkish,The chicken meal is not available.,Tavuk yemeği mevcut değil.,cabin_crew,passenger,A1,neutral,"meal,availability"
food_and_drink,cabin service,English,Turkish,Please wait until meal service.,Lütfen yemek servisini bekleyin.,cabin_crew,passenger,A1,polite,"meal,instruction"
food_and_drink,cabin service,English,Turkish,May I have a snack?,Bir atıştırmalık alabilir miyim?,passenger,cabin_crew,A1,polite,"snack,request"
food_and_drink,cabin service,English,Turkish,We have sandwiches and fruit.,Sandviç ve meyvemiz var.,cabin_crew,passenger,A1,neutral,"food,options"
food_and_drink,cabin service,English,Turkish,I do not eat meat.,Et yemem.,passenger,cabin_crew,A1,neutral,"diet,preference"
food_and_drink,cabin service,English,Turkish,Does this contain nuts?,Bunun içinde fındık var mı?,passenger,cabin_crew,A1,urgent,"allergy,food"
food_and_drink,cabin service,English,Turkish,This meal contains nuts.,Bu yemekte fındık var.,cabin_crew,passenger,A1,neutral,"allergy,warning"
food_and_drink,cabin service,English,Turkish,I have a food allergy.,Yiyecek alerjim var.,passenger,cabin_crew,A1,urgent,"allergy,health"
food_and_drink,cabin service,English,Turkish,Please tell us if you have allergies.,Lütfen alerjiniz varsa bize söyleyin.,cabin_crew,passenger,A1,polite,"allergy,safety"
food_and_drink,cabin service,English,Turkish,I would like still water.,Düz su isterim.,passenger,cabin_crew,A1,polite,"drink,request"
food_and_drink,cabin service,English,Turkish,Do you have sparkling water?,Maden suyunuz var mı?,passenger,cabin_crew,A1,neutral,"drink,service"
food_and_drink,cabin service,English,Turkish,I would like orange juice.,Portakal suyu isterim.,passenger,cabin_crew,A1,polite,"drink,request"
food_and_drink,cabin service,English,Turkish,Here is your drink.,İçeceğiniz burada.,cabin_crew,passenger,A1,neutral,"drink,service"
food_and_drink,cabin service,English,Turkish,My drink spilled.,İçeceğim döküldü.,passenger,cabin_crew,A1,neutral,"drink,problem"
food_and_drink,cabin service,English,Turkish,Could I get another napkin?,Bir peçete daha alabilir miyim?,passenger,cabin_crew,A1,polite,"food,service"
food_and_drink,cabin service,English,Turkish,The food is hot.,Yemek sıcak.,cabin_crew,passenger,A1,neutral,"food,service"
food_and_drink,cabin service,English,Turkish,"Please be careful, it is hot.","Lütfen dikkat edin, sıcak.",cabin_crew,passenger,A1,polite,"food,warning"
food_and_drink,cabin service,English,Turkish,I cannot eat spicy food.,Acılı yemek yiyemem.,passenger,cabin_crew,A2,neutral,"diet,preference"
food_and_drink,cabin service,English,Turkish,Is the soup vegetarian?,Çorba vejetaryen mi?,passenger,cabin_crew,A2,neutral,"meal,diet"
food_and_drink,cabin service,English,Turkish,I need a gluten-free meal.,Glütensiz yemeğe ihtiyacım var.,passenger,cabin_crew,A2,urgent,"diet,health"
food_and_drink,cabin service,English,Turkish,We can offer a gluten-free option.,Glütensiz bir seçenek sunabiliriz.,cabin_crew,passenger,A2,reassuring,"diet,service"
food_and_drink,cabin service,English,Turkish,Do you have any vegetarian snacks?,Vejetaryen atıştırmalığınız var mı?,passenger,cabin_crew,A2,polite,"snack,diet"
food_and_drink,cabin service,English,Turkish,There is no sugar in this tea.,Bu çayda şeker yok.,cabin_crew,passenger,A1,neutral,"drink,diet"
food_and_drink,cabin service,English,Turkish,I would like my coffee black.,Kahvemi sade isterim.,passenger,cabin_crew,A2,polite,"drink,request"
food_and_drink,cabin service,English,Turkish,Do you want milk with your coffee?,Kahvenize süt ister misiniz?,cabin_crew,passenger,A1,polite,"drink,service"
food_and_drink,cabin service,English,Turkish,I prefer apple juice.,Elma suyu tercih ederim.,passenger,cabin_crew,A1,neutral,"drink,preference"
food_and_drink,cabin service,English,Turkish,The apple juice is cold.,Elma suyu soğuk.,cabin_crew,passenger,A1,neutral,"drink,service"
food_and_drink,cabin service,English,Turkish,Can I have some ice?,Biraz buz alabilir miyim?,passenger,cabin_crew,A1,polite,"drink,request"
food_and_drink,cabin service,English,Turkish,We do not serve alcohol on this flight.,Bu uçuşta alkol servisi yapmıyoruz.,cabin_crew,passenger,A2,formal,"drink,policy"
food_and_drink,cabin service,English,Turkish,I would like a soft drink.,Gazlı içecek isterim.,passenger,cabin_crew,A1,polite,"drink,request"
food_and_drink,cabin service,English,Turkish,Would you like something to drink?,İçecek ister misiniz?,cabin_crew,passenger,A1,polite,"drink,service"
food_and_drink,cabin service,English,Turkish,I have diabetes.,Diyabetim var.,passenger,cabin_crew,A1,urgent,"health,diet"
food_and_drink,cabin service,English,Turkish,Please avoid sugary drinks.,Lütfen şekerli içeceklerden kaçının.,cabin_crew,passenger,A2,reassuring,"health,drink"
food_and_drink,cabin service,English,Turkish,Can I pay for extra snacks?,Ek atıştırmalıklar için ödeme yapabilir miyim?,passenger,cabin_crew,A2,polite,"snack,payment"
food_and_drink,cabin service,English,Turkish,The meal tray is on your table.,Yemek tepsisi masanızda.,cabin_crew,passenger,A1,neutral,"meal,service"
food_and_drink,cabin service,English,Turkish,Can you warm this up?,Bunu ısıtabilir misiniz?,passenger,cabin_crew,A2,polite,"food,request"
food_and_drink,cabin service,English,Turkish,Your meal is ready.,Yemeğiniz hazır.,cabin_crew,passenger,A1,neutral,"meal,service"
food_and_drink,cabin service,English,Turkish,I cannot drink alcohol.,Alkol içemem.,passenger,cabin_crew,A1,neutral,"drink,health"
food_and_drink,cabin service,English,Turkish,This contains dairy.,Bunun içinde süt ürünü var.,cabin_crew,passenger,A2,neutral,"allergy,food"
food_and_drink,cabin service,English,Turkish,I need a dairy-free meal.,Süt ürünü içermeyen yemeğe ihtiyacım var.,passenger,cabin_crew,A2,urgent,"diet,health"
food_and_drink,cabin service,English,Turkish,Could you bring me some bread?,Bana biraz ekmek getirir misiniz?,passenger,cabin_crew,A2,polite,"food,request"
food_and_drink,cabin service,English,Turkish,We are serving lunch now.,Şimdi öğle yemeği servisi yapıyoruz.,cabin_crew,passenger,A1,neutral,"meal,service"
food_and_drink,cabin service,English,Turkish,I do not want onions.,Soğan istemiyorum.,passenger,cabin_crew,A1,neutral,"diet,preference"
food_and_drink,cabin service,English,Turkish,Please remove the onions.,Lütfen soğanı çıkarın.,passenger,cabin_crew,A2,polite,"food,request"
food_and_drink,cabin service,English,Turkish,The sandwich has cheese.,Sandviçte peynir var.,cabin_crew,passenger,A1,neutral,"food,service"
food_and_drink,cabin service,English,Turkish,I am allergic to cheese.,Peynire alerjim var.,passenger,cabin_crew,A1,urgent,"allergy,health"
food_and_drink,cabin service,English,Turkish,Can I see the menu?,Menüyü görebilir miyim?,passenger,cabin_crew,A1,polite,"food,request"
food_and_drink,cabin service,English,Turkish,Here is the menu.,Menü burada.,cabin_crew,passenger,A1,neutral,"food,service"
food_and_drink,cabin service,English,Turkish,I would like the fish meal.,Balık yemeğini isterim.,passenger,cabin_crew,A1,polite,"meal,request"
food_and_drink,cabin service,English,Turkish,The fish meal is sold out.,Balık yemeği tükenmiş.,cabin_crew,passenger,A2,neutral,"meal,availability"
food_and_drink,cabin service,English,Turkish,What snacks do you have?,Ne tür atıştırmalıklarınız var?,passenger,cabin_crew,A2,neutral,"snack,service"
food_and_drink,cabin service,English,Turkish,We have chips and crackers.,Cips ve krakerimiz var.,cabin_crew,passenger,A1,neutral,"snack,service"
food_and_drink,cabin service,English,Turkish,I would like a sandwich without mayonnaise.,Mayonezsiz bir sandviç isterim.,passenger,cabin_crew,A2,polite,"food,preference"
food_and_drink,cabin service,English,Turkish,This sandwich has mayonnaise.,Bu sandviçte mayonez var.,cabin_crew,passenger,A1,neutral,"food,service"
food_and_drink,cabin service,English,Turkish,I do not want any drinks.,Hiç içecek istemiyorum.,passenger,cabin_crew,A1,neutral,"drink,preference"
food_and_drink,cabin service,English,Turkish,Would you like a refill?,Yenileme ister misiniz?,cabin_crew,passenger,A2,polite,"drink,service"
food_and_drink,cabin service,English,Turkish,"Yes, please refill my cup.","Evet, lütfen bardağımı doldurun.",passenger,cabin_crew,A2,polite,"drink,request"
food_and_drink,cabin service,English,Turkish,The juice is too sweet.,Meyve suyu çok tatlı.,passenger,cabin_crew,A2,neutral,"drink,feedback"
food_and_drink,cabin service,English,Turkish,I need some food for my child.,Çocuğum için biraz yiyeceğe ihtiyacım var.,passenger,cabin_crew,A2,urgent,"child,food"
food_and_drink,cabin service,English,Turkish,We have a child meal.,Çocuk yemeğimiz var.,cabin_crew,passenger,A1,reassuring,"child,meal"
food_and_drink,cabin service,English,Turkish,Does the child meal include juice?,Çocuk yemeğinde meyve suyu var mı?,passenger,cabin_crew,A2,neutral,"child,drink"
food_and_drink,cabin service,English,Turkish,Please do not open hot drinks near children.,Lütfen sıcak içecekleri çocukların yanında açmayın.,cabin_crew,passenger,A2,polite,"child,safety"
food_and_drink,cabin service,English,Turkish,I spilled my drink.,İçeceğimi döktüm.,passenger,cabin_crew,A1,neutral,"drink,problem"
food_and_drink,cabin service,English,Turkish,Let me get you a new one.,Size yenisini getireyim.,cabin_crew,passenger,A1,reassuring,"drink,service"
food_and_drink,cabin service,English,Turkish,I need some crackers for nausea.,"Midem bulanıyor, biraz krakere ihtiyacım var.",passenger,cabin_crew,A2,urgent,"health,food"
food_and_drink,cabin service,English,Turkish,We can bring you some crackers.,Size biraz kraker getirebiliriz.,cabin_crew,passenger,A1,reassuring,"health,food"
food_and_drink,cabin service,English,Turkish,I do not feel well after eating.,Yedikten sonra kendimi iyi hissetmiyorum.,passenger,cabin_crew,A2,urgent,"health,food"
food_and_drink,cabin service,English,Turkish,Please drink some water.,Lütfen biraz su için.,cabin_crew,passenger,A1,reassuring,"health,drink"
food_and_drink,cabin service,Turkish,English,Su alabilir miyim?,Can I have some water?,passenger,cabin_crew,A1,polite,"water,drink,cabin"
food_and_drink,cabin service,Turkish,English,Bir bardak su verir misiniz?,Could you give me a glass of water?,passenger,cabin_crew,A1,polite,"water,drink,cabin"
food_and_drink,cabin service,Turkish,English,Bir çay lütfen.,"Tea, please.",passenger,cabin_crew,A1,polite,"tea,drink,cabin"
food_and_drink,cabin service,Turkish,English,Bir kahve alabilir miyim?,Can I have a coffee?,passenger,cabin_crew,A1,polite,"coffee,drink,cabin"
food_and_drink,cabin service,Turkish,English,Buzsuz su istiyorum.,I would like water without ice.,passenger,cabin_crew,A2,polite,"water,drink,preferences"
food_and_drink,cabin service,Turkish,English,Sıcak çayınız var mı?,Do you have hot tea?,passenger,cabin_crew,A2,polite,"tea,drink"
food_and_drink,cabin service,Turkish,English,Soğuk içecek isterim.,I’d like a cold drink.,passenger,cabin_crew,A1,polite,"cold drink,cabin"
food_and_drink,cabin service,Turkish,English,Portakal suyu alabilir miyim?,Can I have orange juice?,passenger,cabin_crew,A1,polite,"juice,drink"
food_and_drink,cabin service,Turkish,English,Elma suyu var mı?,Do you have apple juice?,passenger,cabin_crew,A1,polite,"juice,drink"
food_and_drink,cabin service,Turkish,English,Maden suyu isterim.,I’d like sparkling water.,passenger,cabin_crew,A2,polite,"water,drink"
food_and_drink,cabin service,Turkish,English,Gazsız su lütfen.,"Still water, please.",passenger,cabin_crew,A1,polite,"water,drink"
food_and_drink,cabin service,Turkish,English,Bir meyve suyu daha alabilir miyim?,Can I have another juice?,passenger,cabin_crew,A2,polite,"juice,drink,refill"
food_and_drink,cabin service,Turkish,English,İçecek servisi ne zaman başlıyor?,When does the drink service start?,passenger,cabin_crew,A2,polite,"service,timing,drink"
food_and_drink,cabin service,Turkish,English,Yemek menüsü var mı?,Is there a meal menu?,passenger,cabin_crew,A1,polite,"meal,menu"
food_and_drink,cabin service,Turkish,English,Bugün ne yemek var?,What is there to eat today?,passenger,cabin_crew,A1,neutral,"meal,food"
food_and_drink,cabin service,Turkish,English,Tavuklu yemek istiyorum.,I’d like the chicken meal.,passenger,cabin_crew,A1,polite,"chicken,meal"
food_and_drink,cabin service,Turkish,English,Vejetaryen yemek var mı?,Do you have a vegetarian meal?,passenger,cabin_crew,A1,polite,"vegetarian,meal"
food_and_drink,cabin service,Turkish,English,Helal yemek istiyorum.,I would like a halal meal.,passenger,cabin_crew,A2,polite,"halal,meal"
food_and_drink,cabin service,Turkish,English,Porsiyonunuz küçük mü?,Is your portion small?,passenger,cabin_crew,A2,neutral,"portion,meal"
food_and_drink,cabin service,Turkish,English,Sandviç alabilir miyim?,Can I have a sandwich?,passenger,cabin_crew,A1,polite,"sandwich,snack"
food_and_drink,cabin service,Turkish,English,Bir atıştırmalık isterim.,I’d like a snack.,passenger,cabin_crew,A1,polite,snack
food_and_drink,cabin service,Turkish,English,Kraker var mı?,Do you have crackers?,passenger,cabin_crew,A1,polite,snack
food_and_drink,cabin service,Turkish,English,Kurabiye alabilir miyim?,Can I have a cookie?,passenger,cabin_crew,A1,polite,"cookie,snack"
food_and_drink,cabin service,Turkish,English,Meyve tabağı var mı?,Do you have a fruit plate?,passenger,cabin_crew,A2,polite,"fruit,meal"
food_and_drink,cabin service,Turkish,English,Yemek çok sıcak.,The food is very hot.,passenger,cabin_crew,A1,neutral,"food,temperature"
food_and_drink,cabin service,Turkish,English,Yemek soğuk geldi.,The food arrived cold.,passenger,cabin_crew,A2,neutral,"food,temperature"
food_and_drink,cabin service,Turkish,English,Bu yemeğin içinde et var mı?,Does this meal contain meat?,passenger,cabin_crew,A2,polite,"meal,meat"
food_and_drink,cabin service,Turkish,English,Süt ürünleri tüketemiyorum.,I cannot have dairy products.,passenger,cabin_crew,B1,polite,"dairy,diet"
food_and_drink,cabin service,Turkish,English,Fındık alerjim var.,I have a nut allergy.,passenger,cabin_crew,A2,urgent,"allergy,nuts"
food_and_drink,cabin service,Turkish,English,Lütfen fındık vermeyin.,Please do not give me nuts.,passenger,cabin_crew,A2,polite,"allergy,nuts"
food_and_drink,cabin service,Turkish,English,Glütensiz yemek var mı?,Do you have a gluten-free meal?,passenger,cabin_crew,A2,polite,"gluten-free,meal"
food_and_drink,cabin service,Turkish,English,Şekersiz çay lütfen.,"Tea without sugar, please.",passenger,cabin_crew,A1,polite,"tea,sugar"
food_and_drink,cabin service,Turkish,English,Tuz verebilir misiniz?,Could you give me salt?,passenger,cabin_crew,A1,polite,condiment
food_and_drink,cabin service,Turkish,English,Karabiber alabilir miyim?,Can I have pepper?,passenger,cabin_crew,A1,polite,condiment
food_and_drink,cabin service,Turkish,English,Şeker paketi var mı?,Do you have sugar packets?,passenger,cabin_crew,A1,polite,"sugar,drink"
food_and_drink,cabin service,Turkish,English,Sadece su istiyorum.,I only want water.,passenger,cabin_crew,A1,neutral,water
food_and_drink,cabin service,Turkish,English,Şimdilik bir şey istemiyorum.,I don’t want anything for now.,passenger,cabin_crew,A1,polite,"decline,service"
food_and_drink,cabin service,Turkish,English,Bana bir menü bırakır mısınız?,Could you leave me a menu?,passenger,cabin_crew,A2,polite,menu
food_and_drink,cabin service,Turkish,English,Bunu sıcak tutabilir misiniz?,Could you keep this warm?,passenger,cabin_crew,B1,polite,"food,temperature"
food_and_drink,cabin service,Turkish,English,İçeceğim döküldü.,My drink spilled.,passenger,cabin_crew,A2,urgent,"drink,spill"
food_and_drink,cabin service,Turkish,English,Bir peçete alabilir miyim?,Can I have a napkin?,passenger,cabin_crew,A1,polite,napkin
food_and_drink,cabin service,Turkish,English,Bardağım boş.,My glass is empty.,passenger,cabin_crew,A1,neutral,"glass,refill"
food_and_drink,cabin service,Turkish,English,Biraz daha su verir misiniz?,Could you give me a little more water?,passenger,cabin_crew,A2,polite,"water,refill"
food_and_drink,cabin service,Turkish,English,Yemek dağıtımı ne kadar sürüyor?,How long does the meal service take?,passenger,cabin_crew,B1,polite,"meal service,timing"
food_and_drink,cabin service,Turkish,English,Kahvaltı veriyor musunuz?,Do you serve breakfast?,passenger,cabin_crew,A2,polite,"breakfast,meal"
food_and_drink,cabin service,Turkish,English,Sıcak yemek var mı?,Is there a hot meal?,passenger,cabin_crew,A1,polite,hot meal
food_and_drink,cabin service,Turkish,English,Taze meyve var mı?,Do you have fresh fruit?,passenger,cabin_crew,A1,polite,"fruit,snack"
food_and_drink,cabin service,Turkish,English,Bisküvi alabilir miyim?,Can I have biscuits?,passenger,cabin_crew,A1,polite,"biscuits,snack"
food_and_drink,cabin service,Turkish,English,Bir çatal istiyorum.,I’d like a fork.,passenger,cabin_crew,A1,polite,cutlery
food_and_drink,cabin service,Turkish,English,Kaşık alabilir miyim?,Can I have a spoon?,passenger,cabin_crew,A1,polite,cutlery
food_and_drink,cabin service,Turkish,English,Bıçağa ihtiyacım yok.,I don’t need a knife.,passenger,cabin_crew,A1,neutral,cutlery
food_and_drink,cabin service,Turkish,English,İçecek kartı var mı?,Do you have a drink card?,passenger,cabin_crew,A2,polite,"drink,payment"
food_and_drink,cabin service,Turkish,English,Nakit kabul ediyor musunuz?,Do you accept cash?,passenger,cabin_crew,A2,polite,"payment,food"
food_and_drink,cabin service,Turkish,English,Kredi kartıyla ödeyebilir miyim?,Can I pay by credit card?,passenger,cabin_crew,A2,polite,payment
food_and_drink,cabin service,Turkish,English,"Önce su, sonra kahve lütfen.","Water first, then coffee please.",passenger,cabin_crew,A2,polite,"water,coffee"
food_and_drink,cabin service,Turkish,English,İçeceğimi köpüksüz alabilir miyim?,Can I have my drink without foam?,passenger,cabin_crew,B1,polite,"drink,preference"
food_and_drink,cabin service,Turkish,English,Limonlu su istiyorum.,I’d like water with lemon.,passenger,cabin_crew,A1,polite,"water,lemon"
food_and_drink,cabin service,Turkish,English,Kokulu bir şey var mı?,Do you have anything with a strong smell?,passenger,cabin_crew,B1,neutral,"smell,food"
comfort_and_cabin_needs,seat comfort,English,Turkish,My seat won't recline.,Koltuğum geriye yatmıyor.,passenger,cabin_crew,A1,neutral,"seat,comfort"
comfort_and_cabin_needs,seat comfort,English,Turkish,Could you help me adjust my seat?,Koltuğumu ayarlamama yardım eder misiniz?,passenger,cabin_crew,A1,polite,"seat,help"
comfort_and_cabin_needs,seat comfort,English,Turkish,This seat is too hard for me.,Bu koltuk benim için çok sert.,passenger,cabin_crew,A1,neutral,"seat,comfort"
comfort_and_cabin_needs,seat comfort,English,Turkish,May I move to another seat?,Başka bir koltuğa geçebilir miyim?,passenger,cabin_crew,A1,polite,"seat,request"
comfort_and_cabin_needs,seat comfort,English,Turkish,I need a window seat if possible.,Mümkünse pencere kenarı koltuğa ihtiyacım var.,passenger,cabin_crew,A1,polite,"seat,preference"
comfort_and_cabin_needs,seat comfort,English,Turkish,Please lower your seat slowly.,Lütfen koltuğunuzu yavaşça yatırın.,cabin_crew,passenger,A1,polite,"seat,instruction"
comfort_and_cabin_needs,seat comfort,English,Turkish,Your seat needs to be upright for takeoff.,Kalkış için koltuğunuz dik konumda olmalı.,cabin_crew,passenger,A1,formal,"seat,safety"
comfort_and_cabin_needs,seat comfort,English,Turkish,Is the seat belt too tight?,Emniyet kemeri çok sıkı mı?,cabin_crew,passenger,A1,neutral,"seatbelt,comfort"
comfort_and_cabin_needs,seat comfort,English,Turkish,The armrest is broken.,Kol dayama yeri kırık.,passenger,cabin_crew,A1,neutral,"seat,issue"
comfort_and_cabin_needs,seat comfort,English,Turkish,Could I get a seat cushion?,Bir koltuk minderi alabilir miyim?,passenger,cabin_crew,A2,polite,"seat,comfort"
comfort_and_cabin_needs,seat comfort,English,Turkish,My legs don't have enough space.,Bacaklarım için yeterince yer yok.,passenger,cabin_crew,A2,neutral,"seat,space"
comfort_and_cabin_needs,seat comfort,English,Turkish,Can I sit near the aisle?,Koridor tarafında oturabilir miyim?,passenger,cabin_crew,A1,polite,"seat,preference"
comfort_and_cabin_needs,seat comfort,English,Turkish,This seat keeps sliding back.,Bu koltuk sürekli geriye kayıyor.,passenger,cabin_crew,A2,neutral,"seat,issue"
comfort_and_cabin_needs,seat comfort,English,Turkish,Please keep your seat in the upright position.,Lütfen koltuğunuzu dik konumda tutun.,cabin_crew,passenger,A1,formal,"seat,instruction"
comfort_and_cabin_needs,seat comfort,English,Turkish,I need a little more room.,Biraz daha alana ihtiyacım var.,passenger,cabin_crew,A1,neutral,"space,comfort"
comfort_and_cabin_needs,blanket and pillow,English,Turkish,Could I have a blanket?,Bir battaniye alabilir miyim?,passenger,cabin_crew,A1,polite,"blanket,comfort"
comfort_and_cabin_needs,blanket and pillow,English,Turkish,I need an extra pillow.,Ek bir yastığa ihtiyacım var.,passenger,cabin_crew,A1,polite,"pillow,comfort"
comfort_and_cabin_needs,blanket and pillow,English,Turkish,My blanket is too thin.,Battaniyem çok ince.,passenger,cabin_crew,A1,neutral,"blanket,comfort"
comfort_and_cabin_needs,blanket and pillow,English,Turkish,Can you bring me another pillow?,Bana başka bir yastık getirir misiniz?,passenger,cabin_crew,A1,polite,"pillow,request"
comfort_and_cabin_needs,blanket and pillow,English,Turkish,We can give you a blanket.,Size bir battaniye verebiliriz.,cabin_crew,passenger,A1,reassuring,"blanket,service"
comfort_and_cabin_needs,blanket and pillow,English,Turkish,Please let me know if you need anything else.,Başka bir ihtiyacınız olursa lütfen bana söyleyin.,cabin_crew,passenger,A1,polite,"service,comfort"
comfort_and_cabin_needs,blanket and pillow,English,Turkish,Do you have a pillow for my neck?,Boynum için bir yastığınız var mı?,passenger,cabin_crew,A2,polite,"pillow,neck"
comfort_and_cabin_needs,blanket and pillow,English,Turkish,The air conditioner is blowing on me.,Klima üzerime vuruyor.,passenger,cabin_crew,A2,neutral,"temperature,comfort"
comfort_and_cabin_needs,blanket and pillow,English,Turkish,Can you turn the air down?,Klima biraz kısılabilir mi?,passenger,cabin_crew,A1,polite,"temperature,request"
comfort_and_cabin_needs,blanket and pillow,English,Turkish,I am too warm.,Bana çok sıcak geldi.,passenger,cabin_crew,A1,neutral,"temperature,comfort"
comfort_and_cabin_needs,temperature,English,Turkish,Could you adjust the temperature?,Sıcaklığı ayarlayabilir misiniz?,passenger,cabin_crew,A1,polite,"temperature,request"
comfort_and_cabin_needs,temperature,English,Turkish,The cabin feels very cold.,Kabin çok soğuk geliyor.,passenger,cabin_crew,A1,neutral,"temperature,cabin"
comfort_and_cabin_needs,temperature,English,Turkish,The cabin feels stuffy.,Kabin havasız geliyor.,passenger,cabin_crew,A2,neutral,"air,comfort"
comfort_and_cabin_needs,temperature,English,Turkish,I need some fresh air.,Biraz temiz havaya ihtiyacım var.,passenger,cabin_crew,A1,neutral,"air,comfort"
comfort_and_cabin_needs,temperature,English,Turkish,Please close the air vent.,Lütfen hava üfleme deliğini kapatın.,cabin_crew,passenger,A2,polite,"air vent,instruction"
comfort_and_cabin_needs,temperature,English,Turkish,Please open your air vent if you need it.,İhtiyacınız varsa lütfen hava üfleme deliğinizi açın.,cabin_crew,passenger,A2,polite,"air vent,instruction"
comfort_and_cabin_needs,temperature,English,Turkish,The fan is too strong.,Üfleme çok güçlü.,passenger,cabin_crew,A1,neutral,"fan,comfort"
comfort_and_cabin_needs,temperature,English,Turkish,Could I have some water?,Biraz su alabilir miyim?,passenger,cabin_crew,A1,polite,"water,comfort"
comfort_and_cabin_needs,temperature,English,Turkish,I feel dizzy from the heat.,Sıcaktan başım dönüyor.,passenger,cabin_crew,A2,urgent,"heat,health"
comfort_and_cabin_needs,sleep and rest,English,Turkish,I want to sleep.,Uyumak istiyorum.,passenger,cabin_crew,A1,neutral,"sleep,comfort"
comfort_and_cabin_needs,sleep and rest,English,Turkish,Please wake me before landing.,Lütfen inişten önce beni uyandırın.,passenger,cabin_crew,A1,polite,"sleep,landing"
comfort_and_cabin_needs,sleep and rest,English,Turkish,I cannot rest with the light on.,Işık açıkken dinlenemiyorum.,passenger,cabin_crew,A2,neutral,"light,rest"
comfort_and_cabin_needs,sleep and rest,English,Turkish,Could you dim the light?,Işığı kısabilir misiniz?,passenger,cabin_crew,A1,polite,"light,request"
comfort_and_cabin_needs,sleep and rest,English,Turkish,Please lower the window shade.,Lütfen pencere perdesini indirin.,cabin_crew,passenger,A1,polite,"window shade,instruction"
comfort_and_cabin_needs,sleep and rest,English,Turkish,Would you like a pillow to rest on?,Dinlenmeniz için bir yastık ister misiniz?,cabin_crew,passenger,A1,polite,"pillow,service"
comfort_and_cabin_needs,sleep and rest,English,Turkish,My child is trying to sleep.,Çocuğum uyumaya çalışıyor.,passenger,cabin_crew,A2,neutral,"child,sleep"
comfort_and_cabin_needs,sleep and rest,English,Turkish,Could you keep the noise down?,Gürültüyü biraz azaltabilir misiniz?,passenger,cabin_crew,A1,polite,"noise,comfort"
comfort_and_cabin_needs,sleep and rest,English,Turkish,The baby finally fell asleep.,Bebek sonunda uyudu.,passenger,cabin_crew,A1,neutral,"baby,sleep"
comfort_and_cabin_needs,sleep and rest,English,Turkish,Please be quiet in the cabin.,Lütfen kabinde sessiz olun.,cabin_crew,passenger,A1,formal,"noise,instruction"
comfort_and_cabin_needs,sleep and rest,English,Turkish,I need to rest before we land.,İnişten önce dinlenmem gerekiyor.,passenger,cabin_crew,A2,neutral,"rest,landing"
comfort_and_cabin_needs,sleep and rest,English,Turkish,Can I get some earplugs?,Kulak tıkacı alabilir miyim?,passenger,cabin_crew,A2,polite,"earplugs,comfort"
comfort_and_cabin_needs,sleep and rest,English,Turkish,The seat next to me is empty.,Yanımdaki koltuk boş.,passenger,cabin_crew,A1,neutral,"seat,space"
comfort_and_cabin_needs,sleep and rest,English,Turkish,May I use the empty seat for a moment?,Boş koltuğu bir süre kullanabilir miyim?,passenger,cabin_crew,A2,polite,"seat,request"
comfort_and_cabin_needs,toilet and hygiene,English,Turkish,May I go to the toilet now?,Şimdi tuvalete gidebilir miyim?,passenger,cabin_crew,A1,polite,"toilet,permission"
comfort_and_cabin_needs,toilet and hygiene,English,Turkish,The toilet is occupied.,Tuvalet dolu.,cabin_crew,passenger,A1,neutral,"toilet,status"
comfort_and_cabin_needs,toilet and hygiene,English,Turkish,Please wait for the toilet sign to turn off.,Lütfen tuvalet ışığı sönene kadar bekleyin.,cabin_crew,passenger,A2,polite,"toilet,instruction"
comfort_and_cabin_needs,toilet and hygiene,English,Turkish,I need to wash my hands.,Ellerimi yıkamam gerekiyor.,passenger,cabin_crew,A1,neutral,"hygiene,toilet"
comfort_and_cabin_needs,toilet and hygiene,English,Turkish,The toilet is very dirty.,Tuvalet çok kirli.,passenger,cabin_crew,A1,neutral,"toilet,issue"
comfort_and_cabin_needs,toilet and hygiene,English,Turkish,Can you tell me when it is free?,Boşalınca bana haber verir misiniz?,passenger,cabin_crew,A2,polite,"toilet,request"
comfort_and_cabin_needs,toilet and hygiene,English,Turkish,Please keep the lavatory door closed.,Lütfen tuvalet kapısını kapalı tutun.,cabin_crew,passenger,A1,formal,"lavatory,instruction"
comfort_and_cabin_needs,toilet and hygiene,English,Turkish,I need tissue paper.,Peçeteye ihtiyacım var.,passenger,cabin_crew,A1,neutral,"hygiene,request"
comfort_and_cabin_needs,toilet and hygiene,English,Turkish,Do you have hand sanitizer?,El dezenfektanınız var mı?,passenger,cabin_crew,A1,polite,"hygiene,request"
comfort_and_cabin_needs,toilet and hygiene,English,Turkish,The sink is not working.,Lavabo çalışmıyor.,passenger,cabin_crew,A1,neutral,"toilet,issue"
comfort_and_cabin_needs,toilet and hygiene,English,Turkish,I am waiting for the toilet.,Tuvalet için bekliyorum.,passenger,cabin_crew,A1,neutral,"toilet,waiting"
comfort_and_cabin_needs,food and drink comfort,English,Turkish,I don't like spicy food.,Baharatlı yemek sevmiyorum.,passenger,cabin_crew,A1,neutral,"food,preference"
comfort_and_cabin_needs,food and drink comfort,English,Turkish,Do you have anything without nuts?,Fındıksız bir şey var mı?,passenger,cabin_crew,A2,polite,"food,allergy"
comfort_and_cabin_needs,food and drink comfort,English,Turkish,I am hungry.,Acıktım.,passenger,cabin_crew,A1,neutral,"food,hunger"
comfort_and_cabin_needs,food and drink comfort,English,Turkish,Could I get a warm drink?,Sıcak bir içecek alabilir miyim?,passenger,cabin_crew,A1,polite,"drink,comfort"
comfort_and_cabin_needs,food and drink comfort,English,Turkish,This meal is too cold.,Bu yemek çok soğuk.,passenger,cabin_crew,A1,neutral,"meal,temperature"
comfort_and_cabin_needs,food and drink comfort,English,Turkish,May I have another napkin?,Bir peçete daha alabilir miyim?,passenger,cabin_crew,A1,polite,"napkin,request"
comfort_and_cabin_needs,food and drink comfort,English,Turkish,I cannot eat dairy products.,Süt ürünleri yiyemem.,passenger,cabin_crew,A2,neutral,"food,allergy"
comfort_and_cabin_needs,food and drink comfort,English,Turkish,Please wait for the meal service.,Lütfen yemek servisini bekleyin.,cabin_crew,passenger,A1,polite,"meal,instruction"
comfort_and_cabin_needs,food and drink comfort,English,Turkish,Would you like tea or coffee?,Çay mı kahve mi istersiniz?,cabin_crew,passenger,A1,polite,"drink,service"
comfort_and_cabin_needs,food and drink comfort,English,Turkish,I ordered a vegetarian meal.,Vejetaryen yemek sipariş etmiştim.,passenger,cabin_crew,A2,neutral,"meal,diet"
comfort_and_cabin_needs,food and drink comfort,English,Turkish,I need a spoon.,Kaşığa ihtiyacım var.,passenger,cabin_crew,A1,neutral,"cutlery,request"
comfort_and_cabin_needs,food and drink comfort,English,Turkish,The coffee is too hot.,Kahve çok sıcak.,passenger,cabin_crew,A1,neutral,"drink,temperature"
comfort_and_cabin_needs,food and drink comfort,English,Turkish,I need a bottle of water for my child.,Çocuğum için bir şişe suya ihtiyacım var.,passenger,cabin_crew,A2,polite,"child,water"
comfort_and_cabin_needs,food and drink comfort,English,Turkish,We have a snack service now.,Şimdi atıştırmalık servisi yapıyoruz.,cabin_crew,passenger,A1,neutral,"snack,service"
comfort_and_cabin_needs,food and drink comfort,English,Turkish,Please tell us if you have any food allergies.,Herhangi bir gıda alerjiniz varsa lütfen bize bildirin.,cabin_crew,passenger,A2,formal,"allergy,safety"
comfort_and_cabin_needs,child comfort,English,Turkish,My baby is crying.,Bebeğim ağlıyor.,passenger,cabin_crew,A1,neutral,"baby,child"
comfort_and_cabin_needs,child comfort,English,Turkish,Do you have a child seat belt extender?,Çocuk için emniyet kemeri uzatıcı var mı?,passenger,cabin_crew,B1,polite,"child,seatbelt"
comfort_and_cabin_needs,child comfort,English,Turkish,My child needs water.,Çocuğumun suya ihtiyacı var.,passenger,cabin_crew,A1,neutral,"child,water"
comfort_and_cabin_needs,child comfort,English,Turkish,Can I warm the baby's milk?,Bebeğin sütünü ısıtabilir miyim?,passenger,cabin_crew,A2,polite,"baby,milk"
comfort_and_cabin_needs,child comfort,English,Turkish,He needs a smaller life vest.,Onun daha küçük bir can yeleğine ihtiyacı var.,passenger,cabin_crew,A2,neutral,"child,safety"
comfort_and_cabin_needs,child comfort,English,Turkish,Please keep your child seated during taxi.,Lütfen taksi sırasında çocuğunuzu oturur durumda tutun.,cabin_crew,passenger,A2,formal,"child,instruction"
comfort_and_cabin_needs,child comfort,English,Turkish,Is there a baby changing table on board?,Uçakta bebek alt değiştirme masası var mı?,passenger,cabin_crew,A2,polite,"baby,toilet"
comfort_and_cabin_needs,child comfort,English,Turkish,We can help you with your child’s seat.,Çocuğunuzun koltuğuyla ilgili size yardımcı olabiliriz.,cabin_crew,passenger,A2,reassuring,"child,service"
comfort_and_cabin_needs,child comfort,English,Turkish,My child feels sick.,Çocuğumun midesi bulanıyor.,passenger,cabin_crew,A1,urgent,"child,health"
comfort_and_cabin_needs,child comfort,English,Turkish,Could you speak more quietly? The baby is sleeping.,Daha sessiz konuşabilir misiniz? Bebek uyuyor.,passenger,cabin_crew,A2,polite,"baby,noise"
comfort_and_cabin_needs,accessibility,English,Turkish,I need wheelchair assistance.,Tekerlekli sandalye yardımına ihtiyacım var.,passenger,cabin_crew,A1,polite,"accessibility,wheelchair"
comfort_and_cabin_needs,accessibility,English,Turkish,Can you help me to my seat?,Beni koltuğuma kadar götürebilir misiniz?,passenger,cabin_crew,A1,polite,"accessibility,help"
comfort_and_cabin_needs,accessibility,English,Turkish,I need extra time to board.,Uçağa binmek için ekstra zamana ihtiyacım var.,passenger,cabin_crew,A2,polite,"boarding,accessibility"
comfort_and_cabin_needs,accessibility,English,Turkish,Please use the aisle chair.,Lütfen koridor sandalyesini kullanın.,cabin_crew,passenger,A2,formal,"accessibility,aisle chair"
comfort_and_cabin_needs,accessibility,English,Turkish,I cannot walk far.,Uzun mesafe yürüyemem.,passenger,cabin_crew,A1,neutral,"mobility,accessibility"
comfort_and_cabin_needs,accessibility,English,Turkish,Do you need the special assistance desk?,Özel yardım kontuarına ihtiyacınız var mı?,cabin_crew,passenger,A2,polite,"assistance,airport"
comfort_and_cabin_needs,accessibility,English,Turkish,I have reduced mobility.,Hareket kabiliyetim kısıtlı.,passenger,cabin_crew,A2,neutral,"mobility,accessibility"
comfort_and_cabin_needs,accessibility,English,Turkish,Can I have a seat closer to the front?,Öne daha yakın bir koltuk alabilir miyim?,passenger,cabin_crew,A2,polite,"seat,accessibility"
comfort_and_cabin_needs,accessibility,English,Turkish,Please let us know if you need any assistance.,Herhangi bir yardıma ihtiyacınız olursa lütfen bize bildirin.,cabin_crew,passenger,A1,reassuring,"assistance,service"
comfort_and_cabin_needs,accessibility,English,Turkish,I need help with my bags.,Çantalarımla yardıma ihtiyacım var.,passenger,cabin_crew,A1,polite,"bags,help"
comfort_and_cabin_needs,accessibility,English,Turkish,Is this seat near the exit?,Bu koltuk çıkışa yakın mı?,passenger,cabin_crew,A1,neutral,"seat,location"
comfort_and_cabin_needs,health and discomfort,English,Turkish,I feel unwell.,Kendimi iyi hissetmiyorum.,passenger,cabin_crew,A1,urgent,"health,medical"
comfort_and_cabin_needs,health and discomfort,English,Turkish,I have a headache.,Başım ağrıyor.,passenger,cabin_crew,A1,neutral,"health,pain"
comfort_and_cabin_needs,health and discomfort,English,Turkish,I feel nauseous.,Midem bulanıyor.,passenger,cabin_crew,A1,urgent,"health,nausea"
comfort_and_cabin_needs,health and discomfort,English,Turkish,Can I get a sick bag?,Hasta torbası alabilir miyim?,passenger,cabin_crew,A1,urgent,"health,sick bag"
comfort_and_cabin_needs,health and discomfort,English,Turkish,I need to take my medicine.,İlacımı almam gerekiyor.,passenger,cabin_crew,A1,neutral,"medicine,health"
comfort_and_cabin_needs,health and discomfort,English,Turkish,Please call a doctor.,Lütfen bir doktor çağırın.,passenger,cabin_crew,A1,urgent,"medical,emergency"
comfort_and_cabin_needs,health and discomfort,English,Turkish,Are you feeling faint?,Bayılacak gibi misiniz?,cabin_crew,passenger,A2,reassuring,"health,question"
comfort_and_cabin_needs,health and discomfort,English,Turkish,Please stay seated and breathe slowly.,Lütfen oturur durumda kalın ve yavaş nefes alın.,cabin_crew,passenger,A2,reassuring,"health,instruction"
comfort_and_cabin_needs,health and discomfort,English,Turkish,I am having trouble breathing.,Nefes almakta zorlanıyorum.,passenger,cabin_crew,A2,urgent,"health,breathing"
comfort_and_cabin_needs,health and discomfort,English,Turkish,My chest feels tight.,Göğsüm sıkışıyor.,passenger,cabin_crew,A2,urgent,"health,pain"
comfort_and_cabin_needs,health and discomfort,English,Turkish,I need some water for medicine.,İlacım için biraz suya ihtiyacım var.,passenger,cabin_crew,A2,polite,"medicine,water"
comfort_and_cabin_needs,noise and privacy,English,Turkish,Could you lower your voice?,Sesinizi biraz alçaltabilir misiniz?,passenger,cabin_crew,A1,polite,"noise,privacy"
comfort_and_cabin_needs,noise and privacy,English,Turkish,The passenger behind me is kicking my seat.,Arkamdaki yolcu koltuğumu tekmeliyor.,passenger,cabin_crew,A2,neutral,"seat,complaint"
comfort_and_cabin_needs,noise and privacy,English,Turkish,Can you ask them to stop?,Onlara durmalarını söyler misiniz?,passenger,cabin_crew,A1,polite,"complaint,request"
comfort_and_cabin_needs,noise and privacy,English,Turkish,Please keep the aisle clear.,Lütfen koridoru açık tutun.,cabin_crew,passenger,A1,formal,"aisle,instruction"
comfort_and_cabin_needs,noise and privacy,English,Turkish,I need some privacy.,Biraz mahremiyete ihtiyacım var.,passenger,cabin_crew,A2,neutral,"privacy,comfort"
comfort_and_cabin_needs,noise and privacy,English,Turkish,Please wait until the seatbelt sign is off.,Lütfen emniyet kemeri ışığı sönene kadar bekleyin.,cabin_crew,passenger,A1,formal,"seatbelt,instruction"
comfort_and_cabin_needs,noise and privacy,English,Turkish,The overhead light is too bright.,Üst ışık çok parlak.,passenger,cabin_crew,A1,neutral,"light,comfort"
comfort_and_cabin_needs,noise and privacy,English,Turkish,Can you make it quieter here?,Burası biraz daha sessiz olabilir mi?,passenger,cabin_crew,A1,polite,"noise,request"
comfort_and_cabin_needs,boarding comfort,English,Turkish,I need a little time to settle in.,Yerleşmek için biraz zamana ihtiyacım var.,passenger,cabin_crew,A2,polite,"boarding,comfort"
comfort_and_cabin_needs,boarding comfort,English,Turkish,Can I keep my jacket with me?,Montumu yanımda tutabilir miyim?,passenger,cabin_crew,A1,polite,"jacket,cabin"
comfort_and_cabin_needs,boarding comfort,English,Turkish,The overhead bin is full.,Baş üstü dolabı dolu.,passenger,cabin_crew,A1,neutral,"overhead bin,luggage"
comfort_and_cabin_needs,boarding comfort,English,Turkish,Please place your bag under the seat.,Lütfen çantanızı koltuğun altına koyun.,cabin_crew,passenger,A1,formal,"bag,instruction"
comfort_and_cabin_needs,boarding comfort,English,Turkish,I need help with the overhead bin.,Baş üstü dolabıyla yardıma ihtiyacım var.,passenger,cabin_crew,A1,polite,"overhead bin,help"
comfort_and_cabin_needs,boarding comfort,English,Turkish,We will help you store your bag.,Çantanızı yerleştirmenize yardımcı olacağız.,cabin_crew,passenger,A1,reassuring,"bag,service"
comfort_and_cabin_needs,boarding comfort,English,Turkish,My bag is too heavy for me.,Çantam benim için çok ağır.,passenger,cabin_crew,A1,neutral,"bag,weight"
comfort_and_cabin_needs,boarding comfort,English,Turkish,Could you check if my seat has a power outlet?,Koltuğumda priz olup olmadığını kontrol eder misiniz?,passenger,cabin_crew,B1,polite,"power outlet,seat"
comfort_and_cabin_needs,boarding comfort,English,Turkish,Is there a USB port here?,Burada USB girişi var mı?,passenger,cabin_crew,A1,polite,"USB,charging"
comfort_and_cabin_needs,boarding comfort,English,Turkish,Your bag must go in the overhead bin.,Çantanız baş üstü dolabına konmalı.,cabin_crew,passenger,A1,formal,"bag,instruction"
comfort_and_cabin_needs,boarding comfort,English,Turkish,I prefer not to sit next to the lavatory.,Tuvalet yanında oturmayı tercih etmiyorum.,passenger,cabin_crew,A2,polite,"seat,preference"
comfort_and_cabin_needs,boarding comfort,English,Turkish,Could I move my bag closer to me?,Çantamı bana daha yakın bir yere alabilir miyim?,passenger,cabin_crew,A2,polite,"bag,comfort"
comfort_and_cabin_needs,passenger_request,Turkish,English,"Koltuğum biraz dar, başka yer var mı?",My seat is a bit cramped. Is there another one available?,passenger,cabin_crew,A2,polite,"seat,comfort,request"
comfort_and_cabin_needs,passenger_request,Turkish,English,Battaniye alabilir miyim?,Could I have a blanket?,passenger,cabin_crew,A1,polite,"blanket,comfort"
comfort_and_cabin_needs,passenger_request,Turkish,English,"Yastığım yok, bir tane getirebilir misiniz?",I don't have a pillow. Could you bring one?,passenger,cabin_crew,A2,polite,"pillow,comfort"
comfort_and_cabin_needs,passenger_request,Turkish,English,"Hava çok soğuk, klimayı biraz kısabilir misiniz?",It's very cold. Could you turn the air down a little?,passenger,cabin_crew,A2,polite,"temperature,air-conditioning"
comfort_and_cabin_needs,passenger_request,Turkish,English,"Hava biraz sıcak, üst üste biniyor gibi.",It's a bit warm. It feels stuffy.,passenger,cabin_crew,A2,neutral,"temperature,cabin"
comfort_and_cabin_needs,passenger_request,Turkish,English,Işığı kapatabilir misiniz? Uyumaya çalışıyorum.,Could you turn off the light? I'm trying to sleep.,passenger,cabin_crew,A1,polite,"light,sleep"
comfort_and_cabin_needs,passenger_request,Turkish,English,Okuma ışığım çalışmıyor.,My reading light isn't working.,passenger,cabin_crew,A1,neutral,"reading-light,technical"
comfort_and_cabin_needs,passenger_request,Turkish,English,Koltuk biraz geriye yatmıyor.,The seat doesn't recline a little.,passenger,cabin_crew,A2,neutral,"seat,technical"
comfort_and_cabin_needs,passenger_request,Turkish,English,"Kemerim çok sıkı, uzatabilir misiniz?",My seat belt is too tight. Can you extend it?,passenger,cabin_crew,A2,polite,"seat-belt,comfort"
comfort_and_cabin_needs,passenger_request,Turkish,English,Biraz su alabilir miyim?,Could I have some water?,passenger,cabin_crew,A1,polite,"water,service"
comfort_and_cabin_needs,passenger_request,Turkish,English,Sıcak bir içecek var mı?,Do you have a hot drink?,passenger,cabin_crew,A1,polite,"drink,service"
comfort_and_cabin_needs,passenger_request,Turkish,English,Kulaklık verebilir misiniz?,Could you give me headphones?,passenger,cabin_crew,A1,polite,"headphones,entertainment"
comfort_and_cabin_needs,passenger_request,Turkish,English,Ekranım çalışmıyor.,My screen isn't working.,passenger,cabin_crew,A1,neutral,"screen,technical"
comfort_and_cabin_needs,passenger_request,Turkish,English,Şarj yeri var mı?,Is there a charging point?,passenger,cabin_crew,A1,neutral,"charging,power"
comfort_and_cabin_needs,passenger_request,Turkish,English,Çocuğum için ek bir yastık alabilir miyim?,Could I get an extra pillow for my child?,passenger,cabin_crew,A2,polite,"child,pillow"
comfort_and_cabin_needs,passenger_request,Turkish,English,Bebek için battaniye lazım.,We need a blanket for the baby.,passenger,cabin_crew,A1,polite,"baby,blanket"
comfort_and_cabin_needs,passenger_request,Turkish,English,"Çocuğum oturamıyor, biraz daha rahat bir yer var mı?",My child can't sit comfortably. Is there a more comfortable seat?,passenger,cabin_crew,A2,polite,"child,seat,comfort"
comfort_and_cabin_needs,crew_reply,Turkish,English,Size bir battaniye getireyim.,I'll bring you a blanket.,cabin_crew,passenger,A1,reassuring,"blanket,service"
comfort_and_cabin_needs,crew_reply,Turkish,English,Biraz bekler misiniz?,Could you wait a moment?,cabin_crew,passenger,A1,polite,"waiting,service"
comfort_and_cabin_needs,crew_reply,Turkish,English,Klimayı biraz ayarlayabilirim.,I can adjust the air conditioning a little.,cabin_crew,passenger,A2,reassuring,"air-conditioning,comfort"
comfort_and_cabin_needs,crew_reply,Turkish,English,Sizin için başka bir koltuk bakayım.,Let me see if I can find another seat for you.,cabin_crew,passenger,A2,reassuring,"seat,assistance"
comfort_and_cabin_needs,crew_reply,Turkish,English,Işığı kapatıyorum.,I'm turning off the light.,cabin_crew,passenger,A1,neutral,light
comfort_and_cabin_needs,crew_reply,Turkish,English,Kemerinizin uzatılması mümkün.,Your seat belt can be extended.,cabin_crew,passenger,A2,reassuring,"seat-belt,comfort"
comfort_and_cabin_needs,crew_reply,Turkish,English,Sıcak içecekler birazdan servis edilecek.,Hot drinks will be served shortly.,cabin_crew,passenger,A1,neutral,"drink,service"
comfort_and_cabin_needs,crew_reply,Turkish,English,Kulaklık verebilirim.,I can give you headphones.,cabin_crew,passenger,A1,polite,"headphones,entertainment"
comfort_and_cabin_needs,crew_reply,Turkish,English,Ekranı kontrol edeceğim.,I'll check the screen.,cabin_crew,passenger,A1,neutral,"screen,technical"
comfort_and_cabin_needs,crew_reply,Turkish,English,Şarja uygun bir yer gösterebilirim.,I can show you a place to charge it.,cabin_crew,passenger,A2,reassuring,"charging,assistance"
comfort_and_cabin_needs,passenger_request,Turkish,English,Tuvaletin nerede olduğunu söyler misiniz?,Could you tell me where the toilet is?,passenger,cabin_crew,A1,polite,"toilet,direction"
comfort_and_cabin_needs,passenger_request,Turkish,English,Ön taraftaki tuvalet boş mu?,Is the toilet at the front free?,passenger,cabin_crew,A1,neutral,"toilet,availability"
comfort_and_cabin_needs,passenger_request,Turkish,English,Yemekler çok sıcak mı?,Is the food very hot?,passenger,cabin_crew,A1,neutral,"food,temperature"
comfort_and_cabin_needs,passenger_request,Turkish,English,Biraz daha peçete alabilir miyim?,Could I have some more napkins?,passenger,cabin_crew,A1,polite,"napkins,service"
comfort_and_cabin_needs,passenger_request,Turkish,English,"Gürültü çok fazla, kulak tıkacı var mı?",It's very noisy. Do you have earplugs?,passenger,cabin_crew,A2,polite,"noise,earplugs"
comfort_and_cabin_needs,passenger_request,Turkish,English,Pencereden biraz hava geliyor.,There's a little draft from the window.,passenger,cabin_crew,A2,neutral,"window,comfort"
comfort_and_cabin_needs,passenger_request,Turkish,English,Koltuğumun yanında su dökülmüş.,There is water spilled next to my seat.,passenger,cabin_crew,A2,neutral,"seat,spill"
comfort_and_cabin_needs,crew_reply,Turkish,English,Bunu hemen temizlettireceğim.,I'll have this cleaned right away.,cabin_crew,passenger,A2,reassuring,"cleaning,service"
comfort_and_cabin_needs,crew_reply,Turkish,English,Size daha sakin bir yer ayarlayabiliriz.,We can arrange a quieter place for you.,cabin_crew,passenger,A2,reassuring,"seat,noise"
comfort_and_cabin_needs,passenger_request,Turkish,English,"Çocuğum uyumaya çalışıyor, ışığı biraz azaltabilir misiniz?",My child is trying to sleep. Could you dim the light a little?,passenger,cabin_crew,A2,polite,"child,light,sleep"
comfort_and_cabin_needs,passenger_request,Turkish,English,Bebeğim için ılık su gerekir.,We need warm water for the baby.,passenger,cabin_crew,A1,polite,"baby,water"
comfort_and_cabin_needs,passenger_request,Turkish,English,Kolçak kalkıyor mu?,Does the armrest lift up?,passenger,cabin_crew,A1,neutral,"armrest,seat"
comfort_and_cabin_needs,passenger_request,Turkish,English,Ayağım için biraz daha yer lazım.,I need a little more legroom.,passenger,cabin_crew,A2,polite,"legroom,comfort"
comfort_and_cabin_needs,passenger_request,Turkish,English,Koltuk numaramı değiştirebilir miyim?,Can I change my seat number?,passenger,cabin_crew,A2,polite,"seat,change"
comfort_and_cabin_needs,passenger_request,Turkish,English,"Yanımdaki kişi uyuyor, geçebilir miyim?",The person next to me is sleeping. Can I get past?,passenger,cabin_crew,A2,polite,"seat,movement"
comfort_and_cabin_needs,crew_reply,Turkish,English,"Tabii, geçebilirsiniz.","Of course, you can go through.",cabin_crew,passenger,A1,polite,permission
comfort_and_cabin_needs,crew_reply,Turkish,English,Kolçak yukarı kalkıyor.,The armrest lifts up.,cabin_crew,passenger,A1,neutral,"armrest,seat"
comfort_and_cabin_needs,passenger_request,Turkish,English,Uçakta bebek bezi değiştirebileceğim yer var mı?,Is there a place on the plane where I can change my baby's diaper?,passenger,cabin_crew,A2,polite,"baby,diaper,toilet"
comfort_and_cabin_needs,passenger_request,Turkish,English,Çocuk koltuğu kemeri çok sıkı.,The child seat belt is too tight.,passenger,cabin_crew,A1,neutral,"child,seat-belt"
comfort_and_cabin_needs,passenger_request,Turkish,English,"Hastam var, biraz daha rahat oturması lazım.",I have a sick passenger. They need to sit a little more comfortably.,passenger,cabin_crew,B1,formal,"health,comfort"
comfort_and_cabin_needs,crew_reply,Turkish,English,Size yastık ve battaniye getirebilirim.,I can bring you a pillow and a blanket.,cabin_crew,passenger,A1,reassuring,"pillow,blanket"
comfort_and_cabin_needs,crew_reply,Turkish,English,"Tuvalet biraz ileride, sağ tarafta.","The toilet is a little ahead, on the right.",cabin_crew,passenger,A1,neutral,"toilet,direction"
comfort_and_cabin_needs,crew_reply,Turkish,English,Çocuk için kemer uzatması getireyim.,I'll bring an extension for the child's seat belt.,cabin_crew,passenger,A2,reassuring,"child,seat-belt"
comfort_and_cabin_needs,passenger_request,Turkish,English,"Kusura bakmayın, pencere kenarını tercih ederim.","Sorry, I prefer a window seat.",passenger,cabin_crew,A2,polite,"window-seat,preference"
comfort_and_cabin_needs,passenger_request,Turkish,English,Mümkünse koridor tarafına geçebilir miyim?,"If possible, can I move to the aisle?",passenger,cabin_crew,A2,polite,"aisle,seat"
comfort_and_cabin_needs,passenger_request,Turkish,English,Bacaklarımı biraz uzatmak istiyorum.,I want to stretch my legs a little.,passenger,cabin_crew,A2,neutral,"stretch,comfort"
comfort_and_cabin_needs,crew_reply,Turkish,English,Kısa bir süre sonra yemek servisi başlayacak.,Meal service will start shortly.,cabin_crew,passenger,A1,neutral,"meal,service"
comfort_and_cabin_needs,crew_reply,Turkish,English,Eğer isterseniz başka bir battaniye de getirebilirim.,"If you like, I can also bring another blanket.",cabin_crew,passenger,A2,reassuring,"blanket,service"
comfort_and_cabin_needs,passenger_request,Turkish,English,Çantamı üst rafa koyamadım.,I couldn't put my bag in the overhead bin.,passenger,cabin_crew,A2,neutral,"bag,overhead-bin"
comfort_and_cabin_needs,passenger_request,Turkish,English,"Kabin çok gürültülü, biraz sessizlik isterim.",The cabin is very noisy. I'd like a bit of quiet.,passenger,cabin_crew,B1,polite,"noise,comfort"
comfort_and_cabin_needs,passenger_request,Turkish,English,Yaşlı annem için yardım eder misiniz?,Could you help my elderly mother?,passenger,cabin_crew,A2,polite,"elderly,assistance"
comfort_and_cabin_needs,crew_reply,Turkish,English,"Elbette, ona yardımcı olurum.","Of course, I'll help her.",cabin_crew,passenger,A1,reassuring,assistance
comfort_and_cabin_needs,passenger_request,Turkish,English,Koltuk arkasındaki cebimde mendil var mı?,Is there a tissue in the pocket in front of my seat?,passenger,cabin_crew,A2,neutral,"tissue,seat-pocket"
comfort_and_cabin_needs,passenger_request,Turkish,English,Bana biraz daha yer açabilir misiniz?,Could you give me a little more space?,passenger,cabin_crew,A2,polite,"space,comfort"
comfort_and_cabin_needs,crew_reply,Turkish,English,Yeriniz varsa biraz yana kayabilirsiniz.,"If you have room, you can slide a little to the side.",cabin_crew,passenger,A2,polite,"space,seat"
comfort_and_cabin_needs,passenger_request,Turkish,English,Bebeğimin altını değiştirmem gerekiyor.,I need to change my baby's diaper.,passenger,cabin_crew,A1,neutral,"baby,diaper"
comfort_and_cabin_needs,passenger_request,Turkish,English,"İlaçlarım çantamın içinde, onu alabilir miyim?",My medicine is in my bag. Can I get it?,passenger,cabin_crew,A2,urgent,"medicine,bag"
comfort_and_cabin_needs,crew_reply,Turkish,English,"Tabii, çantanıza ulaşmanıza yardım edeyim.","Of course, let me help you reach your bag.",cabin_crew,passenger,A2,reassuring,"bag,assistance"
comfort_and_cabin_needs,passenger_request,Turkish,English,Kapıyı biraz kapatabilir misiniz? Cereyan yapıyor.,Could you close the door a little? There's a draft.,passenger,cabin_crew,A2,polite,"draft,comfort"
comfort_and_cabin_needs,passenger_request,Turkish,English,"Bir şey düşürdüm, eğilip alamıyorum.",I dropped something and I can't bend down to pick it up.,passenger,cabin_crew,A2,polite,"assist,lost-item"
comfort_and_cabin_needs,crew_reply,Turkish,English,Hemen yardımcı oluyorum.,I'm helping you right away.,cabin_crew,passenger,A1,reassuring,assistance
comfort_and_cabin_needs,passenger_request,Turkish,English,Kapıyı açar mısınız?,Could you open the door?,passenger,cabin_crew,A1,polite,"door,request"
comfort_and_cabin_needs,passenger_request,Turkish,English,Kalkıştan önce biraz su içebilir miyim?,Can I have some water before takeoff?,passenger,cabin_crew,A2,polite,"water,takeoff"
comfort_and_cabin_needs,passenger_request,Turkish,English,"Karnım aç, atıştırmalık var mı?",I'm hungry. Do you have a snack?,passenger,cabin_crew,A1,polite,"snack,food"
comfort_and_cabin_needs,crew_reply,Turkish,English,"Evet, atıştırmalıklarımız var.","Yes, we have snacks.",cabin_crew,passenger,A1,neutral,"snack,service"
comfort_and_cabin_needs,passenger_request,Turkish,English,"Çocuğum korkuyor, ona biraz su verir misiniz?",My child is scared. Could you give them some water?,passenger,cabin_crew,A2,polite,"child,water,reassurance"
comfort_and_cabin_needs,crew_reply,Turkish,English,"Tabii, hemen getiriyorum.","Of course, I'm bringing it right away.",cabin_crew,passenger,A1,reassuring,service
comfort_and_cabin_needs,passenger_request,Turkish,English,"Başım ağrıyor, biraz dinlenmem lazım.","I have a headache, and I need to rest a little.",passenger,cabin_crew,A2,neutral,"health,rest"
comfort_and_cabin_needs,passenger_request,Turkish,English,"Kokudan rahatsız oldum, pencereyi açmak mümkün mü?",The smell is bothering me. Is it possible to open the window?,passenger,cabin_crew,B1,polite,"smell,comfort"
comfort_and_cabin_needs,crew_reply,Turkish,English,"Pencere açılmıyor, ama havayı ayarlayabilirim.","The window doesn't open, but I can adjust the air.",cabin_crew,passenger,A2,reassuring,"window,air-conditioning"
comfort_and_cabin_needs,passenger_request,Turkish,English,Koltuk numaramı kontrol eder misiniz?,Could you check my seat number?,passenger,cabin_crew,A1,polite,"seat,check"
comfort_and_cabin_needs,passenger_request,Turkish,English,Yanlış yere oturduysam söyleyin.,Please tell me if I am sitting in the wrong place.,passenger,cabin_crew,A2,polite,"seat,correction"
comfort_and_cabin_needs,crew_reply,Turkish,English,"Sorun değil, kontrol edelim.","No problem, let's check.",cabin_crew,passenger,A1,reassuring,"check,service"
comfort_and_cabin_needs,passenger_request,Turkish,English,Kızımın üstü üşüyor.,My daughter is cold.,passenger,cabin_crew,A1,polite,"child,cold"
comfort_and_cabin_needs,passenger_request,Turkish,English,"Üzerime su döküldü, peçete alabilir miyim?",Water spilled on me. Could I have some napkins?,passenger,cabin_crew,A2,polite,"spill,napkins"
comfort_and_cabin_needs,crew_reply,Turkish,English,"Tabii, peçete getireceğim.","Of course, I'll bring napkins.",cabin_crew,passenger,A1,reassuring,"napkins,service"
flight_time_delay_and_arrival,delay notification,English,Turkish,Our flight is delayed by 20 minutes.,Uçuşumuz 20 dakika gecikti.,airport_staff,passenger,A1,neutral,"delay,flight_time,arrival"
flight_time_delay_and_arrival,delay notification,English,Turkish,We expect a short delay before takeoff.,Kalkıştan önce kısa bir gecikme bekliyoruz.,airport_staff,passenger,A2,neutral,"delay,takeoff,flight_time"
flight_time_delay_and_arrival,delay announcement,Turkish,English,Uçağımız biraz gecikecek.,Our flight will be a little delayed.,airport_staff,passenger,A1,neutral,"delay,flight"
flight_time_delay_and_arrival,arrival update,Turkish,English,Varışımız saat 18.30 civarında olacak.,We will arrive around 6:30 p.m.,airport_staff,passenger,A1,neutral,"arrival,time"
flight_time_delay_and_arrival,gate delay,Turkish,English,Kapıda bekleme süresi uzadı.,The waiting time at the gate has been extended.,airport_staff,passenger,A2,neutral,"gate,delay"
flight_time_delay_and_arrival,boarding delay,Turkish,English,Uçağa biniş biraz sonra başlayacak.,Boarding will start a little later.,airport_staff,passenger,A1,neutral,"boarding,delay"
flight_time_delay_and_arrival,departure delay,Turkish,English,Kalkışımız ertelendi.,Our departure has been delayed.,airport_staff,passenger,A1,neutral,"departure,delay"
flight_time_delay_and_arrival,arrival gate,Turkish,English,Uçak birazdan kapıya yanaşacak.,The plane will be at the gate shortly.,airport_staff,passenger,A2,neutral,"arrival,gate"
flight_time_delay_and_arrival,arrival delay apology,Turkish,English,Gecikme için özür dileriz.,We apologize for the delay.,airport_staff,passenger,A1,polite,"delay,apology"
flight_time_delay_and_arrival,estimated time of arrival,Turkish,English,Tahmini varış süremiz değişti.,Our estimated arrival time has changed.,airport_staff,passenger,A2,neutral,"arrival,time"
flight_time_delay_and_arrival,delay due to weather,Turkish,English,Hava şartları nedeniyle gecikme var.,There is a delay due to weather conditions.,airport_staff,passenger,A2,formal,"delay,weather"
flight_time_delay_and_arrival,arrival information,Turkish,English,Uçağın varışı hakkında bilgi alabilir miyim?,Could I get information about the flight's arrival?,passenger,airport_staff,A2,polite,"arrival,information"
flight_time_delay_and_arrival,delay question,Turkish,English,Uçak neden gecikti?,Why was the flight delayed?,passenger,airport_staff,A1,neutral,"delay,question"
flight_time_delay_and_arrival,updated arrival,Turkish,English,Yeni varış saati nedir?,What is the new arrival time?,passenger,airport_staff,A1,neutral,"arrival,time"
flight_time_delay_and_arrival,boarding update,Turkish,English,Uçağa ne zaman bineceğiz?,When will we board the plane?,passenger,airport_staff,A1,neutral,"boarding,time"
flight_time_delay_and_arrival,late arrival,Turkish,English,Geç varacağız galiba.,I think we will arrive late.,passenger,passenger,A1,neutral,"arrival,delay"
flight_time_delay_and_arrival,connecting flight delay,Turkish,English,Aktarma uçağımızı kaçırabiliriz.,We might miss our connecting flight.,passenger,airport_staff,A2,urgent,"connection,delay"
flight_time_delay_and_arrival,arrival after delay,Turkish,English,Gecikmeli de olsa varmış olduk.,"We have arrived, even though we were delayed.",passenger,passenger,A2,neutral,"arrival,delay"
flight_time_delay_and_arrival,boarding call,Turkish,English,Şimdi biniş çağrısı yapılıyor.,Boarding is being called now.,airport_staff,passenger,A2,neutral,boarding
flight_time_delay_and_arrival,departure time changed,Turkish,English,Kalkış saati değişti.,The departure time has changed.,airport_staff,passenger,A1,neutral,"departure,time"
flight_time_delay_and_arrival,arrival time confirmation,Turkish,English,Saat kaçta ineceğiz?,What time will we land?,passenger,airport_staff,A1,neutral,"arrival,time"
flight_time_delay_and_arrival,delay duration,Turkish,English,Gecikme yaklaşık bir saat sürecek.,The delay will be about one hour.,airport_staff,passenger,A2,neutral,"delay,duration"
flight_time_delay_and_arrival,arrival notification,Turkish,English,Varışımız yaklaşıyor.,We are approaching our destination.,pilot,passenger,A2,reassuring,arrival
flight_time_delay_and_arrival,delay explanation,Turkish,English,Teknik bir sorun nedeniyle gecikiyoruz.,We are delayed due to a technical issue.,airport_staff,passenger,A2,formal,"delay,technical"
flight_time_delay_and_arrival,arrival update,Turkish,English,İnişten sonra biraz bekleyeceğiz.,We will wait a little after landing.,airport_staff,passenger,A2,neutral,"arrival,landing"
flight_time_delay_and_arrival,gate information,Turkish,English,Yeni kapı numarası nedir?,What is the new gate number?,passenger,airport_staff,A1,neutral,gate
flight_time_delay_and_arrival,boarding after delay,Turkish,English,Gecikmeden sonra biniş yeniden başlayacak.,Boarding will resume after the delay.,airport_staff,passenger,A2,neutral,"boarding,delay"
flight_time_delay_and_arrival,arrival estimate,Turkish,English,Yaklaşık on beş dakika sonra iniyoruz.,We will land in about fifteen minutes.,pilot,passenger,A1,reassuring,"arrival,time"
flight_time_delay_and_arrival,waiting in cabin,Turkish,English,Bir süre daha havada kalacağız.,We will stay in the air a little longer.,pilot,passenger,A2,neutral,"flight,delay"
flight_time_delay_and_arrival,passenger worry,Turkish,English,Zamanında varabilecek miyiz?,Will we arrive on time?,passenger,airport_staff,A1,neutral,"arrival,time"
flight_time_delay_and_arrival,status update,Turkish,English,Uçuş durumu değişti.,The flight status has changed.,airport_staff,passenger,A2,neutral,"status,delay"
flight_time_delay_and_arrival,arrival announcement,Turkish,English,Varışımızı anons edeceğiz.,We will make an arrival announcement.,airport_staff,passenger,A2,formal,"arrival,announcement"
flight_time_delay_and_arrival,short delay,Turkish,English,Kısa bir gecikme oldu.,There was a short delay.,airport_staff,passenger,A1,neutral,delay
flight_time_delay_and_arrival,arrival at destination,Turkish,English,Hedef şehre birazdan varacağız.,We will arrive at the destination city shortly.,pilot,passenger,A2,neutral,"arrival,destination"
flight_time_delay_and_arrival,late departure question,Turkish,English,Kalkış neden bu kadar geç?,Why is the departure so late?,passenger,airport_staff,A2,neutral,"departure,delay"
flight_time_delay_and_arrival,arrival delay reassurance,Turkish,English,Küçük bir gecikme dışında sorun yok.,There is no problem apart from a small delay.,airport_staff,passenger,A2,reassuring,"delay,reassurance"
flight_time_delay_and_arrival,flight tracking,Turkish,English,Uçağın iniş saatini kontrol ediyorum.,I am checking the flight's landing time.,passenger,airport_staff,A2,neutral,"arrival,time"
flight_time_delay_and_arrival,arrival after holding,Turkish,English,Bir süre havada bekledikten sonra ineceğiz.,We will land after waiting in the air for a while.,pilot,passenger,B1,neutral,"arrival,delay"
flight_time_delay_and_arrival,boarding resumed,Turkish,English,Biniş yeniden başladı mı?,Has boarding started again?,passenger,airport_staff,A2,neutral,boarding
flight_time_delay_and_arrival,arrival time update,Turkish,English,Varış saatimiz ileri alındı.,Our arrival time has been moved later.,airport_staff,passenger,A2,neutral,"arrival,time"
flight_time_delay_and_arrival,delay due to traffic control,Turkish,English,Hava trafiği yüzünden bekliyoruz.,We are waiting because of air traffic.,pilot,passenger,A2,formal,"delay,air_traffic"
flight_time_delay_and_arrival,missed connection concern,Turkish,English,Aktarma için yeterli vaktimiz olacak mı?,Will we have enough time for the connection?,passenger,airport_staff,A2,neutral,"connection,time"
flight_time_delay_and_arrival,arrival remains on schedule,Turkish,English,Şu an için varış saatimiz aynı görünüyor.,"For now, our arrival time looks the same.",airport_staff,passenger,A2,neutral,"arrival,time"
flight_time_delay_and_arrival,delay confirmed,Turkish,English,"Evet, uçuş gecikmeli.","Yes, the flight is delayed.",airport_staff,passenger,A1,neutral,delay
flight_time_delay_and_arrival,arrival question,Turkish,English,İneceğimiz saat belli mi?,Is the landing time known?,passenger,airport_staff,A2,neutral,"arrival,time"
flight_time_delay_and_arrival,board later,Turkish,English,Biraz daha bekleyip sonra bineceğiz.,We will wait a bit longer and then board.,airport_staff,passenger,A2,neutral,"boarding,delay"
flight_time_delay_and_arrival,arrival soon,Turkish,English,İnişimiz çok yakın.,We are very close to landing.,pilot,passenger,A1,reassuring,arrival
flight_time_delay_and_arrival,arrival gate announcement,Turkish,English,Uçak kapıya geldiğinde anons yapılacak.,An announcement will be made when the plane reaches the gate.,airport_staff,passenger,B1,formal,"arrival,gate,announcement"
baggage_and_personal_items,check-in,English,Turkish,I have one suitcase to check in.,Kayıt edeceğim bir valizim var.,passenger,airport_staff,A1,neutral,"baggage,check-in"
baggage_and_personal_items,check-in,English,Turkish,This bag is too heavy.,Bu çanta çok ağır.,airport_staff,passenger,A1,neutral,"baggage,weight"
baggage_and_personal_items,check-in,English,Turkish,Please put your bag on the scale.,Lütfen çantanızı terazinin üzerine koyun.,airport_staff,passenger,A1,polite,"baggage,check-in"
baggage_and_personal_items,check-in,English,Turkish,Your baggage allowance is 20 kilos.,Bagaj hakkınız 20 kilo.,airport_staff,passenger,A1,formal,"baggage,policy"
baggage_and_personal_items,check-in,English,Turkish,You need to pay extra for overweight baggage.,Fazla kilolu bagaj için ekstra ücret ödemeniz gerekiyor.,airport_staff,passenger,A2,neutral,"baggage,fees"
baggage_and_personal_items,check-in,English,Turkish,I packed too much in my suitcase.,Valizime çok fazla eşya koydum.,passenger,airport_staff,A2,neutral,"baggage,packing"
baggage_and_personal_items,check-in,English,Turkish,Can I carry this bag on board?,Bu çantayı kabine alabilir miyim?,passenger,airport_staff,A1,polite,"carry-on,boarding"
baggage_and_personal_items,gate,English,Turkish,Your carry-on bag must fit under the seat.,El bagajınız koltuğun altına sığmalı.,airport_staff,passenger,A2,neutral,"carry-on,cabin"
baggage_and_personal_items,gate,English,Turkish,Please keep your personal item with you.,Lütfen kişisel eşyanızı yanınızda tutun.,airport_staff,passenger,A1,polite,"personal_items,cabin"
baggage_and_personal_items,boarding,English,Turkish,My backpack is in the overhead bin.,Sırt çantam üst bagaj bölmesinde.,passenger,cabin_crew,A1,neutral,"backpack,overhead_bin"
baggage_and_personal_items,boarding,English,Turkish,Please take your bag out of the aisle.,Lütfen çantanızı koridordan çekin.,cabin_crew,passenger,A1,polite,"baggage,aisle"
baggage_and_personal_items,boarding,English,Turkish,This seat bag belongs to me.,Bu koltuk çantası bana ait.,passenger,cabin_crew,A1,neutral,"personal_items,seat"
baggage_and_personal_items,cabin,English,Turkish,Where can I put my coat?,Montumu nereye koyabilirim?,passenger,cabin_crew,A1,polite,"coat,cabin"
baggage_and_personal_items,cabin,English,Turkish,You can hang your coat here.,Montunuzu buraya asabilirsiniz.,cabin_crew,passenger,A1,reassuring,"coat,cabin"
baggage_and_personal_items,cabin,English,Turkish,I left my phone in my bag.,Telefonumu çantamda unuttum.,passenger,cabin_crew,A1,neutral,"phone,bag"
baggage_and_personal_items,cabin,English,Turkish,Please open your bag and show me the item.,Lütfen çantanızı açın ve eşyayı gösterin.,cabin_crew,passenger,A2,formal,"bag,inspection"
baggage_and_personal_items,security,English,Turkish,Is this liquid in your bag?,Bu sıvı çantanızda mı?,airport_staff,passenger,A1,neutral,"bag,liquid"
baggage_and_personal_items,security,English,Turkish,I have a laptop and a tablet in my carry-on.,El bagajımda bir dizüstü bilgisayar ve bir tablet var.,passenger,airport_staff,A2,neutral,"electronics,carry-on"
baggage_and_personal_items,security,English,Turkish,Please remove all metal items from your pockets and bag.,Lütfen ceplerinizden ve çantanızdan tüm metal eşyaları çıkarın.,airport_staff,passenger,A2,formal,"security,items"
baggage_and_personal_items,lost_and_found,English,Turkish,I cannot find my bag.,Çantamı bulamıyorum.,passenger,airport_staff,A1,urgent,lost_bag
baggage_and_personal_items,lost_and_found,English,Turkish,What color is your suitcase?,Valiziniz ne renk?,airport_staff,passenger,A1,neutral,"lost_bag,description"
baggage_and_personal_items,lost_and_found,English,Turkish,My suitcase is black with a red handle.,"Valizim siyah, kırmızı saplı.",passenger,airport_staff,A2,neutral,"suitcase,description"
baggage_and_personal_items,lost_and_found,English,Turkish,Please wait while we check the baggage tag.,Lütfen bagaj etiketini kontrol ederken bekleyin.,airport_staff,passenger,A2,polite,"tag,baggage"
baggage_and_personal_items,lost_and_found,English,Turkish,I lost my baggage receipt.,Bagaj fişimi kaybettim.,passenger,airport_staff,A1,neutral,"receipt,lost"
baggage_and_personal_items,lost_and_found,English,Turkish,Do you have your baggage claim tag?,Bagaj teslim etiketiniz yanınızda mı?,airport_staff,passenger,A2,polite,claim_tag
baggage_and_personal_items,boarding,English,Turkish,Please take out your passport and boarding pass from your bag.,Lütfen pasaportunuzu ve biniş kartınızı çantanızdan çıkarın.,airport_staff,passenger,A2,formal,"documents,bag"
baggage_and_personal_items,boarding,English,Turkish,My boarding pass is in my wallet.,Biniş kartım cüzdanımda.,passenger,airport_staff,A1,neutral,"boarding_pass,wallet"
baggage_and_personal_items,cabin,English,Turkish,Can I keep my bag on my lap?,Çantamı kucağımda tutabilir miyim?,passenger,cabin_crew,A1,polite,"bag,cabin"
baggage_and_personal_items,cabin,English,Turkish,"For safety, please place it under the seat.",Güvenlik için lütfen onu koltuğun altına koyun.,cabin_crew,passenger,A2,polite,"safety,seat"
baggage_and_personal_items,cabin,English,Turkish,I need my bag during the flight.,Uçuş sırasında çantama ihtiyacım var.,passenger,cabin_crew,A1,neutral,"bag,flight"
baggage_and_personal_items,cabin,English,Turkish,Please let me know if you need help with your luggage.,Bagajınızla yardıma ihtiyacınız olursa lütfen bana söyleyin.,cabin_crew,passenger,A2,reassuring,"luggage,help"
baggage_and_personal_items,special_assistance,English,Turkish,I cannot lift my suitcase.,Valizimi kaldıramıyorum.,passenger,airport_staff,A1,urgent,"heavy_luggage,assistance"
baggage_and_personal_items,special_assistance,English,Turkish,I can help you with that bag.,O çantada size yardım edebilirim.,airport_staff,passenger,A1,reassuring,"help,bag"
baggage_and_personal_items,special_assistance,English,Turkish,"Could you place the bag on the belt, please?","Çantayı bant üzerine koyabilir misiniz, lütfen?",airport_staff,passenger,A2,polite,"belt,baggage"
baggage_and_personal_items,special_assistance,English,Turkish,My bag has fragile items inside.,Çantamın içinde kırılacak eşyalar var.,passenger,cabin_crew,A2,neutral,"fragile,items"
baggage_and_personal_items,special_assistance,English,Turkish,Please handle this bag carefully.,Lütfen bu çantaya dikkatli davranın.,passenger,airport_staff,A1,polite,"fragile,careful"
baggage_and_personal_items,special_assistance,English,Turkish,We will label your fragile bag.,Kırılacak eşyalar olan çantanızı etiketleyeceğiz.,airport_staff,passenger,A2,formal,"fragile,label"
baggage_and_personal_items,gate,English,Turkish,Is this my gate bag?,Bu benim kapı bagajım mı?,passenger,airport_staff,A1,neutral,"gate_check,bag"
baggage_and_personal_items,gate,English,Turkish,We need to check your carry-on bag at the gate.,El bagajınızı kapıda teslim almamız gerekiyor.,airport_staff,passenger,A2,formal,"gate_check,carry-on"
baggage_and_personal_items,gate,English,Turkish,Can I keep my shopping bag with me?,Alışveriş çantamı yanımda tutabilir miyim?,passenger,cabin_crew,A1,polite,"shopping_bag,cabin"
baggage_and_personal_items,cabin,English,Turkish,Please store your bag in the overhead bin.,Lütfen çantanızı üst bagaj bölmesine koyun.,cabin_crew,passenger,A1,polite,"overhead_bin,bag"
baggage_and_personal_items,cabin,English,Turkish,My umbrella is in my carry-on.,Şemsiyem el bagajımda.,passenger,cabin_crew,A1,neutral,"umbrella,carry-on"
baggage_and_personal_items,cabin,English,Turkish,Please take out anything you need before takeoff.,Lütfen kalkıştan önce ihtiyacınız olan her şeyi çıkarın.,cabin_crew,passenger,A2,polite,"takeoff,items"
baggage_and_personal_items,cabin,English,Turkish,I forgot my medicine in my bag.,İlacımı çantamda unuttum.,passenger,cabin_crew,A1,urgent,"medicine,bag"
baggage_and_personal_items,cabin,English,Turkish,Do you need the bag opened now?,Çantanın şimdi açılmasına ihtiyaç var mı?,cabin_crew,passenger,A2,neutral,"bag,open"
baggage_and_personal_items,check-in,English,Turkish,I have two small bags and one suitcase.,İki küçük çantam ve bir valizim var.,passenger,airport_staff,A1,neutral,"baggage,count"
baggage_and_personal_items,check-in,English,Turkish,Only one personal item is allowed for this ticket.,Bu bilet için sadece bir kişisel eşya hakkınız var.,airport_staff,passenger,A2,formal,"personal_item,policy"
baggage_and_personal_items,check-in,English,Turkish,"My backpack counts as my personal item, right?","Sırt çantam kişisel eşya sayılıyor, değil mi?",passenger,airport_staff,A2,polite,"backpack,policy"
baggage_and_personal_items,check-in,English,Turkish,"Yes, that backpack is fine.","Evet, o sırt çantası uygun.",airport_staff,passenger,A1,reassuring,"backpack,approval"
baggage_and_personal_items,security,English,Turkish,Please place your bag on the conveyor belt.,Lütfen çantanızı konveyör bandına koyun.,airport_staff,passenger,A2,formal,"security,belt"
baggage_and_personal_items,security,English,Turkish,Is there anything sharp in your bag?,Çantanızda kesici bir şey var mı?,airport_staff,passenger,A1,neutral,"sharp_items,security"
baggage_and_personal_items,security,English,Turkish,I have a small scissors in my toiletry bag.,Makyaj çantamda küçük bir makas var.,passenger,airport_staff,A2,neutral,"scissors,toiletry_bag"
baggage_and_personal_items,security,English,Turkish,That item is not allowed in your carry-on.,O eşya el bagajınızda taşınamaz.,airport_staff,passenger,A1,formal,"carry-on,restricted_item"
baggage_and_personal_items,cabin,English,Turkish,My jacket is under the seat.,Ceketim koltuğun altında.,passenger,cabin_crew,A1,neutral,"jacket,seat"
baggage_and_personal_items,cabin,English,Turkish,Please keep the aisle clear of bags.,Lütfen koridoru çantalardan boş tutun.,cabin_crew,passenger,A1,polite,"aisle,bags"
baggage_and_personal_items,cabin,English,Turkish,I need to get my baby bag.,Bebek çantamı almam lazım.,passenger,cabin_crew,A1,urgent,"baby_bag,family"
baggage_and_personal_items,family,English,Turkish,We can place the baby bag in the overhead bin.,Bebek çantasını üst bagaj bölmesine koyabiliriz.,cabin_crew,passenger,A2,reassuring,"baby_bag,family"
baggage_and_personal_items,family,English,Turkish,My child left a toy in the seat pocket.,Çocuğum koltuk cebinde bir oyuncak unuttu.,passenger,cabin_crew,A2,neutral,"child,toy"
baggage_and_personal_items,family,English,Turkish,Please check the seat pocket before you leave.,Lütfen inmeden önce koltuk cebini kontrol edin.,cabin_crew,passenger,A2,polite,"seat_pocket,items"
baggage_and_personal_items,pets,English,Turkish,My pet carrier is under the seat.,Evcil hayvan taşıma çantam koltuğun altında.,passenger,cabin_crew,A2,neutral,"pet_carrier,seat"
baggage_and_personal_items,pets,English,Turkish,Please keep the pet carrier closed.,Lütfen taşıma çantasını kapalı tutun.,cabin_crew,passenger,A1,polite,"pet_carrier,safety"
baggage_and_personal_items,accessibility,English,Turkish,I need help with my luggage.,Bagajımla yardıma ihtiyacım var.,passenger,airport_staff,A1,polite,"assistance,luggage"
baggage_and_personal_items,accessibility,English,Turkish,We will bring your bag to the aircraft door.,Bagajınızı uçağın kapısına getireceğiz.,airport_staff,passenger,A2,reassuring,"assistance,baggage"
baggage_and_personal_items,accessibility,English,Turkish,"Can you carry this for me, please?","Bunu benim için taşıyabilir misiniz, lütfen?",passenger,airport_staff,A1,polite,"help,carry"
baggage_and_personal_items,accessibility,English,Turkish,"Of course, I can help with that.","Tabii, bununla yardımcı olabilirim.",airport_staff,passenger,A1,reassuring,"help,carry"
baggage_and_personal_items,flight_delay,English,Turkish,My checked bag is already on the plane.,Kayıtlı bagajım zaten uçakta.,passenger,airport_staff,A1,neutral,"checked_bag,flight"
baggage_and_personal_items,flight_delay,English,Turkish,Your bag will travel on the next flight.,Bagajınız bir sonraki uçuşla gelecek.,airport_staff,passenger,A2,reassuring,"delay,baggage"
baggage_and_personal_items,flight_delay,English,Turkish,I need my bag today.,Bagajıma bugün ihtiyacım var.,passenger,airport_staff,A1,urgent,"urgent,baggage"
baggage_and_personal_items,flight_delay,English,Turkish,Please keep your claim ticket safe.,Lütfen bagaj fişinizi güvenli bir yerde saklayın.,airport_staff,passenger,A2,polite,"claim_ticket,advice"
baggage_and_personal_items,cabin,English,Turkish,I left my wallet in the seat pocket.,Cüzdanımı koltuk cebinde unuttum.,passenger,cabin_crew,A1,urgent,"wallet,seat_pocket"
baggage_and_personal_items,cabin,English,Turkish,Please check the pocket carefully.,Lütfen cebi dikkatlice kontrol edin.,cabin_crew,passenger,A1,polite,"pocket,items"
baggage_and_personal_items,lost_and_found,English,Turkish,Did you leave any item on the plane?,Uçakta bir eşya unuttunuz mu?,airport_staff,passenger,A1,neutral,"lost_item,plane"
baggage_and_personal_items,lost_and_found,English,Turkish,I think I left my headphones on the seat.,Sanırım kulaklığımı koltukta unuttum.,passenger,airport_staff,A2,neutral,"headphones,seat"
baggage_and_personal_items,general,English,Turkish,Please make sure your bag is closed.,Lütfen çantanızın kapalı olduğundan emin olun.,cabin_crew,passenger,A1,polite,"bag,safety"
baggage_and_personal_items,general,English,Turkish,My bag zipper is broken.,Çantamın fermuarı bozuk.,passenger,airport_staff,A1,neutral,"zipper,bag"
baggage_and_personal_items,general,English,Turkish,Do you need a bag tag?,Bagaj etiketi ister misiniz?,airport_staff,passenger,A1,polite,bag_tag
baggage_and_personal_items,general,English,Turkish,"Yes, please tag this bag.","Evet, lütfen bu çantayı etiketleyin.",passenger,airport_staff,A1,polite,"tag,bag"
baggage_and_personal_items,general,English,Turkish,My hand luggage is very small.,El bagajım çok küçük.,passenger,airport_staff,A1,neutral,hand_luggage
baggage_and_personal_items,general,English,Turkish,That bag will not fit in the cabin.,O çanta kabine sığmaz.,airport_staff,passenger,A1,neutral,"cabin,size"
baggage_and_personal_items,general,English,Turkish,I only have a small handbag.,Sadece küçük bir el çantam var.,passenger,airport_staff,A1,neutral,"handbag,small"
baggage_and_personal_items,general,English,Turkish,Please place it in the overhead bin.,Lütfen onu üst bagaj bölmesine koyun.,cabin_crew,passenger,A1,polite,"overhead_bin,placement"
baggage_and_personal_items,general,English,Turkish,I have my coat and bag with me.,Montum ve çantam yanımda.,passenger,cabin_crew,A1,neutral,"coat,bag"
baggage_and_personal_items,general,English,Turkish,Please keep valuables in your personal item.,Lütfen değerli eşyalarınızı kişisel eşyanızda taşıyın.,airport_staff,passenger,A2,formal,"valuables,personal_item"
baggage_and_personal_items,general,English,Turkish,I have valuables in my bag.,Çantamda değerli eşyalar var.,passenger,airport_staff,A1,neutral,"valuables,bag"
baggage_and_personal_items,general,English,Turkish,Can I leave my bag here for a minute?,Çantamı burada bir dakika bırakabilir miyim?,passenger,cabin_crew,A1,polite,"bag,temporary"
baggage_and_personal_items,general,English,Turkish,"No, please keep it with you.","Hayır, lütfen yanınızda tutun.",cabin_crew,passenger,A1,polite,"bag,policy"
baggage_and_personal_items,general,English,Turkish,My bag is under the wrong seat.,Çantam yanlış koltuğun altında.,passenger,cabin_crew,A2,neutral,"seat,bag"
baggage_and_personal_items,general,English,Turkish,Please keep your personal bag in front of you.,Lütfen kişisel çantanızı önünüzde tutun.,cabin_crew,passenger,A2,polite,"personal_bag,cabin"
baggage_and_personal_items,general,English,Turkish,I need to take something out of my suitcase.,Valizimden bir şey almam gerekiyor.,passenger,airport_staff,A1,neutral,"suitcase,retrieve"
baggage_and_personal_items,general,English,Turkish,The suitcase is in the cargo hold.,Valiz kargo bölümünde.,airport_staff,passenger,A1,formal,"cargo_hold,suitcase"
baggage_and_personal_items,general,English,Turkish,Please wait for your bag at baggage claim.,Lütfen bagaj alımında çantanızı bekleyin.,airport_staff,passenger,A1,neutral,baggage_claim
baggage_and_personal_items,general,English,Turkish,My bag is still not here.,Çantam hâlâ gelmedi.,passenger,airport_staff,A1,urgent,missing_bag
baggage_and_personal_items,general,English,Turkish,We are looking for your missing bag now.,Kayıp çantanızı şimdi arıyoruz.,airport_staff,passenger,A2,reassuring,"missing_bag,search"
baggage_and_personal_items,general,English,Turkish,Can you help me put my bag up?,Çantamı yukarı koymama yardım eder misiniz?,passenger,cabin_crew,A1,polite,"bag,help"
baggage_and_personal_items,general,English,Turkish,"Of course, I will help you.","Tabii, size yardımcı olacağım.",cabin_crew,passenger,A1,reassuring,"help,bag"
baggage_and_personal_items,general,English,Turkish,My bag has a lock on it.,Çantamın kilidi var.,passenger,airport_staff,A1,neutral,"lock,bag"
baggage_and_personal_items,general,English,Turkish,Please unlock the bag if requested.,İstenirse lütfen çantayı açın.,airport_staff,passenger,A2,formal,"lock,inspection"
baggage_and_personal_items,general,English,Turkish,I packed a charger in my backpack.,Sırt çantama bir şarj aleti koydum.,passenger,cabin_crew,A2,neutral,"charger,backpack"
baggage_and_personal_items,general,English,Turkish,Please do not block the seat with your bag.,Lütfen çantanızla koltuğu kapatmayın.,cabin_crew,passenger,A2,polite,"seat,bag"
baggage_and_personal_items,general,English,Turkish,I have a souvenir in my carry-on.,El bagajımda bir hatıra eşyası var.,passenger,airport_staff,A2,neutral,"souvenir,carry-on"
baggage_and_personal_items,general,English,Turkish,That item must be packed in checked baggage.,O eşya kayıtlı bagaja konmalı.,airport_staff,passenger,A2,formal,"checked_baggage,item"
baggage_and_personal_items,general,English,Turkish,Please take your bag with you when you leave.,Lütfen çıkarken çantanızı yanınıza alın.,cabin_crew,passenger,A1,polite,"bag,disembark"
baggage_and_personal_items,general,English,Turkish,I found my bag under the seat.,Çantamı koltuğun altında buldum.,passenger,cabin_crew,A1,neutral,"found_bag,seat"
baggage_and_personal_items,general,English,Turkish,Please keep your bag in the cabin only if it fits.,Lütfen çantanızı sadece sığıyorsa kabinde tutun.,airport_staff,passenger,A2,formal,"cabin,size"
baggage_and_personal_items,general,English,Turkish,Do you need help with your suitcase?,Valizinizle yardıma ihtiyacınız var mı?,airport_staff,passenger,A1,polite,"suitcase,help"
baggage_and_personal_items,general,English,Turkish,"Yes, please carry it to the counter.","Evet, lütfen onu kontuara taşıyın.",passenger,airport_staff,A1,polite,"counter,carry"
baggage_and_personal_items,general,English,Turkish,Please make sure your bag is under the seat during takeoff.,Lütfen kalkış sırasında çantanızın koltuğun altında olduğundan emin olun.,cabin_crew,passenger,A2,formal,"takeoff,safety"
baggage_and_personal_items,general,English,Turkish,I need to change something in my bag.,Çantamdaki bir şeyi değiştirmem gerekiyor.,passenger,cabin_crew,A2,neutral,"bag,adjust"
baggage_and_personal_items,general,English,Turkish,Please tell me if your bag is missing.,Çantanız eksikse lütfen bana söyleyin.,airport_staff,passenger,A2,reassuring,"missing_bag,report"
baggage_and_personal_items,general,English,Turkish,I have already put my bag away.,Çantamı çoktan kaldırdım.,passenger,cabin_crew,A1,neutral,"bag,stored"
baggage_and_personal_items,general,English,Turkish,Please keep your bag close to you.,Lütfen çantanızı yanınızda tutun.,cabin_crew,passenger,A1,polite,"bag,close"
baggage_and_personal_items,general,English,Turkish,My bag fell on the floor.,Çantam yere düştü.,passenger,cabin_crew,A1,neutral,"bag,floor"
baggage_and_personal_items,general,English,Turkish,I can place it back for you.,Onu sizin için tekrar yerine koyabilirim.,cabin_crew,passenger,A1,reassuring,"help,bag"
baggage_and_personal_items,general,English,Turkish,Please do not leave any personal items behind.,Lütfen kişisel eşyalarınızı geride bırakmayın.,airport_staff,passenger,A2,formal,"personal_items,warning"
baggage_and_personal_items,general,English,Turkish,I need a bag for my wet umbrella.,Islak şemsiyem için bir çantaya ihtiyacım var.,passenger,airport_staff,A2,neutral,"umbrella,bag"
baggage_and_personal_items,general,English,Turkish,Your bag is too large for the cabin.,Çantanız kabin için çok büyük.,airport_staff,passenger,A1,neutral,"size,cabin"
baggage_and_personal_items,general,English,Turkish,Can I store this in the locker?,Bunu kilitli dolaba koyabilir miyim?,passenger,airport_staff,A2,polite,"locker,storage"
baggage_and_personal_items,general,English,Turkish,Please keep your valuables in your pocket or bag.,Lütfen değerli eşyalarınızı cebinizde ya da çantanızda tutun.,cabin_crew,passenger,A2,polite,"valuables,safety"
baggage_and_personal_items,general,English,Turkish,My bag is light and small.,Çantam hafif ve küçük.,passenger,airport_staff,A1,neutral,"bag,size"
baggage_and_personal_items,general,English,Turkish,Please check your bag before boarding.,Lütfen binişten önce çantanızı kontrol edin.,airport_staff,passenger,A2,formal,"boarding,check"
baggage_and_personal_items,general,English,Turkish,I need to move my bag to the other side.,Çantamı diğer tarafa taşımam gerekiyor.,passenger,cabin_crew,A2,neutral,"bag,move"
baggage_and_personal_items,general,English,Turkish,Could you keep an eye on my bag?,Çantama göz kulak olur musunuz?,passenger,airport_staff,A2,polite,"bag,watch"
baggage_and_personal_items,general,English,Turkish,"Of course, we will watch it.","Tabii, ona göz kulak olacağız.",airport_staff,passenger,A1,reassuring,"watch,bag"
baggage_and_personal_items,general,English,Turkish,I need my passport from my bag now.,Pasaportumu şimdi çantamdan almam gerekiyor.,passenger,cabin_crew,A2,urgent,"passport,bag"
baggage_and_personal_items,general,English,Turkish,Please do not open other passengers' bags.,Lütfen diğer yolcuların çantalarını açmayın.,cabin_crew,passenger,A2,formal,"privacy,bags"
baggage_and_personal_items,general,English,Turkish,My suitcase handle is broken.,Valizimin sapı kırık.,passenger,airport_staff,A1,neutral,"suitcase,damage"
baggage_and_personal_items,general,English,Turkish,Please report damaged baggage at the desk.,Lütfen hasarlı bagajı masada bildirin.,airport_staff,passenger,A2,formal,"damaged_baggage,report"
baggage_and_personal_items,general,English,Turkish,I have all my bags with me.,Tüm çantalarım yanımda.,passenger,airport_staff,A1,neutral,"bags,all"
baggage_and_personal_items,general,English,Turkish,Please make sure your bag is labeled correctly.,Lütfen çantanızın doğru etiketlendiğinden emin olun.,airport_staff,passenger,A2,formal,"label,baggage"
baggage_and_personal_items,general,English,Turkish,My bag contains gifts.,Çantamda hediyeler var.,passenger,airport_staff,A1,neutral,"gifts,bag"
baggage_and_personal_items,general,English,Turkish,That bag may need to go in the hold.,O çantanın kargo bölümüne gitmesi gerekebilir.,airport_staff,passenger,A2,neutral,"hold,bag"
baggage_and_personal_items,general,English,Turkish,I would like to keep my laptop with me.,Dizüstü bilgisayarımı yanımda tutmak istiyorum.,passenger,airport_staff,A2,polite,"laptop,carry-on"
baggage_and_personal_items,general,English,Turkish,You may keep small electronics in your bag.,Küçük elektronik eşyaları çantanızda tutabilirsiniz.,airport_staff,passenger,A2,formal,"electronics,bag"
baggage_and_personal_items,general,English,Turkish,My bag is next to the window.,Çantam pencerenin yanında.,passenger,cabin_crew,A1,neutral,"bag,seat"
baggage_and_personal_items,general,English,Turkish,Please move your bag from the window seat.,Lütfen çantanızı pencere koltuğundan kaldırın.,cabin_crew,passenger,A2,polite,"window_seat,bag"
baggage_and_personal_items,general,English,Turkish,I need a bigger bag for this trip.,Bu yolculuk için daha büyük bir çantaya ihtiyacım var.,passenger,airport_staff,A2,neutral,bigger_bag
baggage_and_personal_items,general,English,Turkish,Please keep your documents in a safe place.,Lütfen belgelerinizi güvenli bir yerde tutun.,airport_staff,passenger,A2,formal,"documents,safe"
baggage_and_personal_items,general,English,Turkish,I have a bag with wheels.,Tekerlekli bir çantam var.,passenger,airport_staff,A1,neutral,wheeled_bag
baggage_and_personal_items,general,English,Turkish,Please lift the bag carefully.,Lütfen çantayı dikkatlice kaldırın.,cabin_crew,passenger,A1,polite,"lift,careful"
baggage_and_personal_items,general,English,Turkish,I cannot reach my bag.,Çantama uzanamıyorum.,passenger,cabin_crew,A1,urgent,"reach,bag"
baggage_and_personal_items,general,English,Turkish,I will get it for you.,Onu sizin için alacağım.,cabin_crew,passenger,A1,reassuring,"help,bag"
baggage_and_personal_items,general,English,Turkish,My bag is inside the locker.,Çantam dolabın içinde.,passenger,airport_staff,A1,neutral,"locker,bag"
baggage_and_personal_items,general,English,Turkish,Please take your bag when you disembark.,Lütfen inerken çantanızı alın.,cabin_crew,passenger,A1,polite,"disembark,bag"
baggage_and_personal_items,general,English,Turkish,I think I left my scarf in the cabin.,Sanırım atkımı kabinde unuttum.,passenger,cabin_crew,A2,neutral,"scarf,cabin"
baggage_and_personal_items,general,English,Turkish,Please check the cabin for any left items.,Lütfen kabinde unutulan eşya var mı kontrol edin.,cabin_crew,passenger,A2,formal,"left_items,cabin"
baggage_and_personal_items,general,English,Turkish,My bag is full.,Çantam dolu.,passenger,airport_staff,A1,neutral,"bag,full"
baggage_and_personal_items,general,English,Turkish,Please do not place bags on empty seats.,Lütfen çantaları boş koltuklara koymayın.,cabin_crew,passenger,A2,polite,"seats,bags"
baggage_and_personal_items,general,English,Turkish,I have a small bag for my books.,Kitaplarım için küçük bir çantam var.,passenger,airport_staff,A1,neutral,"books,small_bag"
baggage_and_personal_items,general,English,Turkish,Your bag should stay closed during the flight.,Çantanız uçuş boyunca kapalı kalmalı.,cabin_crew,passenger,A2,formal,"flight,bag"
baggage_and_personal_items,general,English,Turkish,I have already packed my things.,Eşyalarımı çoktan topladım.,passenger,airport_staff,A1,neutral,"packed,things"
baggage_and_personal_items,general,English,Turkish,Please make room for the bag under the seat.,Lütfen koltuğun altında çantaya yer açın.,cabin_crew,passenger,A2,polite,"seat,space"
baggage_and_personal_items,general,English,Turkish,My bag has a name tag on it.,Çantamın üzerinde isim etiketi var.,passenger,airport_staff,A1,neutral,"name_tag,bag"
baggage_and_personal_items,general,English,Turkish,Please do not leave valuables in checked baggage.,Lütfen değerli eşyaları kayıtlı bagaja koymayın.,airport_staff,passenger,A2,formal,"valuables,checked_baggage"
baggage_and_personal_items,baggage_and_personal_items,Turkish,English,Bagajımı nereye bırakmalıyım?,Where should I leave my luggage?,passenger,airport_staff,A1,neutral,"baggage,check-in"
baggage_and_personal_items,baggage_and_personal_items,Turkish,English,Bu çanta kabine uygun mu?,Is this bag suitable for the cabin?,passenger,airport_staff,A1,neutral,"carry_on,cabin_bag"
baggage_and_personal_items,baggage_and_personal_items,Turkish,English,"El bagajım çok ağır değil, değil mi?","My carry-on isn't too heavy, is it?",passenger,airport_staff,A2,neutral,"carry_on,weight"
baggage_and_personal_items,baggage_and_personal_items,Turkish,English,Bu valiz kırıldı.,This suitcase is broken.,passenger,airport_staff,A1,neutral,"damaged_bag,suitcase"
baggage_and_personal_items,baggage_and_personal_items,Turkish,English,Valizim gelmedi.,My suitcase didn't arrive.,passenger,airport_staff,A1,urgent,"lost_baggage,arrival"
baggage_and_personal_items,baggage_and_personal_items,Turkish,English,Bagajım hasar görmüş.,My luggage has been damaged.,passenger,airport_staff,A2,neutral,"damaged_bag,complaint"
baggage_and_personal_items,baggage_and_personal_items,Turkish,English,Etiketimi kaybettim.,I lost my tag.,passenger,airport_staff,A1,neutral,"baggage_tag,lost_item"
baggage_and_personal_items,baggage_and_personal_items,Turkish,English,Çantamın fermuarı bozuk.,The zipper on my bag is broken.,passenger,airport_staff,A2,neutral,"bag,repair"
baggage_and_personal_items,baggage_and_personal_items,Turkish,English,Lütfen valizimi dikkatli taşıyın.,Please handle my suitcase carefully.,passenger,airport_staff,A2,polite,"baggage,handling"
baggage_and_personal_items,baggage_and_personal_items,Turkish,English,Kırılacak eşyalarım var.,I have fragile items.,passenger,airport_staff,A2,neutral,"fragile,luggage"
baggage_and_personal_items,baggage_and_personal_items,Turkish,English,Bu çantayı el bagajı olarak alabilir miyim?,Can I take this bag as carry-on?,passenger,airport_staff,A2,polite,carry_on
baggage_and_personal_items,baggage_and_personal_items,Turkish,English,Bir valiz daha eklemek istiyorum.,I want to add one more suitcase.,passenger,airport_staff,A2,neutral,"extra_bag,check_in"
baggage_and_personal_items,baggage_and_personal_items,Turkish,English,Ağırlık sınırı ne kadar?,What is the weight limit?,passenger,airport_staff,A1,neutral,"weight_limit,baggage"
baggage_and_personal_items,baggage_and_personal_items,Turkish,English,Bu poşeti de yanıma alabilir miyim?,Can I take this bag with me too?,passenger,airport_staff,A2,neutral,"bag,carry_on"
baggage_and_personal_items,baggage_and_personal_items,Turkish,English,Çantamı koltuğun altına koyacağım.,I'll put my bag under the seat.,passenger,cabin_crew,A1,neutral,"cabin_bag,seat"
baggage_and_personal_items,baggage_and_personal_items,Turkish,English,Valizimi üst bölmeye koyabilir miyim?,Can I put my suitcase in the overhead bin?,passenger,cabin_crew,A2,polite,"overhead_bin,suitcase"
baggage_and_personal_items,baggage_and_personal_items,Turkish,English,Üst bölme dolu.,The overhead bin is full.,cabin_crew,passenger,A1,neutral,"overhead_bin,storage"
baggage_and_personal_items,baggage_and_personal_items,Turkish,English,Lütfen çantanızı ön koltuğun altına koyun.,Please put your bag under the seat in front of you.,cabin_crew,passenger,A2,polite,"cabin_bag,instruction"
baggage_and_personal_items,baggage_and_personal_items,Turkish,English,Çantam orada kalmış olabilir.,My bag may have been left there.,passenger,cabin_crew,A2,neutral,"lost_item,cabin"
baggage_and_personal_items,baggage_and_personal_items,Turkish,English,Kabinde küçük bir çanta taşıyorum.,I'm carrying a small bag in the cabin.,passenger,cabin_crew,A1,neutral,cabin_bag
baggage_and_personal_items,baggage_and_personal_items,Turkish,English,Bu sırt çantası bana ait.,This backpack is mine.,passenger,airport_staff,A1,neutral,"backpack,ownership"
baggage_and_personal_items,baggage_and_personal_items,Turkish,English,Çantamı açmam gerekiyor mu?,Do I need to open my bag?,passenger,airport_staff,A1,neutral,"security,bag"
baggage_and_personal_items,baggage_and_personal_items,Turkish,English,Bagajımı burada unutmuş olabilirim.,I may have forgotten my luggage here.,passenger,airport_staff,A2,urgent,"forgotten_luggage,lost_item"
baggage_and_personal_items,baggage_and_personal_items,Turkish,English,Çantamı aramama yardım eder misiniz?,Could you help me look for my bag?,passenger,airport_staff,A2,polite,"lost_item,help"
baggage_and_personal_items,baggage_and_personal_items,Turkish,English,Bu valiz benim değil.,This suitcase is not mine.,passenger,airport_staff,A1,neutral,"wrong_bag,ownership"
baggage_and_personal_items,baggage_and_personal_items,Turkish,English,Yanlış çantayı almışım.,I took the wrong bag.,passenger,airport_staff,A1,neutral,"wrong_bag,mix_up"
baggage_and_personal_items,baggage_and_personal_items,Turkish,English,Bagajımın numarası bu mu?,Is this my baggage tag number?,passenger,airport_staff,A2,neutral,"baggage_tag,number"
baggage_and_personal_items,baggage_and_personal_items,Turkish,English,Eşyalarımı alabilir miyim?,Can I get my belongings?,passenger,cabin_crew,A1,polite,personal_items
baggage_and_personal_items,baggage_and_personal_items,Turkish,English,Pasaportum çantamın içinde.,My passport is in my bag.,passenger,airport_staff,A1,neutral,"passport,bag"
baggage_and_personal_items,baggage_and_personal_items,Turkish,English,Telefon şarj cihazım valizde kaldı.,My phone charger is still in my suitcase.,passenger,cabin_crew,A2,neutral,"personal_item,charger"
baggage_and_personal_items,baggage_and_personal_items,Turkish,English,Cüzdanım kayboldu.,My wallet is missing.,passenger,airport_staff,A1,urgent,"wallet,lost_item"
baggage_and_personal_items,baggage_and_personal_items,Turkish,English,Anahtarlarımı çantamda unuttum.,I left my keys in my bag.,passenger,cabin_crew,A2,neutral,"keys,personal_items"
baggage_and_personal_items,baggage_and_personal_items,Turkish,English,Bu eşya kabinde taşınamaz mı?,Can't this item be carried in the cabin?,passenger,airport_staff,A2,neutral,"restricted_item,cabin"
baggage_and_personal_items,baggage_and_personal_items,Turkish,English,Sıvılarımı ayrı bir torbaya koydum.,I put my liquids in a separate bag.,passenger,airport_staff,A2,neutral,"liquids,security"
baggage_and_personal_items,baggage_and_personal_items,Turkish,English,Elektronik eşyalarımı çıkarmam gerekiyor mu?,Do I need to take out my electronics?,passenger,airport_staff,A2,neutral,"electronics,security"
baggage_and_personal_items,baggage_and_personal_items,Turkish,English,Laptop çantam yanımda.,My laptop bag is with me.,passenger,cabin_crew,A1,neutral,"laptop,bag"
baggage_and_personal_items,baggage_and_personal_items,Turkish,English,Bu çantayı yukarı koyabilir misiniz?,Could you put this bag up there?,passenger,cabin_crew,A2,polite,"carry_on,assistance"
baggage_and_personal_items,baggage_and_personal_items,Turkish,English,Eşyalarımı yerden alayım.,I'll pick up my things from the floor.,passenger,cabin_crew,A1,neutral,"personal_items,cabin"
baggage_and_personal_items,baggage_and_personal_items,Turkish,English,Çantam sıkışmış.,My bag is stuck.,passenger,cabin_crew,A1,urgent,"bag,cabin"
baggage_and_personal_items,baggage_and_personal_items,Turkish,English,Bu şişe çantamın içinde.,This bottle is in my bag.,passenger,airport_staff,A1,neutral,"bottle,bag"
baggage_and_personal_items,baggage_and_personal_items,Turkish,English,Çantam çok büyük mü?,Is my bag too big?,passenger,airport_staff,A1,neutral,"bag_size,carry_on"
baggage_and_personal_items,baggage_and_personal_items,Turkish,English,Bu eşyayı uçağa alabilir miyim?,Can I take this item onto the plane?,passenger,airport_staff,A2,neutral,"personal_item,boarding"
baggage_and_personal_items,baggage_and_personal_items,Turkish,English,Çocuğumun çantası burada mı?,Is my child's bag here?,passenger,airport_staff,A2,neutral,"child,bag"
baggage_and_personal_items,baggage_and_personal_items,Turkish,English,Bebek arabasını bagaja vereceğim.,I'll check the stroller in the baggage hold.,passenger,airport_staff,A2,neutral,"stroller,baggage"
baggage_and_personal_items,baggage_and_personal_items,Turkish,English,Puset için etiket alabilir miyim?,Can I get a tag for the stroller?,passenger,airport_staff,A2,polite,"stroller,tag"
baggage_and_personal_items,baggage_and_personal_items,Turkish,English,Kıyafetlerim valizin içinde kaldı.,My clothes are still in the suitcase.,passenger,airport_staff,A2,neutral,"clothes,suitcase"
baggage_and_personal_items,baggage_and_personal_items,Turkish,English,Hediyeliklerimi kırmayın lütfen.,Please don't break my gifts.,passenger,cabin_crew,A2,polite,"fragile,gifts"
baggage_and_personal_items,baggage_and_personal_items,Turkish,English,Bu çantayı ücretsiz alabiliyor muyum?,Can I take this bag for free?,passenger,airport_staff,A2,neutral,"baggage_fee,bag"
baggage_and_personal_items,baggage_and_personal_items,Turkish,English,Ek bagaj ücreti ne kadar?,How much is the extra baggage fee?,passenger,airport_staff,A2,neutral,"extra_baggage,fee"
baggage_and_personal_items,baggage_and_personal_items,Turkish,English,Çantamı teslim ettim.,I checked in my bag.,passenger,airport_staff,A1,neutral,"checked_baggage,check_in"
baggage_and_personal_items,baggage_and_personal_items,Turkish,English,Bu kutu kırılabilir.,This box may break.,passenger,airport_staff,A2,neutral,"fragile,box"
baggage_and_personal_items,baggage_and_personal_items,Turkish,English,Lütfen bu çantayı kaybetmeyin.,Please don't lose this bag.,passenger,airport_staff,A2,polite,"lost_baggage,request"
baggage_and_personal_items,baggage_and_personal_items,Turkish,English,Bagaj bandı nerede?,Where is the baggage carousel?,passenger,airport_staff,A1,neutral,"baggage_claim,arrival"
baggage_and_personal_items,baggage_and_personal_items,Turkish,English,Valizimi burada bekleyeceğim.,I'll wait for my suitcase here.,passenger,airport_staff,A1,neutral,"baggage_claim,waiting"
baggage_and_personal_items,baggage_and_personal_items,Turkish,English,Bu ceket benim koltukta kaldı.,This jacket was left in my seat.,passenger,cabin_crew,A2,neutral,"jacket,seat"
baggage_and_personal_items,baggage_and_personal_items,Turkish,English,Kulaklığım valizin üst cebinde.,My headphones are in the top pocket of my suitcase.,passenger,cabin_crew,A2,neutral,"headphones,personal_items"
baggage_and_personal_items,baggage_and_personal_items,Turkish,English,Bu torbada ilaçlarım var.,I have medicine in this bag.,passenger,cabin_crew,A1,neutral,"medicine,bag"
baggage_and_personal_items,baggage_and_personal_items,Turkish,English,İlaç çantamı yanımda tutmam gerekiyor.,I need to keep my medicine bag with me.,passenger,cabin_crew,A2,urgent,"medicine,carry_on"
baggage_and_personal_items,baggage_and_personal_items,Turkish,English,Değerli eşyalarımı kabine alacağım.,I'll take my valuables into the cabin.,passenger,airport_staff,A2,neutral,"valuables,cabin"
baggage_and_personal_items,baggage_and_personal_items,Turkish,English,Bu küçük çanta benim için yeterli.,This small bag is enough for me.,passenger,airport_staff,A1,neutral,small_bag
baggage_and_personal_items,baggage_and_personal_items,Turkish,English,Aynı valizden iki tane var.,I have two of the same suitcase.,passenger,airport_staff,A2,neutral,"suitcase,ownership"
baggage_and_personal_items,baggage_and_personal_items,Turkish,English,Çantamın rengi siyah.,My bag is black.,passenger,airport_staff,A1,neutral,bag_description
baggage_and_personal_items,baggage_and_personal_items,Turkish,English,Valizimin sapı kopmuş.,The handle of my suitcase has come off.,passenger,airport_staff,A2,neutral,"suitcase,damage"
baggage_and_personal_items,baggage_and_personal_items,Turkish,English,Lütfen bu paketi üstte bırakın.,Please leave this package on top.,passenger,cabin_crew,A2,polite,"package,cabin"
baggage_and_personal_items,baggage_and_personal_items,Turkish,English,Benim çantam şu rafta olabilir.,My bag may be on that shelf.,passenger,cabin_crew,A2,neutral,"bag,storage"
baggage_and_personal_items,baggage_and_personal_items,Turkish,English,Küçük valizimi kendim taşıyabilirim.,I can carry my small suitcase myself.,passenger,cabin_crew,A2,neutral,"suitcase,assistance"
baggage_and_personal_items,baggage_and_personal_items,Turkish,English,Çantamı kim aldı?,Who took my bag?,passenger,airport_staff,A1,urgent,"lost_bag,security"
baggage_and_personal_items,baggage_and_personal_items,Turkish,English,Ben bagajımı hemen almak istiyorum.,I want to get my luggage right away.,passenger,airport_staff,A2,neutral,baggage_claim
baggage_and_personal_items,baggage_and_personal_items,Turkish,English,"Bu eşyalar hassas, lütfen nazik olun.","These items are delicate, please be careful.",passenger,airport_staff,A2,polite,"fragile,careful"
baggage_and_personal_items,baggage_and_personal_items,Turkish,English,Çantamın içi kontrol edildi mi?,Was the inside of my bag checked?,passenger,airport_staff,A2,neutral,"security,bag"
baggage_and_personal_items,baggage_and_personal_items,Turkish,English,Valizimi kapıya yakın koydum.,I put my suitcase near the door.,passenger,cabin_crew,A1,neutral,"suitcase,cabin"
baggage_and_personal_items,baggage_and_personal_items,Turkish,English,Bu kutu benim hediyelerim için.,This box is for my gifts.,passenger,airport_staff,A2,neutral,"box,gifts"
baggage_and_personal_items,baggage_and_personal_items,Turkish,English,Sırt çantam çok dolu.,My backpack is very full.,passenger,cabin_crew,A1,neutral,"backpack,packed"
baggage_and_personal_items,baggage_and_personal_items,Turkish,English,Çantamı tekrar kontrol eder misiniz?,Could you check my bag again?,passenger,airport_staff,A2,polite,"bag,check"
baggage_and_personal_items,baggage_and_personal_items,Turkish,English,Valizim yanlış uçakta olabilir.,My suitcase may be on the wrong plane.,passenger,airport_staff,B1,urgent,"misrouted_bag,flight"
baggage_and_personal_items,baggage_and_personal_items,Turkish,English,Bu el çantasını yanıma alacağım.,I'll take this handbag with me.,passenger,airport_staff,A1,neutral,"handbag,carry_on"
baggage_and_personal_items,baggage_and_personal_items,Turkish,English,Eşyalarımı nereye koyduğumu unuttum.,I forgot where I put my things.,passenger,cabin_crew,A2,neutral,"personal_items,forgot"
baggage_and_personal_items,baggage_and_personal_items,Turkish,English,Bir şey düşürdüm galiba.,I think I dropped something.,passenger,cabin_crew,A2,urgent,"lost_item,cabin"
baggage_and_personal_items,baggage_and_personal_items,Turkish,English,"Çantamın içinde büyük bir şişe yok, değil mi?","There isn't a large bottle in my bag, is there?",passenger,airport_staff,B1,neutral,"liquids,security"
baggage_and_personal_items,baggage_and_personal_items,Turkish,English,Bu valizi kimin olduğunu bilmiyorum.,I don't know whose suitcase this is.,passenger,airport_staff,A2,neutral,"wrong_bag,ownership"
baggage_and_personal_items,baggage_and_personal_items,Turkish,English,Küçük bir poşet yeterli mi?,Is a small bag enough?,passenger,airport_staff,A1,neutral,bag_size
baggage_and_personal_items,baggage_and_personal_items,Turkish,English,Bavulum kapıya kadar gelebilir mi?,Can my suitcase come up to the gate?,passenger,airport_staff,B1,neutral,"gate,baggage"
baggage_and_personal_items,baggage_and_personal_items,Turkish,English,Çantamı kenara koyabilir miyim?,Can I put my bag to the side?,passenger,cabin_crew,A1,polite,"bag,cabin"
baggage_and_personal_items,baggage_and_personal_items,Turkish,English,Bu eşyanın etiketi yok.,This item doesn't have a tag.,passenger,airport_staff,A2,neutral,"tag,luggage"
baggage_and_personal_items,baggage_and_personal_items,Turkish,English,Valizim çok uzakta kaldı.,My suitcase was left too far away.,passenger,cabin_crew,A2,neutral,"suitcase,cabin"
baggage_and_personal_items,baggage_and_personal_items,Turkish,English,Çantamı kayıp eşya birimine vermek istiyorum.,I want to hand my bag in to lost and found.,passenger,airport_staff,B1,neutral,"lost_and_found,bag"
baggage_and_personal_items,baggage_and_personal_items,Turkish,English,Eşyalarımın hepsi burada mı?,Are all my things here?,passenger,cabin_crew,A1,neutral,personal_items
baggage_and_personal_items,baggage_and_personal_items,Turkish,English,Çantamın sapı yırtılmış.,The strap of my bag is torn.,passenger,airport_staff,A2,neutral,"bag,damage"
baggage_and_personal_items,baggage_and_personal_items,Turkish,English,Bu bavulu size bırakıyorum.,I'm leaving this suitcase with you.,passenger,airport_staff,A1,neutral,checked_baggage
baggage_and_personal_items,baggage_and_personal_items,Turkish,English,Çocuk oyuncağını çantaya koydum.,I put the child's toy in the bag.,passenger,cabin_crew,A2,neutral,"child,toy,bag"
baggage_and_personal_items,baggage_and_personal_items,Turkish,English,Bu küçük çantayı yan koltuğa koymayın lütfen.,Please don't put this small bag on the next seat.,passenger,cabin_crew,A2,polite,"bag,seat"
baggage_and_personal_items,baggage_and_personal_items,Turkish,English,Biri çantamı karıştırdı mı?,Did someone go through my bag?,passenger,airport_staff,B1,urgent,"security,bag"
baggage_and_personal_items,baggage_and_personal_items,Turkish,English,Cüzdanımı çantamdan çıkaracağım.,I'll take my wallet out of my bag.,passenger,cabin_crew,A1,neutral,"wallet,bag"
children_and_family,boarding,English,Turkish,I am traveling with my two children.,İki çocuğumla seyahat ediyorum.,passenger,airport_staff,A1,neutral,"family,children,boarding"
children_and_family,boarding,English,Turkish,My daughter is three years old.,Kızım üç yaşında.,passenger,airport_staff,A1,neutral,"child,age"
children_and_family,boarding,English,Turkish,My son needs a child seat.,Oğlum için çocuk koltuğu gerekiyor.,passenger,airport_staff,A2,neutral,"child,seat"
children_and_family,boarding,English,Turkish,Do children board first?,Çocuklar önce mi biniyor?,passenger,airport_staff,A1,polite,"boarding,children"
children_and_family,boarding,English,Turkish,We are sitting together as a family.,Bir aile olarak yan yana oturmak istiyoruz.,passenger,airport_staff,A2,polite,"seating,family"
children_and_family,boarding,English,Turkish,Can my baby sit on my lap?,Bebeğim kucağımda oturabilir mi?,passenger,airport_staff,A1,polite,"baby,lap"
children_and_family,boarding,English,Turkish,I have a stroller with me.,Yanımda bir bebek arabası var.,passenger,airport_staff,A1,neutral,"stroller,baby"
children_and_family,boarding,English,Turkish,Where do I check the stroller?,Bebek arabasını nerede teslim edebilirim?,passenger,airport_staff,A2,polite,"stroller,check-in"
children_and_family,boarding,English,Turkish,Please help me with my child and bags.,Lütfen çocuğum ve çantalarım konusunda bana yardımcı olun.,passenger,airport_staff,A2,polite,"help,family,bags"
children_and_family,boarding,English,Turkish,My child is tired.,Çocuğum yoruldu.,passenger,airport_staff,A1,neutral,"tired,child"
children_and_family,boarding,English,Turkish,Could we get seats near the toilet?,Tuvalete yakın koltuk alabilir miyiz?,passenger,airport_staff,A2,polite,"seating,toilet,family"
children_and_family,boarding,English,Turkish,We need an aisle seat for our child.,Çocuğumuz için koridor tarafı koltuk gerekiyor.,passenger,airport_staff,A2,polite,"seating,child"
children_and_family,boarding,English,Turkish,My child is flying alone.,Çocuğum tek başına uçuyor.,passenger,airport_staff,A2,neutral,unaccompanied_minor
children_and_family,boarding,English,Turkish,Is there special help for families?,Aileler için özel yardım var mı?,passenger,airport_staff,A2,polite,"family,help"
children_and_family,boarding,English,Turkish,We have a baby and a toddler.,Bir bebeğimiz ve bir küçük çocuğumuz var.,passenger,airport_staff,A2,neutral,"baby,toddler,family"
children_and_family,boarding,English,Turkish,My child needs a window seat.,Çocuğum pencere kenarı koltuk istiyor.,passenger,airport_staff,A2,neutral,"child,window seat"
children_and_family,boarding,English,Turkish,Please keep our family together.,Lütfen ailemizi birlikte tutun.,passenger,airport_staff,A2,polite,"family,seating"
children_and_family,boarding,English,Turkish,My baby needs a nappy change.,Bebeğimin bezini değiştirmem gerekiyor.,passenger,cabin_crew,A2,polite,"baby,nappy"
children_and_family,cabin,English,Turkish,Do you have hot water for baby formula?,Mama için sıcak su var mı?,passenger,cabin_crew,A2,polite,"baby formula,food,cabin"
children_and_family,cabin,English,Turkish,My child feels sick.,Çocuğumun midesi bulandı.,passenger,cabin_crew,A2,urgent,"child,health"
children_and_family,cabin,English,Turkish,Can you warm this baby bottle?,Bu bebek biberonunu ısıtabilir misiniz?,passenger,cabin_crew,A2,polite,"baby bottle,food"
children_and_family,cabin,English,Turkish,My daughter needs help with the seat belt.,Kızımın emniyet kemeri için yardıma ihtiyacı var.,passenger,cabin_crew,A2,polite,"child,seat belt"
children_and_family,cabin,English,Turkish,Please give my child a child meal.,Lütfen çocuğuma çocuk menüsü verin.,passenger,cabin_crew,A2,polite,"child meal,food"
children_and_family,cabin,English,Turkish,My son needs some water.,Oğlumun biraz suya ihtiyacı var.,passenger,cabin_crew,A1,neutral,"child,water"
children_and_family,cabin,English,Turkish,Could you help me calm my baby?,Bebeğimi sakinleştirmeme yardım eder misiniz?,passenger,cabin_crew,A2,polite,"baby,calm"
children_and_family,cabin,English,Turkish,Is there a changing table on board?,Uçakta alt değiştirme masası var mı?,passenger,cabin_crew,A2,polite,"changing table,toilet"
children_and_family,cabin,English,Turkish,We need extra napkins for our child.,Çocuğumuz için ekstra peçeteye ihtiyacımız var.,passenger,cabin_crew,A2,polite,"child,napkins"
children_and_family,cabin,English,Turkish,My daughter dropped her toy.,Kızım oyuncağını düşürdü.,passenger,cabin_crew,A1,neutral,"toy,child"
children_and_family,cabin,English,Turkish,Can my child use this blanket?,Çocuğum bu battaniyeyi kullanabilir mi?,passenger,cabin_crew,A1,polite,"blanket,child"
children_and_family,cabin,English,Turkish,Please speak slowly to my child.,Lütfen çocuğuma yavaş konuşun.,passenger,cabin_crew,A2,polite,"child,communication"
children_and_family,cabin,English,Turkish,My child is afraid of flying.,Çocuğum uçmaktan korkuyor.,passenger,cabin_crew,A2,neutral,"fear,child"
children_and_family,cabin,English,Turkish,He is only a little sleepy.,O sadece biraz uykulu.,passenger,cabin_crew,A2,neutral,"child,sleepy"
children_and_family,cabin,English,Turkish,My baby needs to feed now.,Bebeğimi şimdi beslemem gerekiyor.,passenger,cabin_crew,A2,polite,"baby,feeding"
children_and_family,cabin,English,Turkish,Can I stand up with my baby?,Bebeğimle ayağa kalkabilir miyim?,passenger,cabin_crew,A2,polite,"baby,standing"
children_and_family,cabin,English,Turkish,My child cannot fasten the buckle.,Çocuğum tokayı takamıyor.,passenger,cabin_crew,A2,neutral,"child,buckle"
children_and_family,cabin,English,Turkish,Please help my daughter sit down.,Lütfen kızımın oturmasına yardım edin.,passenger,cabin_crew,A1,polite,"daughter,help"
children_and_family,cabin,English,Turkish,We are traveling with twins.,İkizlerle seyahat ediyoruz.,passenger,cabin_crew,A2,neutral,"twins,family"
children_and_family,cabin,English,Turkish,The child next to me is mine.,Yanımdaki çocuk benim.,passenger,cabin_crew,A1,neutral,"child,family"
children_and_family,cabin,English,Turkish,Could we get an extra pillow for the baby?,Bebek için ekstra bir yastık alabilir miyiz?,passenger,cabin_crew,A2,polite,"baby,pillow"
children_and_family,cabin,English,Turkish,My child spilled the juice.,Çocuğum suyu döktü.,passenger,cabin_crew,A2,neutral,"child,spill"
children_and_family,cabin,English,Turkish,Please do not wake the baby.,Lütfen bebeği uyandırmayın.,passenger,cabin_crew,A1,polite,"baby,sleep"
children_and_family,cabin,English,Turkish,My daughter is feeling cold.,Kızım üşüyor.,passenger,cabin_crew,A1,neutral,"daughter,cold"
children_and_family,cabin,English,Turkish,Could you bring another blanket for my son?,Oğlum için bir battaniye daha getirebilir misiniz?,passenger,cabin_crew,A2,polite,"son,blanket"
children_and_family,cabin,English,Turkish,My child wants to use the restroom.,Çocuğum tuvaleti kullanmak istiyor.,passenger,cabin_crew,A1,neutral,"child,restroom"
children_and_family,cabin,English,Turkish,Is the water safe for babies?,Su bebekler için güvenli mi?,passenger,cabin_crew,A2,polite,"baby,water"
children_and_family,cabin,English,Turkish,My son is afraid of the noise.,Oğlum sesten korkuyor.,passenger,cabin_crew,A2,neutral,"son,noise"
children_and_family,cabin,English,Turkish,Could you repeat that for my child?,Bunu çocuğum için tekrar eder misiniz?,passenger,cabin_crew,A2,polite,"child,repeat"
children_and_family,cabin,English,Turkish,My baby needs medicine.,Bebeğimin ilaca ihtiyacı var.,passenger,cabin_crew,A2,urgent,"baby,medicine"
children_and_family,cabin,English,Turkish,My child has a fever.,Çocuğumun ateşi var.,passenger,cabin_crew,A2,urgent,"child,fever"
children_and_family,cabin,English,Turkish,We need to sit near the front with our children.,Çocuklarımızla önde oturmamız gerekiyor.,passenger,cabin_crew,A2,polite,"children,seating"
children_and_family,cabin,English,Turkish,My daughter is asleep now.,Kızım şimdi uyuyor.,passenger,cabin_crew,A1,neutral,"daughter,sleep"
children_and_family,cabin,English,Turkish,Please be quiet; the baby is sleeping.,Lütfen sessiz olun; bebek uyuyor.,passenger,cabin_crew,A1,polite,"baby,quiet"
children_and_family,cabin,English,Turkish,My child is excited.,Çocuğum çok heyecanlı.,passenger,cabin_crew,A1,neutral,"child,emotion"
children_and_family,cabin,English,Turkish,He wants to see the window.,O pencereyi görmek istiyor.,passenger,cabin_crew,A1,neutral,"child,window"
children_and_family,cabin,English,Turkish,Can you help my child open the snack?,Çocuğumun atıştırmalığı açmasına yardım eder misiniz?,passenger,cabin_crew,A2,polite,"child,snack"
children_and_family,cabin,English,Turkish,My baby does not like the seat belt.,Bebeğim emniyet kemerini sevmiyor.,passenger,cabin_crew,A2,neutral,"baby,seat belt"
children_and_family,cabin,English,Turkish,We are a family of four.,Dört kişilik bir aileyiz.,passenger,cabin_crew,A1,neutral,family
children_and_family,cabin,English,Turkish,Can the children use the toilet now?,Çocuklar şimdi tuvaleti kullanabilir mi?,passenger,cabin_crew,A1,polite,"children,toilet"
children_and_family,cabin,English,Turkish,My son needs to use the toilet urgently.,Oğlumun acilen tuvalete gitmesi gerekiyor.,passenger,cabin_crew,A2,urgent,"son,toilet"
children_and_family,cabin,English,Turkish,Please give my child some tissues.,Lütfen çocuğuma biraz mendil verin.,passenger,cabin_crew,A1,polite,"child,tissues"
children_and_family,cabin,English,Turkish,My daughter is feeling better now.,Kızım şimdi daha iyi hissediyor.,passenger,cabin_crew,A2,reassuring,"daughter,health"
children_and_family,cabin,English,Turkish,We need a quiet seat for our baby.,Bebeğimiz için sessiz bir koltuk gerekiyor.,passenger,cabin_crew,A2,polite,"baby,quiet,seating"
children_and_family,cabin,English,Turkish,My child is hungry.,Çocuğum acıktı.,passenger,cabin_crew,A1,neutral,"child,hungry"
children_and_family,cabin,English,Turkish,Do you have milk for children?,Çocuklar için süt var mı?,passenger,cabin_crew,A1,polite,"children,milk"
children_and_family,cabin,English,Turkish,My baby needs to burp.,Bebeğimin gazını çıkarmam gerekiyor.,passenger,cabin_crew,A2,neutral,"baby,burp"
children_and_family,cabin,English,Turkish,Could I have a spoon for my child?,Çocuğum için bir kaşık alabilir miyim?,passenger,cabin_crew,A1,polite,"child,spoon"
children_and_family,cabin,English,Turkish,My child is drawing quietly.,Çocuğum sessizce resim çiziyor.,passenger,cabin_crew,A2,neutral,"child,quiet"
children_and_family,cabin,English,Turkish,Please watch my child for a moment.,Lütfen bir dakika çocuğuma göz kulak olun.,passenger,cabin_crew,A2,polite,"child,watch"
children_and_family,cabin,English,Turkish,My baby has a wet diaper.,Bebeğimin bezi ıslandı.,passenger,cabin_crew,A2,neutral,"baby,diaper"
children_and_family,cabin,English,Turkish,Can we change seats with another family?,Başka bir aileyle koltuk değiştirebilir miyiz?,passenger,cabin_crew,B1,polite,"family,seating"
children_and_family,cabin,English,Turkish,The baby is finally calm.,Bebek sonunda sakinleşti.,passenger,cabin_crew,A2,reassuring,"baby,calm"
children_and_family,cabin,English,Turkish,My child needs to sleep.,Çocuğumun uyuması gerekiyor.,passenger,cabin_crew,A1,neutral,"child,sleep"
children_and_family,cabin,English,Turkish,Do you have a children’s menu?,Çocuk menünüz var mı?,passenger,cabin_crew,A1,polite,"children menu,food"
children_and_family,cabin,English,Turkish,My daughter is not feeling well.,Kızımın kendini iyi hissetmiyor.,passenger,cabin_crew,A2,urgent,"daughter,health"
children_and_family,cabin,English,Turkish,She needs fresh air.,Onun temiz havaya ihtiyacı var.,passenger,cabin_crew,A2,neutral,"child,air"
children_and_family,cabin,English,Turkish,My son lost his toy plane.,Oğlum oyuncak uçağını kaybetti.,passenger,cabin_crew,A2,neutral,"toy,plane,child"
children_and_family,cabin,English,Turkish,Could you find a napkin for my baby?,Bebek için bir peçete bulabilir misiniz?,passenger,cabin_crew,A1,polite,"baby,napkin"
children_and_family,cabin,English,Turkish,Our child is very small.,Çocuğumuz çok küçük.,passenger,cabin_crew,A1,neutral,"child,small"
children_and_family,cabin,English,Turkish,My baby needs a change of clothes.,Bebeğimin kıyafet değiştirmesi gerekiyor.,passenger,cabin_crew,A2,neutral,"baby,clothes"
children_and_family,cabin,English,Turkish,Please take care when you open the door.,Lütfen kapıyı açarken dikkatli olun.,passenger,cabin_crew,A2,polite,"child,caution"
children_and_family,cabin,English,Turkish,I am carrying my baby.,Bebeğimi kucağımda taşıyorum.,passenger,cabin_crew,A1,neutral,"baby,carrying"
children_and_family,cabin,English,Turkish,We need help with our child’s luggage.,Çocuğumuzun bagajı için yardıma ihtiyacımız var.,passenger,cabin_crew,A2,polite,"child,luggage"
children_and_family,cabin,English,Turkish,My child is waiting for his snack.,Çocuğum atıştırmalığını bekliyor.,passenger,cabin_crew,A2,neutral,"child,snack"
children_and_family,cabin,English,Turkish,Can you tell me when the meal service starts?,"Yemek servisi ne zaman başlıyor, söyleyebilir misiniz?",passenger,cabin_crew,A2,polite,"meal service,children"
children_and_family,cabin,English,Turkish,My baby needs attention.,Bebeğimin ilgilenilmesi gerekiyor.,passenger,cabin_crew,A2,urgent,"baby,attention"
children_and_family,cabin,English,Turkish,Please help us keep the baby safe.,Lütfen bebeği güvende tutmamıza yardım edin.,passenger,cabin_crew,A2,polite,"baby,safety"
children_and_family,cabin,English,Turkish,My children are quiet now.,Çocuklarım şimdi sakin.,passenger,cabin_crew,A1,reassuring,"children,quiet"
children_and_family,cabin,English,Turkish,The baby is asleep in my arms.,Bebek kollarımda uyuyor.,passenger,cabin_crew,A2,neutral,"baby,sleep"
children_and_family,cabin,English,Turkish,My daughter wants some juice.,Kızım biraz meyve suyu istiyor.,passenger,cabin_crew,A1,neutral,"daughter,juice"
children_and_family,cabin,English,Turkish,Could you bring a straw for my child?,Çocuğum için bir pipet getirebilir misiniz?,passenger,cabin_crew,A2,polite,"child,straw"
children_and_family,cabin,English,Turkish,My son is very tired.,Oğlum çok yorgun.,passenger,cabin_crew,A1,neutral,"son,tired"
children_and_family,cabin,English,Turkish,Is there space for a baby carrier?,Bebek taşıyıcısı için yer var mı?,passenger,cabin_crew,A2,polite,"baby carrier,space"
children_and_family,cabin,English,Turkish,My child is sharing the seat with me.,Çocuğum benimle aynı koltuğu paylaşıyor.,passenger,cabin_crew,A2,neutral,"child,seat"
children_and_family,cabin,English,Turkish,Please do not touch my baby.,Lütfen bebeğime dokunmayın.,passenger,cabin_crew,A1,polite,"baby,boundaries"
children_and_family,cabin,English,Turkish,My daughter needs to use the toilet first.,Önce kızımın tuvaleti kullanması gerekiyor.,passenger,cabin_crew,A2,polite,"daughter,toilet"
children_and_family,cabin,English,Turkish,We are traveling with our grandparents and children.,Büyükanne ve büyükbabamızla ve çocuklarımızla seyahat ediyoruz.,passenger,cabin_crew,B1,neutral,"family,multi-generation"
children_and_family,boarding,Turkish,English,Çocuğumla birlikte öncelikli biniş yapabilir miyim?,Can I board with my child priority?,passenger,gate_agent,A1,polite,"boarding,family,priority"
children_and_family,boarding,Turkish,English,Bebek arabasını kapıda teslim etmek istiyorum.,I want to gate-check the stroller.,passenger,gate_agent,A1,neutral,"boarding,stroller,family"
children_and_family,cabin,Turkish,English,"Çocuğum biraz huzursuz, oturduğu yerden kalkmak istiyor.",My child is a little restless and wants to get up from the seat.,passenger,cabin_crew,A2,polite,"cabin,child,comfort"
children_and_family,boarding,Turkish,English,Yanımda iki küçük çocuğum var.,I have two small children with me.,passenger,gate_agent,A1,neutral,"family,children,boarding"
children_and_family,cabin,Turkish,English,Bebeğim için ekstra battaniye alabilir miyim?,Could I get an extra blanket for my baby?,passenger,cabin_crew,A1,polite,"baby,cabin,request"
children_and_family,cabin,Turkish,English,Çocuğumun emniyet kemerini kontrol eder misiniz?,Could you check my child's seat belt?,passenger,cabin_crew,A2,polite,"child,safety,cabin"
children_and_family,boarding,Turkish,English,Ailemle birlikte yan yana oturmak istiyoruz.,We would like to sit together as a family.,passenger,gate_agent,A1,polite,"family,seating,boarding"
children_and_family,cabin,Turkish,English,Çocuğum uçakta korkuyor.,My child is scared on the plane.,passenger,cabin_crew,A1,reassuring,"child,fear,cabin"
children_and_family,cabin,Turkish,English,"Bebeğim uyuyor, lütfen sessiz olur musunuz?","My baby is sleeping, could you please keep it quiet?",passenger,cabin_crew,A2,polite,"baby,sleep,quiet"
children_and_family,boarding,Turkish,English,Çocuk arabası ücretsiz mi?,Is the stroller free of charge?,passenger,gate_agent,A1,neutral,"stroller,fees,family"
children_and_family,cabin,Turkish,English,Bebeğimin maması için sıcak su alabilir miyim?,Can I get some hot water for my baby's formula?,passenger,cabin_crew,A2,polite,"baby,food,cabin"
children_and_family,cabin,Turkish,English,Çocuğumun tuvalete hemen gitmesi gerekiyor.,My child needs to go to the toilet right away.,passenger,cabin_crew,A1,urgent,"child,toilet,urgent"
children_and_family,boarding,Turkish,English,"Bebekle seyahat ediyorum, yardım eder misiniz?","I am traveling with a baby, could you help me?",passenger,airport_staff,A2,polite,"baby,help,travel"
children_and_family,cabin,Turkish,English,Küçük çocuğum için çocuk yemeği var mı?,Is there a children's meal for my little child?,passenger,cabin_crew,A1,polite,"child,meal,cabin"
children_and_family,boarding,Turkish,English,Bebek puseti kapıda alınacak mı?,Will the baby pushchair be taken at the gate?,passenger,gate_agent,A2,neutral,"baby,pushchair,boarding"
children_and_family,cabin,Turkish,English,Çocuğum emzikini kaybetti.,My child lost their pacifier.,passenger,cabin_crew,A1,neutral,"child,pacifier,cabin"
children_and_family,boarding,Turkish,English,"Ailem kalabalık, koltuklarımızı birlikte alabilir miyiz?","Our family is large, can we get seats together?",passenger,gate_agent,A2,polite,"family,seating,boarding"
children_and_family,cabin,Turkish,English,Bebeğime süt ısıtabilir misiniz?,Could you warm the milk for my baby?,passenger,cabin_crew,A1,polite,"baby,milk,cabin"
children_and_family,cabin,Turkish,English,Çocuğum pencere kenarında oturmak istiyor.,My child wants to sit by the window.,passenger,cabin_crew,A1,neutral,"child,seat,window"
children_and_family,boarding,Turkish,English,Yanımda bebek arabası ve iki çocuk var.,I have a stroller and two children with me.,passenger,gate_agent,A1,neutral,"stroller,children,boarding"
children_and_family,cabin,Turkish,English,"Çocuğum biraz ateşli, yardım edebilir misiniz?","My child has a slight fever, can you help?",passenger,cabin_crew,A2,urgent,"child,health,help"
children_and_family,boarding,Turkish,English,Bebeğim için beşik var mı?,Is there a bassinet for my baby?,passenger,gate_agent,A1,polite,"baby,bassinet,boarding"
children_and_family,cabin,Turkish,English,Çocuğumun kulakları acıyor gibi.,It seems like my child's ears hurt.,passenger,cabin_crew,A2,urgent,"child,health,cabin"
children_and_family,cabin,Turkish,English,Bebeğim için bez değiştirebileceğim yer var mı?,Is there a place where I can change my baby's diaper?,passenger,cabin_crew,A1,polite,"baby,diaper,cabin"
children_and_family,boarding,Turkish,English,Çocuklarımla biraz erken binmek istiyorum.,I want to board a little early with my children.,passenger,gate_agent,A1,polite,"children,early boarding,family"
children_and_family,cabin,Turkish,English,Çocuğumun yastığa ihtiyacı var.,My child needs a pillow.,passenger,cabin_crew,A1,neutral,"child,pillow,cabin"
children_and_family,cabin,Turkish,English,Bebeğimi emzirmem gerekiyor.,I need to breastfeed my baby.,passenger,cabin_crew,A1,neutral,"baby,breastfeeding,cabin"
children_and_family,boarding,Turkish,English,Çocuğum tek başına oturamaz.,My child cannot sit alone.,passenger,gate_agent,A2,neutral,"child,seating,family"
children_and_family,cabin,Turkish,English,Aile olarak aynı sırada oturuyor muyuz?,Are we seated in the same row as a family?,passenger,cabin_crew,A2,polite,"family,seating,cabin"
children_and_family,boarding,Turkish,English,Bebek arabasını uçağın kapısında alabilir miyim?,Can I pick up the stroller at the aircraft door?,passenger,gate_agent,A2,polite,"stroller,boarding,family"
children_and_family,cabin,Turkish,English,Çocuğumun oyuncağı koltuğun altına düştü.,My child's toy fell under the seat.,passenger,cabin_crew,A1,neutral,"child,toy,cabin"
children_and_family,cabin,Turkish,English,Bebeğim çok ağlıyor.,My baby is crying a lot.,passenger,cabin_crew,A1,urgent,"baby,crying,cabin"
children_and_family,boarding,Turkish,English,Çocuklar için oyun kartı var mı?,Is there a play card for children?,passenger,gate_agent,A2,neutral,"children,entertainment,boarding"
children_and_family,cabin,Turkish,English,Kızımın koltuğunu biraz yatırabilir miyim?,Can I recline my daughter's seat a little?,passenger,cabin_crew,A2,polite,"child,seat,cabin"
children_and_family,boarding,Turkish,English,Oğlumla birlikte yan koltuklar istiyoruz.,We want adjacent seats for my son and me.,passenger,gate_agent,A2,polite,"son,seating,family"
children_and_family,cabin,Turkish,English,Bebek maması için kaşık alabilir miyim?,Can I get a spoon for the baby food?,passenger,cabin_crew,A1,polite,"baby,food,cabin"
children_and_family,boarding,Turkish,English,"Çocuğumun kimliği bende değil, eşimde.","My child's ID is not with me, it is with my spouse.",passenger,gate_agent,A2,neutral,"child,documents,boarding"
children_and_family,cabin,Turkish,English,Bebeğim için bebek maması ısıtabilir misiniz?,Could you warm the baby food for my baby?,passenger,cabin_crew,A1,polite,"baby,food,cabin"
children_and_family,cabin,Turkish,English,"Çocuğum acıktı, bir şey yiyebilir mi?","My child is hungry, can they eat something?",passenger,cabin_crew,A1,polite,"child,food,cabin"
children_and_family,boarding,Turkish,English,Bebek için ekstra koltuk gerekiyor mu?,Is an extra seat needed for the baby?,passenger,gate_agent,A2,neutral,"baby,seat,boarding"
children_and_family,cabin,Turkish,English,Çocuğum kemerini takmak istemiyor.,My child does not want to fasten the seat belt.,passenger,cabin_crew,A1,neutral,"child,seat belt,cabin"
children_and_family,cabin,Turkish,English,Bebek bezi değiştirirken yardım eder misiniz?,Could you help me while I change the diaper?,passenger,cabin_crew,A2,polite,"baby,diaper,help"
children_and_family,boarding,Turkish,English,"Ailemde küçük çocuklar var, lütfen anlayış gösterin.","We have small children in our family, please be understanding.",passenger,gate_agent,A2,polite,"family,children,boarding"
children_and_family,cabin,Turkish,English,Çocuğumun midesi bulanıyor.,My child feels nauseous.,passenger,cabin_crew,A1,urgent,"child,health,cabin"
children_and_family,boarding,Turkish,English,Bebek arabasını kapıda alıp bana geri verir misiniz?,Could you take the stroller at the gate and return it to me?,passenger,gate_agent,A2,polite,"stroller,boarding,request"
children_and_family,cabin,Turkish,English,"Küçük oğlum korktu, onu sakinleştirmeye çalışıyorum.","My little son got scared, I am trying to calm him down.",passenger,cabin_crew,A2,reassuring,"son,fear,cabin"
children_and_family,boarding,Turkish,English,Çocuklar için emniyet kemeri uzatması var mı?,Is there a seat belt extender for children?,passenger,gate_agent,A2,neutral,"children,seat belt,boarding"
children_and_family,cabin,Turkish,English,Bebeğimin biberonu düştü.,My baby's bottle fell.,passenger,cabin_crew,A1,neutral,"baby,bottle,cabin"
children_and_family,cabin,Turkish,English,Çocuğum için başka bir koltuk minderi alabilir miyim?,Can I get another seat cushion for my child?,passenger,cabin_crew,A2,polite,"child,seat,cabin"
children_and_family,boarding,Turkish,English,"Ailemle birlikte uçuyoruz, bagajlarımızı birleştirebilir miyiz?","We are flying as a family, can we combine our luggage?",passenger,gate_agent,B1,polite,"family,luggage,boarding"
children_and_family,cabin,Turkish,English,Bebeğim için bebek maması yoksa ne yapacağım?,What should I do if there is no baby food for my baby?,passenger,cabin_crew,B1,urgent,"baby,food,cabin"
children_and_family,boarding,Turkish,English,Kızımın yanında oturmam gerekiyor.,I need to sit next to my daughter.,passenger,gate_agent,A1,polite,"daughter,seating,family"
children_and_family,cabin,Turkish,English,Oğlumun uçağı ilk kez oluyor.,It is my son's first flight.,passenger,cabin_crew,A1,neutral,"son,first flight,cabin"
children_and_family,boarding,Turkish,English,Çocuklu yolcular için ayrı sıra var mı?,Is there a separate line for passengers with children?,passenger,airport_staff,A2,neutral,"children,queue,boarding"
children_and_family,cabin,Turkish,English,Bebeğim için küçük bir yastık verebilir misiniz?,Could you give me a small pillow for my baby?,passenger,cabin_crew,A1,polite,"baby,pillow,cabin"
children_and_family,cabin,Turkish,English,"Çocuğum uyuyamadı, çok yorgun.",My child could not sleep and is very tired.,passenger,cabin_crew,A2,neutral,"child,sleep,cabin"
children_and_family,boarding,Turkish,English,Bebek arabasını bagaj olarak mı alıyorsunuz?,Do you take the stroller as baggage?,passenger,gate_agent,A2,neutral,"stroller,baggage,boarding"
children_and_family,cabin,Turkish,English,Çocuğumun elini tutmam gerekiyor.,I need to hold my child's hand.,passenger,cabin_crew,A1,neutral,"child,safety,cabin"
children_and_family,boarding,Turkish,English,Eşim ve çocuklarım benden sonra binecek.,My spouse and children will board after me.,passenger,gate_agent,A2,neutral,"spouse,children,boarding"
children_and_family,cabin,Turkish,English,Bebeğim için ıslak mendil alabilir miyim?,Can I get wet wipes for my baby?,passenger,cabin_crew,A1,polite,"baby,wipes,cabin"
children_and_family,cabin,Turkish,English,"Çocuğum şu an ağlamıyor, birazdan uyuyabilir.","My child is not crying right now, they may sleep soon.",passenger,cabin_crew,A2,reassuring,"child,sleep,cabin"
children_and_family,boarding,Turkish,English,Küçük çocuğum için güvenlik kontrolü nasıl olacak?,How will the security check work for my small child?,passenger,airport_staff,B1,neutral,"child,security,boarding"
children_and_family,cabin,Turkish,English,Bebek için su verir misiniz?,Could you give water for the baby?,passenger,cabin_crew,A1,polite,"baby,water,cabin"
children_and_family,cabin,Turkish,English,Çocuğumun koltuğu kirli görünüyor.,My child's seat looks dirty.,passenger,cabin_crew,A2,neutral,"child,seat,cabin"
children_and_family,boarding,Turkish,English,Bebekle seyahat ettiğimi kayda geçebilir misiniz?,Could you note that I am traveling with a baby?,passenger,gate_agent,B1,polite,"baby,record,boarding"
children_and_family,cabin,Turkish,English,"Kızımın kulağı tıkandı, çok ağlıyor.",My daughter's ear is blocked and she is crying a lot.,passenger,cabin_crew,B1,urgent,"daughter,health,cabin"
children_and_family,boarding,Turkish,English,Oğlumun koltuğunu pencere tarafına alabilir misiniz?,Can you move my son's seat to the window side?,passenger,gate_agent,A2,polite,"son,seat,window"
children_and_family,cabin,Turkish,English,Çocuklarım için kağıt ve kalem var mı?,Do you have paper and pencils for my children?,passenger,cabin_crew,A2,polite,"children,entertainment,cabin"
children_and_family,boarding,Turkish,English,"Ailemizde küçük bir bebek var, bu yüzden acele edemeyiz.","We have a small baby in our family, so we cannot hurry.",passenger,gate_agent,B1,polite,"family,baby,boarding"
children_and_family,cabin,Turkish,English,Bebeğimin altını değiştirmek için yer gösterir misiniz?,Could you show me where I can change my baby's diaper?,passenger,cabin_crew,A2,polite,"baby,diaper,cabin"
children_and_family,boarding,Turkish,English,Çocuğum için koltuk seçimi yapabilir miyim?,Can I choose a seat for my child?,passenger,gate_agent,A1,neutral,"child,seat selection,boarding"
children_and_family,cabin,Turkish,English,Küçük kızımın kulağına basınç yaptı.,Pressure built up in my little daughter's ears.,passenger,cabin_crew,B1,urgent,"daughter,pressure,cabin"
children_and_family,boarding,Turkish,English,Bebek arabası için etiket almalı mıyım?,Do I need a tag for the stroller?,passenger,gate_agent,A2,neutral,"stroller,tag,boarding"
children_and_family,cabin,Turkish,English,Oğlumun montunu dolaba koyabilir miyim?,Can I put my son's jacket in the wardrobe?,passenger,cabin_crew,A2,polite,"son,jacket,cabin"
children_and_family,boarding,Turkish,English,Yanımda bebek ve okul çağında bir çocuk var.,I have a baby and a school-age child with me.,passenger,gate_agent,A2,neutral,"baby,child,family"
children_and_family,cabin,Turkish,English,"Bebeğim için mama sandalyesi yok, değil mi?","There is no high chair for the baby, right?",passenger,cabin_crew,A2,neutral,"baby,high chair,cabin"
children_and_family,boarding,Turkish,English,Çocuklarla seyahat etmek zor oluyor.,Traveling with children is hard.,passenger,gate_agent,A1,neutral,"children,travel,family"
children_and_family,cabin,Turkish,English,Bebeğim için bezim bitti.,I ran out of diapers for my baby.,passenger,cabin_crew,A1,urgent,"baby,diapers,cabin"
children_and_family,cabin,Turkish,English,Çocuğum süt içmek istiyor.,My child wants to drink milk.,passenger,cabin_crew,A1,neutral,"child,milk,cabin"
children_and_family,boarding,Turkish,English,Aile binişi için sırada bekleyelim mi?,Should we wait in line for family boarding?,passenger,gate_agent,A2,neutral,"family,boarding,queue"
children_and_family,cabin,Turkish,English,"Kızım biraz rahatsız, yanınızda ilaç var mı?","My daughter is a little unwell, do you have any medicine?",passenger,cabin_crew,B1,urgent,"daughter,health,medicine"
children_and_family,boarding,Turkish,English,Çocuğumun arabasını nerede bırakacağım?,Where should I leave my child's stroller?,passenger,airport_staff,A1,neutral,"child,stroller,boarding"
children_and_family,cabin,Turkish,English,Oğlumun kulaklık takması gerekiyor.,My son needs to wear headphones.,passenger,cabin_crew,A1,neutral,"son,headphones,cabin"
children_and_family,boarding,Turkish,English,Bebeğimle birlikte ön koltuk istemiyorum.,I do not want a front seat with my baby.,passenger,gate_agent,A1,neutral,"baby,seat,boarding"
children_and_family,cabin,Turkish,English,Çocuğumun üstünü örter misiniz?,Could you cover my child with a blanket?,passenger,cabin_crew,A1,polite,"child,blanket,cabin"
children_and_family,boarding,Turkish,English,Ailemle birlikte check-in yaptık.,We checked in together as a family.,passenger,gate_agent,A1,neutral,"family,check-in,boarding"
children_and_family,cabin,Turkish,English,Bebek arabasını uçaktan inerken geri verecek misiniz?,Will you return the stroller when we get off the plane?,passenger,cabin_crew,A2,neutral,"stroller,arrival,cabin"
children_and_family,boarding,Turkish,English,Küçük çocuğum için ekstra yer isterim.,I would like extra space for my small child.,passenger,gate_agent,A2,polite,"child,space,boarding"
children_and_family,cabin,Turkish,English,Çocuğum uyandı ve ağlamaya başladı.,My child woke up and started crying.,passenger,cabin_crew,A1,urgent,"child,crying,cabin"
children_and_family,boarding,Turkish,English,Bebek için kemer uzatması var mı?,Is there a seat belt extension for the baby?,passenger,gate_agent,A2,neutral,"baby,seat belt,boarding"
children_and_family,cabin,Turkish,English,Bebeğimin küçük bir mendile ihtiyacı var.,My baby needs a small tissue.,passenger,cabin_crew,A1,polite,"baby,tissue,cabin"
children_and_family,boarding,Turkish,English,Çocukla seyahat ettiğim için biraz yavaş olabiliriz.,We may be a little slow because I am traveling with a child.,passenger,gate_agent,B1,polite,"child,travel,boarding"
children_and_family,cabin,Turkish,English,Kızımın oyuncağı sizde kaldı mı?,Did you keep my daughter's toy?,passenger,cabin_crew,A1,neutral,"daughter,toy,cabin"
children_and_family,cabin,Turkish,English,"Oğlumun suyu döküldü, temizleyebilir misiniz?","My son's water spilled, can you clean it?",passenger,cabin_crew,A2,polite,"son,water,cabin"
children_and_family,boarding,Turkish,English,"Ailece uçuyoruz, lütfen bunu not edin.","We are flying as a family, please note that.",passenger,gate_agent,A2,polite,"family,note,boarding"
children_and_family,cabin,Turkish,English,Bebek için uygun sıcaklık var mı?,Is the temperature suitable for the baby?,passenger,cabin_crew,A2,neutral,"baby,temperature,cabin"
children_and_family,boarding,Turkish,English,Çocuğumun yanında oturan kişi değişebilir mi?,Can the person sitting next to my child be changed?,passenger,gate_agent,B1,polite,"child,seat,boarding"
children_and_family,cabin,Turkish,English,Bebeğim için daha fazla peçete lazım.,I need more napkins for my baby.,passenger,cabin_crew,A1,polite,"baby,napkins,cabin"
children_and_family,boarding,Turkish,English,Çocuklarımın pasaportlarını hazırladım.,I have prepared my children's passports.,passenger,airport_staff,A1,neutral,"children,passports,boarding"
children_and_family,cabin,Turkish,English,Kızım uçakta kusabilir.,My daughter may throw up on the plane.,passenger,cabin_crew,A2,urgent,"daughter,health,cabin"
children_and_family,boarding,Turkish,English,Bebek için sağlık formu doldurmam gerekiyor mu?,Do I need to fill out a health form for the baby?,passenger,gate_agent,B1,neutral,"baby,health form,boarding"
children_and_family,cabin,Turkish,English,"Oğlum su istedi, verebilir misiniz?","My son asked for water, could you give some?",passenger,cabin_crew,A1,polite,"son,water,cabin"
children_and_family,boarding,Turkish,English,Aile olarak öncelik hakkımız var mı?,Do we have family priority?,passenger,gate_agent,A2,neutral,"family,priority,boarding"
children_and_family,cabin,Turkish,English,Bebek için küçük bir çöp poşeti verebilir misiniz?,Could you give a small trash bag for the baby?,passenger,cabin_crew,A2,polite,"baby,trash bag,cabin"
children_and_family,boarding,Turkish,English,Çocuğumun koltuğunu değiştirmek istemiyorum.,I do not want to change my child's seat.,passenger,gate_agent,A1,neutral,"child,seat,boarding"
children_and_family,cabin,Turkish,English,Küçük bebeğim için bir şeyler düşünebilir misiniz?,Could you think of something for my small baby?,passenger,cabin_crew,B1,polite,"baby,help,cabin"
children_and_family,boarding,Turkish,English,Ailemizin yanında boş koltuk var mı?,Is there an empty seat next to our family?,passenger,gate_agent,A2,neutral,"family,seating,boarding"
children_and_family,cabin,Turkish,English,Çocuğumun ayağı uyuyor olabilir.,My child's foot may be asleep.,passenger,cabin_crew,B1,neutral,"child,health,cabin"
children_and_family,boarding,Turkish,English,Bebek arabasını teslim ederken etiket kontrolü yapın.,Please check the tag when taking the stroller.,passenger,gate_agent,A2,polite,"stroller,tag,boarding"
children_and_family,cabin,Turkish,English,Bebeğim uyursa sizi çağırırım.,"If my baby falls asleep, I will call you.",passenger,cabin_crew,A1,reassuring,"baby,sleep,cabin"
children_and_family,boarding,Turkish,English,Kızımın yanında oturmak benim için önemli.,It is important for me to sit next to my daughter.,passenger,gate_agent,A2,polite,"daughter,seating,family"
children_and_family,cabin,Turkish,English,"Oğlumun oyuncağı yere düştü, alabilir misiniz?","My son's toy fell on the floor, can you pick it up?",passenger,cabin_crew,A1,polite,"son,toy,cabin"
children_and_family,boarding,Turkish,English,Ailem çocuklu olduğu için acele etmiyoruz.,We are not hurrying because our family has children.,passenger,gate_agent,B1,neutral,"family,children,boarding"
children_and_family,cabin,Turkish,English,Bebek için sıcak bir battaniye verebilir misiniz?,Could you give a warm blanket for the baby?,passenger,cabin_crew,A1,polite,"baby,blanket,cabin"
children_and_family,boarding,Turkish,English,Çocuklarım ilk kez uçuyor.,My children are flying for the first time.,passenger,gate_agent,A1,neutral,"children,first flight,boarding"
children_and_family,cabin,Turkish,English,Çocuğumun kulağına basınç eşitleyici lazım olabilir.,My child may need help equalizing ear pressure.,passenger,cabin_crew,B1,urgent,"child,pressure,cabin"
children_and_family,boarding,Turkish,English,Bebek için ekstra bagaj hakkımız var mı?,Do we have extra baggage allowance for the baby?,passenger,gate_agent,A2,neutral,"baby,baggage,boarding"
children_and_family,cabin,Turkish,English,"Kızımın midesi kötü, biraz oturması lazım.","My daughter feels sick, she needs to sit for a while.",passenger,cabin_crew,B1,urgent,"daughter,health,cabin"
children_and_family,boarding,Turkish,English,Çocuklu ailelere özel yardım var mı?,Is there special assistance for families with children?,passenger,airport_staff,A2,polite,"family,assistance,boarding"
children_and_family,cabin,Turkish,English,Bebeğimin eşyaları üst dolapta değil.,My baby's things are not in the overhead bin.,passenger,cabin_crew,A1,neutral,"baby,belongings,cabin"
children_and_family,boarding,Turkish,English,Oğlum için çocuk koltuğu ayarlandı mı?,Has a child seat been arranged for my son?,passenger,gate_agent,A2,neutral,"son,child seat,boarding"
children_and_family,cabin,Turkish,English,"Bebeğim biraz hareketli, kusura bakmayın.","My baby is a bit restless, sorry about that.",passenger,cabin_crew,A2,polite,"baby,restless,cabin"
children_and_family,boarding,Turkish,English,Kızımın adını listede kontrol edebilir misiniz?,Could you check my daughter's name on the list?,passenger,airport_staff,A2,polite,"daughter,list,boarding"
children_and_family,cabin,Turkish,English,Çocuğum için biraz meyve suyu isterim.,I would like some juice for my child.,passenger,cabin_crew,A1,polite,"child,juice,cabin"
children_and_family,boarding,Turkish,English,Bebekle seyahat etmek için ek yardım alabilir miyim?,Can I get extra help for traveling with a baby?,passenger,gate_agent,B1,polite,"baby,help,boarding"
children_and_family,cabin,Turkish,English,"Oğlumun burnu akıyor, mendil var mı?","My son has a runny nose, do you have tissues?",passenger,cabin_crew,A2,polite,"son,tissues,cabin"
children_and_family,boarding,Turkish,English,"Çocuklarımın yanına oturmam gerekiyor, lütfen.","I need to sit next to my children, please.",passenger,gate_agent,A1,polite,"children,seating,boarding"
children_and_family,cabin,Turkish,English,Bebeğime ilgi gösterdiğiniz için teşekkür ederim.,Thank you for taking care of my baby.,passenger,cabin_crew,A1,polite,"baby,thanks,cabin"
pets_and_service_animals,boarding,English,Turkish,I am traveling with my dog.,Köpeğimle seyahat ediyorum.,passenger,airport_staff,A1,neutral,"pet,travel,flight"
pets_and_service_animals,boarding,English,Turkish,My cat is in the carrier.,Kedim taşıma çantasında.,passenger,airport_staff,A1,neutral,"pet,carrier,boarding"
pets_and_service_animals,check_in,English,Turkish,This is my service dog.,Bu benim rehber köpeğim.,passenger,airport_staff,A1,neutral,"service_animal,check_in"
pets_and_service_animals,boarding,English,Turkish,Do I need to show any pet documents?,Evcil hayvan için herhangi bir belge göstermem gerekiyor mu?,passenger,airport_staff,A2,polite,"documents,pet"
pets_and_service_animals,check_in,English,Turkish,I have the health certificate for my puppy.,Yavrumun sağlık sertifikası yanımda.,passenger,airport_staff,A2,neutral,"health_certificate,puppy"
pets_and_service_animals,boarding,English,Turkish,Where should I take my dog before boarding?,Uçuş öncesi köpeğimi nereye götürmeliyim?,passenger,airport_staff,A2,polite,"boarding,dog"
pets_and_service_animals,cabin,English,Turkish,Your service dog may stay with you in the cabin.,Rehber köpeğiniz kabinde sizinle kalabilir.,airport_staff,passenger,A2,reassuring,"service_dog,cabin"
pets_and_service_animals,cabin,English,Turkish,Your pet must remain under the seat.,Evcil hayvanınız koltuğun altında kalmalı.,airport_staff,passenger,A2,formal,"pet,seat"
pets_and_service_animals,boarding,English,Turkish,May I board early because I am traveling with a service animal?,Rehber hayvanla seyahat ettiğim için erken binebilir miyim?,passenger,airport_staff,B1,polite,"service_animal,boarding"
pets_and_service_animals,check_in,English,Turkish,Is there an extra fee for my cat?,Kedim için ekstra ücret var mı?,passenger,airport_staff,A2,polite,"fee,cat"
pets_and_service_animals,check_in,English,Turkish,How many pets can travel on this flight?,Bu uçuşta kaç evcil hayvan seyahat edebilir?,passenger,airport_staff,A2,neutral,"pet_policy,flight"
pets_and_service_animals,boarding,English,Turkish,My dog is calm and trained.,Köpeğim sakin ve eğitimli.,passenger,airport_staff,A1,reassuring,"dog,trained"
pets_and_service_animals,cabin,English,Turkish,Can I keep the carrier on my lap?,Taşıma çantasını kucağımda tutabilir miyim?,passenger,airport_staff,A2,polite,"carrier,cabin"
pets_and_service_animals,gate,English,Turkish,Your pet needs to stay quiet at the gate.,Evcil hayvanınız kapıda sessiz kalmalı.,airport_staff,passenger,A2,polite,"pet,gate"
pets_and_service_animals,security,English,Turkish,Do I take my dog out for security screening?,Güvenlik kontrolünde köpeğimi dışarı çıkarmam gerekiyor mu?,passenger,airport_staff,A2,neutral,"security,dog"
pets_and_service_animals,security,English,Turkish,Please remove the pet from the carrier now.,Lütfen şimdi evcil hayvanı taşıma çantasından çıkarın.,airport_staff,passenger,A1,formal,"security,carrier"
pets_and_service_animals,check_in,English,Turkish,I need a window seat for my cat.,Kedim için pencere kenarı koltuk istiyorum.,passenger,airport_staff,A2,polite,"seat,cat"
pets_and_service_animals,boarding,English,Turkish,My rabbit is in a soft carrier.,Tavşanım yumuşak bir taşıma çantasında.,passenger,airport_staff,A2,neutral,"rabbit,carrier"
pets_and_service_animals,boarding,English,Turkish,Is my service animal allowed on board?,Rehber hayvanım uçağa kabul ediliyor mu?,passenger,airport_staff,A2,polite,"service_animal,allowed"
pets_and_service_animals,boarding,English,Turkish,Your service animal must not block the aisle.,Rehber hayvanınız koridoru kapatmamalı.,airport_staff,passenger,A2,formal,"service_animal,aisle"
pets_and_service_animals,cabin,English,Turkish,Can I give my dog water during the flight?,Uçuş sırasında köpeğime su verebilir miyim?,passenger,airport_staff,A2,polite,"water,dog"
pets_and_service_animals,cabin,English,Turkish,You may give the pet a little water.,Evcil hayvana biraz su verebilirsiniz.,airport_staff,passenger,A1,reassuring,"water,pet"
pets_and_service_animals,boarding,English,Turkish,My service dog alerts me when I need help.,Yardım gerektiğinde rehber köpeğim beni uyarır.,passenger,airport_staff,B1,neutral,"service_dog,assistance"
pets_and_service_animals,check_in,English,Turkish,I have an allergy to cats.,Kedilere alerjim var.,passenger,airport_staff,A1,neutral,"allergy,cat"
pets_and_service_animals,cabin,English,Turkish,Please do not open the carrier.,Lütfen taşıma çantasını açmayın.,airport_staff,passenger,A1,formal,"carrier,instruction"
pets_and_service_animals,boarding,English,Turkish,My bird is small and quiet.,Kuşum küçük ve sessiz.,passenger,airport_staff,A1,neutral,"bird,pet"
pets_and_service_animals,gate,English,Turkish,Can I wait here with my puppy?,Yavru köpeğimle burada bekleyebilir miyim?,passenger,airport_staff,A1,polite,"puppy,gate"
pets_and_service_animals,gate,English,Turkish,You can wait with your puppy near the gate.,Yavru köpeğinizle kapıya yakın bir yerde bekleyebilirsiniz.,airport_staff,passenger,A2,reassuring,"puppy,gate"
pets_and_service_animals,check_in,English,Turkish,My dog is a guide dog for the blind.,Köpeğim görme engelliler için rehber köpektir.,passenger,airport_staff,A2,formal,"guide_dog,accessibility"
pets_and_service_animals,boarding,English,Turkish,Please let us know if the animal needs a break.,Hayvanın bir molaya ihtiyacı olursa lütfen bize bildirin.,airport_staff,passenger,A2,polite,"break,animal"
pets_and_service_animals,pet booking,Turkish,English,Yanımda küçük bir evcil hayvan var.,I have a small pet with me.,passenger,airport_staff,A1,neutral,"pet,check-in,flight"
pets_and_service_animals,service animal,Turkish,English,Bu köpek rehber köpektir.,This dog is a guide dog.,passenger,airport_staff,A1,neutral,"service_animal,accessibility,flight"
pets_and_service_animals,boarding,Turkish,English,Evcil hayvanım kabinde benimle gelebilir mi?,Can my pet come with me in the cabin?,passenger,gate_agent,A1,polite,"pet,cabin,boarding"
pets_and_service_animals,check-in,Turkish,English,Kedim için sağlık belgesi var.,I have a health certificate for my cat.,passenger,airport_staff,A2,neutral,"pet,documents,check-in"
pets_and_service_animals,boarding,Turkish,English,Köpeğim çok sakin.,My dog is very calm.,passenger,gate_agent,A1,neutral,"pet,boarding"
pets_and_service_animals,cabin,Turkish,English,Hayvan taşıma çantası koltuğun altına sığar.,The pet carrier fits under the seat.,cabin_crew,passenger,A2,reassuring,"pet,cabin,seat"
pets_and_service_animals,boarding,Turkish,English,Lütfen evcil hayvanınızı çantada tutun.,Please keep your pet in the carrier.,cabin_crew,passenger,A1,polite,"pet,rules,cabin"
pets_and_service_animals,check-in,Turkish,English,Evcil hayvanınızın aşı kaydı var mı?,Do you have your pet's vaccination record?,airport_staff,passenger,A2,neutral,"pet,vaccination,check-in"
pets_and_service_animals,service animal,Turkish,English,Bu yardımcı hayvan için özel bir koltuk gerekir mi?,Does this service animal need a special seat?,airport_staff,passenger,A2,neutral,"service_animal,accessibility,seat"
pets_and_service_animals,boarding,Turkish,English,Köpeğim işitme engelim için bana yardımcı oluyor.,My dog helps me because I have hearing difficulties.,passenger,gate_agent,A2,neutral,"service_animal,accessibility"
pets_and_service_animals,pet booking,Turkish,English,Evcil hayvanla uçmak için önceden bildirim gerekiyor mu?,Do I need to notify you in advance to fly with a pet?,passenger,airport_staff,A2,polite,"pet,booking,flight"
pets_and_service_animals,check-in,Turkish,English,Tüylü arkadaşımın biletini de kontrol eder misiniz?,Could you also check my furry friend's booking?,passenger,airport_staff,A2,polite,"pet,check-in"
pets_and_service_animals,boarding,Turkish,English,Kedim biraz korkuyor.,My cat is a little scared.,passenger,cabin_crew,A1,reassuring,"pet,cabin,behavior"
pets_and_service_animals,cabin,Turkish,English,Lütfen köpeğe dokunmayın.,Please do not touch the dog.,passenger,passenger,A1,polite,"service_animal,cabin"
pets_and_service_animals,service animal,Turkish,English,Bu hayvan benim yardımcı hayvanımdır.,This is my assistance animal.,passenger,airport_staff,A1,neutral,"service_animal,accessibility"
pets_and_service_animals,boarding,Turkish,English,Taşıma çantası burada mı kalmalı?,Should the carrier stay here?,passenger,gate_agent,A1,neutral,"pet,boarding"
pets_and_service_animals,cabin,Turkish,English,Köpeğinizin ağzı kapalı olmalı.,Your dog must be muzzled.,cabin_crew,passenger,A2,formal,"pet,rules,safety"
pets_and_service_animals,check-in,Turkish,English,Kedim için uygun taşıma çantası var.,I have an approved carrier for my cat.,passenger,airport_staff,A2,neutral,"pet,carrier,check-in"
pets_and_service_animals,boarding,Turkish,English,Küçük köpeğim dizimde kalabilir mi?,Can my small dog stay on my lap?,passenger,cabin_crew,A1,polite,"pet,cabin,boarding"
pets_and_service_animals,cabin,Turkish,English,Hayvanınızı koridorda tutmayın.,Please do not keep your animal in the aisle.,cabin_crew,passenger,A2,polite,"pet,cabin,safety"
pets_and_service_animals,service animal,Turkish,English,Bu köpek benim servis köpeğim.,This dog is my service dog.,passenger,gate_agent,A1,neutral,"service_animal,accessibility"
pets_and_service_animals,service animal,Turkish,English,Yardımcı hayvanımın yanında oturmam gerekiyor.,I need to sit next to my service animal.,passenger,airport_staff,A2,polite,"service_animal,seat,accessibility"
pets_and_service_animals,boarding,Turkish,English,Kedi için ek ücret var mı?,Is there an extra fee for the cat?,passenger,airport_staff,A1,neutral,"pet,fee,check-in"
pets_and_service_animals,check-in,Turkish,English,Evcil hayvanımın yaşı altı aydan büyük.,My pet is over six months old.,passenger,airport_staff,A2,neutral,"pet,age,check-in"
pets_and_service_animals,cabin,Turkish,English,Onu şimdilik sakin tutmaya çalışıyorum.,I'm trying to keep it calm for now.,passenger,cabin_crew,A2,reassuring,"pet,behavior,cabin"
pets_and_service_animals,boarding,Turkish,English,Bu kapıdan evcil hayvanla geçebilir miyim?,Can I go through this gate with my pet?,passenger,gate_agent,A1,polite,"pet,gate,boarding"
pets_and_service_animals,service animal,Turkish,English,Köpeğim sesli uyarıları algılamama yardımcı olur.,My dog helps me notice audio alerts.,passenger,cabin_crew,A2,neutral,"service_animal,accessibility"
pets_and_service_animals,cabin,Turkish,English,Lütfen çantayı koltuğun altına koyun.,Please place the carrier under the seat.,cabin_crew,passenger,A1,polite,"pet,cabin,seat"
pets_and_service_animals,check-in,Turkish,English,Evcil hayvanım için tüm belgeler yanımda.,I have all the documents for my pet with me.,passenger,airport_staff,A2,neutral,"pet,documents,check-in"
pets_and_service_animals,boarding,Turkish,English,Köpeğimin havlamaması için elimden geleni yapacağım.,I will do my best to keep my dog from barking.,passenger,cabin_crew,A2,polite,"pet,behavior,boarding"
health_and_medical_issues,in-flight health,English,Turkish,I feel dizzy.,Başım dönüyor.,passenger,cabin_crew,A1,urgent,"health,in-flight"
health_and_medical_issues,in-flight health,English,Turkish,My stomach hurts.,Midem ağrıyor.,passenger,cabin_crew,A1,urgent,"health,pain"
health_and_medical_issues,in-flight health,English,Turkish,I feel sick.,Kendimi hasta hissediyorum.,passenger,cabin_crew,A1,urgent,"health,general"
health_and_medical_issues,in-flight health,English,Turkish,"I need some water, please.",Lütfen biraz suya ihtiyacım var.,passenger,cabin_crew,A1,polite,"health,hydration"
health_and_medical_issues,in-flight health,English,Turkish,Can I get some water?,Biraz su alabilir miyim?,passenger,cabin_crew,A1,polite,"health,hydration"
health_and_medical_issues,in-flight health,English,Turkish,I think I need medical help.,Sanırım tıbbi yardıma ihtiyacım var.,passenger,cabin_crew,A2,urgent,"health,medical_help"
health_and_medical_issues,in-flight health,English,Turkish,Please call a doctor if possible.,Mümkünse lütfen bir doktor çağırın.,passenger,cabin_crew,A2,urgent,"health,doctor"
health_and_medical_issues,in-flight health,English,Turkish,My chest hurts.,Göğsüm ağrıyor.,passenger,cabin_crew,A1,urgent,"health,chest_pain"
health_and_medical_issues,in-flight health,English,Turkish,I need an ambulance when we land.,İndiğimizde ambulansa ihtiyacım var.,passenger,cabin_crew,A2,urgent,"health,ambulance"
health_and_medical_issues,in-flight health,English,Turkish,I have diabetes.,Şeker hastalığım var.,passenger,cabin_crew,A1,neutral,"health,chronic_condition"
health_and_medical_issues,in-flight health,English,Turkish,My medication is in my bag.,İlacım çantamda.,passenger,cabin_crew,A1,neutral,"health,medication"
health_and_medical_issues,in-flight health,English,Turkish,I forgot my medicine at home.,İlacımı evde unuttum.,passenger,cabin_crew,A2,urgent,"health,medication"
health_and_medical_issues,in-flight health,English,Turkish,Do you have any painkillers?,Ağrı kesici var mı?,passenger,cabin_crew,A2,polite,"health,medicine"
health_and_medical_issues,in-flight health,English,Turkish,I am allergic to penicillin.,Penisiline alerjim var.,passenger,cabin_crew,A2,urgent,"health,allergy,medicine"
health_and_medical_issues,in-flight health,English,Turkish,Please do not give me nuts.,Lütfen bana kuruyemiş vermeyin.,passenger,cabin_crew,A2,polite,"health,allergy,food"
health_and_medical_issues,in-flight health,English,Turkish,I have asthma.,Astımım var.,passenger,cabin_crew,A1,neutral,"health,respiratory"
health_and_medical_issues,in-flight health,English,Turkish,I need my inhaler.,İnhalerime ihtiyacım var.,passenger,cabin_crew,A1,urgent,"health,respiratory,medication"
health_and_medical_issues,in-flight health,English,Turkish,My inhaler is in the overhead bag.,İnhalerim baş üstü dolaptaki çantada.,passenger,cabin_crew,A2,urgent,"health,respiratory,luggage"
health_and_medical_issues,in-flight health,English,Turkish,I feel faint.,Bayılacak gibi hissediyorum.,passenger,cabin_crew,A2,urgent,"health,fainting"
health_and_medical_issues,in-flight health,English,Turkish,Please help me sit down.,Lütfen oturmama yardım edin.,passenger,cabin_crew,A2,urgent,"health,assistance"
health_and_medical_issues,in-flight health,English,Turkish,I need to lie down.,Uzanmam gerekiyor.,passenger,cabin_crew,A1,urgent,"health,rest"
health_and_medical_issues,in-flight health,English,Turkish,Can I lie down here?,Burada uzanabilir miyim?,passenger,cabin_crew,A2,polite,"health,rest"
health_and_medical_issues,in-flight health,English,Turkish,I am feeling worse.,Kendimi daha kötü hissediyorum.,passenger,cabin_crew,A2,urgent,"health,deterioration"
health_and_medical_issues,in-flight health,English,Turkish,It started after takeoff.,Kalkıştan sonra başladı.,passenger,cabin_crew,A2,neutral,"health,timing"
health_and_medical_issues,in-flight health,English,Turkish,It started after lunch.,Öğle yemeğinden sonra başladı.,passenger,cabin_crew,A2,neutral,"health,timing,food"
health_and_medical_issues,in-flight health,English,Turkish,I may vomit.,Kusabilirim.,passenger,cabin_crew,A2,urgent,"health,nausea"
health_and_medical_issues,in-flight health,English,Turkish,Do you have a sick bag?,Hasta torbası var mı?,passenger,cabin_crew,A1,polite,"health,vomiting"
health_and_medical_issues,in-flight health,English,Turkish,I have a fever.,Ateşim var.,passenger,cabin_crew,A1,neutral,"health,fever"
health_and_medical_issues,in-flight health,English,Turkish,I feel cold and shaky.,Üşüyorum ve titriyorum.,passenger,cabin_crew,A2,urgent,"health,fever,shivering"
health_and_medical_issues,in-flight health,English,Turkish,My leg hurts.,Bacağım ağrıyor.,passenger,cabin_crew,A1,neutral,"health,pain"
health_and_medical_issues,in-flight health,English,Turkish,I twisted my ankle.,Ayağımı burktum.,passenger,cabin_crew,A2,urgent,"health,injury"
health_and_medical_issues,in-flight health,English,Turkish,My arm is numb.,Kolum uyuştu.,passenger,cabin_crew,A2,urgent,"health,numbness"
health_and_medical_issues,in-flight health,English,Turkish,I have a rash.,Döküntüm var.,passenger,cabin_crew,A2,neutral,"health,skin"
health_and_medical_issues,in-flight health,English,Turkish,My eyes are itchy.,Gözlerim kaşınıyor.,passenger,cabin_crew,A1,neutral,"health,allergy,eyes"
health_and_medical_issues,in-flight health,English,Turkish,I have a sore throat.,Boğazım ağrıyor.,passenger,cabin_crew,A1,neutral,"health,throat"
health_and_medical_issues,in-flight health,English,Turkish,I keep coughing.,Sürekli öksürüyorum.,passenger,cabin_crew,A1,neutral,"health,cough"
health_and_medical_issues,in-flight health,English,Turkish,Do you have a mask?,Maske var mı?,passenger,cabin_crew,A1,polite,"health,mask"
health_and_medical_issues,in-flight health,English,Turkish,Please give me some tissues.,Lütfen bana mendil verin.,passenger,cabin_crew,A1,polite,"health,hygiene"
health_and_medical_issues,in-flight health,English,Turkish,I need to use the toilet now.,Hemen tuvaleti kullanmam gerekiyor.,passenger,cabin_crew,A1,urgent,"health,toilet"
health_and_medical_issues,in-flight health,English,Turkish,I have diarrhea.,İshalim var.,passenger,cabin_crew,A2,urgent,"health,digestive"
health_and_medical_issues,in-flight health,English,Turkish,I have food poisoning.,Gıda zehirlenmesi oldum.,passenger,cabin_crew,B1,urgent,"health,food_poisoning"
health_and_medical_issues,in-flight health,English,Turkish,My blood sugar is low.,Kan şekerim düştü.,passenger,cabin_crew,A2,urgent,"health,diabetes"
health_and_medical_issues,in-flight health,English,Turkish,I need something sweet.,Tatlı bir şeye ihtiyacım var.,passenger,cabin_crew,A2,urgent,"health,diabetes"
health_and_medical_issues,in-flight health,English,Turkish,I am pregnant.,Hamileyim.,passenger,cabin_crew,A1,neutral,"health,pregnancy"
health_and_medical_issues,in-flight health,English,Turkish,I am in my third trimester.,Hamileliğimin üçüncü trimesterindeyim.,passenger,cabin_crew,B1,neutral,"health,pregnancy"
health_and_medical_issues,in-flight health,English,Turkish,I have a baby with me.,Yanımda bebeğim var.,passenger,cabin_crew,A1,neutral,"health,child"
health_and_medical_issues,in-flight health,English,Turkish,My child is not feeling well.,Çocuğum kendini iyi hissetmiyor.,passenger,cabin_crew,A2,urgent,"health,child"
health_and_medical_issues,in-flight health,English,Turkish,The child has a fever.,Çocuğun ateşi var.,passenger,cabin_crew,A1,urgent,"health,child,fever"
health_and_medical_issues,in-flight health,English,Turkish,My child is crying because of pain.,Çocuğum acıdan ağlıyor.,passenger,cabin_crew,A2,urgent,"health,child,pain"
health_and_medical_issues,in-flight health,English,Turkish,Do you have a wheelchair?,Tekerlekli sandalyeniz var mı?,passenger,cabin_crew,A1,polite,"health,accessibility"
health_and_medical_issues,in-flight health,English,Turkish,I need help walking.,Yürümek için yardıma ihtiyacım var.,passenger,cabin_crew,A2,urgent,"health,accessibility"
health_and_medical_issues,in-flight health,English,Turkish,Please help me to the seat.,Lütfen koltuğa gitmeme yardım edin.,passenger,cabin_crew,A2,urgent,"health,assistance"
health_and_medical_issues,in-flight health,English,Turkish,I cannot stand up.,Ayağa kalkamıyorum.,passenger,cabin_crew,A1,urgent,"health,mobility"
health_and_medical_issues,in-flight health,English,Turkish,I need more space for my legs.,Bacaklarım için daha fazla alana ihtiyacım var.,passenger,cabin_crew,A2,polite,"health,comfort"
health_and_medical_issues,in-flight health,English,Turkish,My legs are swelling.,Bacaklarım şişiyor.,passenger,cabin_crew,B1,urgent,"health,swelling"
health_and_medical_issues,in-flight health,English,Turkish,I have severe pain.,Şiddetli ağrım var.,passenger,cabin_crew,A2,urgent,"health,pain"
health_and_medical_issues,in-flight health,English,Turkish,The pain is getting worse.,Ağrı giderek artıyor.,passenger,cabin_crew,B1,urgent,"health,pain"
health_and_medical_issues,in-flight health,English,Turkish,I feel better now.,Şimdi kendimi daha iyi hissediyorum.,passenger,cabin_crew,A1,reassuring,"health,improvement"
health_and_medical_issues,in-flight health,English,Turkish,Thank you for your help.,Yardımınız için teşekkür ederim.,passenger,cabin_crew,A1,polite,"health,gratitude"
health_and_medical_issues,passenger reports nausea,Turkish,English,Uçakta midem çok bulandı.,I feel very nauseous on the plane.,passenger,cabin_crew,A1,urgent,"health,nausea,in_flight"
health_and_medical_issues,passenger asks for sick bag,Turkish,English,Bana bir kusma poşeti verebilir misiniz?,Can you give me a sick bag?,passenger,cabin_crew,A1,polite,"health,vomit_bag,in_flight"
health_and_medical_issues,crew checks on passenger pain,Turkish,English,Karnım çok ağrıyor.,My stomach hurts a lot.,passenger,cabin_crew,A1,urgent,"health,pain,in_flight"
health_and_medical_issues,crew asks if passenger can walk,Turkish,English,Yürüyebiliyor musunuz?,Can you walk?,cabin_crew,passenger,A1,neutral,"health,mobility,assessment"
health_and_medical_issues,crew advises sitting down,Turkish,English,Lütfen oturun ve kemerinizi bağlı tutun.,Please sit down and keep your seat belt fastened.,cabin_crew,passenger,A1,reassuring,"health,safety,instruction"
health_and_medical_issues,passenger says they need air,Turkish,English,Biraz hava almam lazım.,I need some air.,passenger,cabin_crew,A1,urgent,"health,breathing,in_flight"
health_and_medical_issues,crew offers water,Turkish,English,Size su getireyim mi?,Shall I get you some water?,cabin_crew,passenger,A1,reassuring,"health,hydration,assistance"
health_and_medical_issues,passenger says they are thirsty after vomiting,Turkish,English,"Kustum, biraz su istiyorum.","I threw up, and I need some water.",passenger,cabin_crew,A1,urgent,"health,vomiting,hydration"
health_and_medical_issues,crew asks about allergies,Turkish,English,Bir alerjiniz var mı?,Do you have any allergies?,cabin_crew,passenger,A1,neutral,"health,allergy,medical_check"
health_and_medical_issues,passenger reports food allergy,Turkish,English,Fıstık alerjim var.,I have a peanut allergy.,passenger,cabin_crew,A1,neutral,"health,allergy,food"
health_and_medical_issues,crew confirms medication,Turkish,English,İlacınızı yanınızda getirdiniz mi?,Did you bring your medication with you?,cabin_crew,passenger,A2,neutral,"health,medication,check"
health_and_medical_issues,passenger says they forgot medicine,Turkish,English,İlacımı valizde unuttum.,I left my medicine in my suitcase.,passenger,cabin_crew,A2,urgent,"health,medication,luggage"
health_and_medical_issues,crew asks if passenger has diabetes,Turkish,English,Diyabetiniz var mı?,Do you have diabetes?,cabin_crew,passenger,A1,neutral,"health,diabetes,medical_check"
health_and_medical_issues,passenger answers about diabetes,Turkish,English,"Evet, şeker hastalığım var.","Yes, I have diabetes.",passenger,cabin_crew,A1,neutral,"health,diabetes,medical_history"
health_and_medical_issues,crew asks if passenger feels faint,Turkish,English,Bayılacak gibi misiniz?,Do you feel like you might faint?,cabin_crew,passenger,A2,urgent,"health,fainting,assessment"
health_and_medical_issues,passenger reports near fainting,Turkish,English,Sanırım bayılacağım.,I think I’m going to faint.,passenger,cabin_crew,A1,urgent,"health,fainting,in_flight"
health_and_medical_issues,crew asks if passenger is breathing okay,Turkish,English,Nefes alabiliyor musunuz?,Can you breathe okay?,cabin_crew,passenger,A1,urgent,"health,breathing,emergency"
health_and_medical_issues,passenger reports shortness of breath,Turkish,English,Nefes almakta zorlanıyorum.,I'm having trouble breathing.,passenger,cabin_crew,A1,urgent,"health,breathing,emergency"
health_and_medical_issues,crew requests calm breathing,Turkish,English,Lütfen yavaş nefes alın.,Please breathe slowly.,cabin_crew,passenger,A1,reassuring,"health,breathing,calming"
health_and_medical_issues,passenger says chest pain,Turkish,English,Göğsüm ağrıyor.,My chest hurts.,passenger,cabin_crew,A1,urgent,"health,chest_pain,emergency"
health_and_medical_issues,crew asks where pain is,Turkish,English,Ağrı tam olarak nerede?,Where exactly is the pain?,cabin_crew,passenger,A2,neutral,"health,pain,assessment"
health_and_medical_issues,passenger points to head pain,Turkish,English,Başım çok ağrıyor.,I have a really bad headache.,passenger,cabin_crew,A1,urgent,"health,headache,in_flight"
health_and_medical_issues,crew suggests resting eyes,Turkish,English,Gözlerinizi kapatıp dinlenin.,Close your eyes and rest.,cabin_crew,passenger,A1,reassuring,"health,rest,advice"
health_and_medical_issues,passenger says they have a fever,Turkish,English,Ateşim var.,I have a fever.,passenger,cabin_crew,A1,neutral,"health,fever,symptom"
health_and_medical_issues,crew asks if passenger has taken medicine,Turkish,English,Bir ağrı kesici aldınız mı?,Have you taken a painkiller?,cabin_crew,passenger,A2,neutral,"health,medicine,pain"
health_and_medical_issues,passenger asks for pain relief,Turkish,English,Bir ağrı kesici alabilir miyim?,Can I have a painkiller?,passenger,cabin_crew,A2,polite,"health,medicine,request"
health_and_medical_issues,crew says medical help is coming,Turkish,English,Bir sağlık çalışanı çağırıyoruz.,We are calling for medical help.,cabin_crew,passenger,A1,reassuring,"health,medical_assistance,emergency"
health_and_medical_issues,passenger asks if doctor is on board,Turkish,English,Uçakta doktor var mı?,Is there a doctor on board?,passenger,cabin_crew,A1,urgent,"health,doctor,emergency"
health_and_medical_issues,crew asks about medical condition,Turkish,English,Daha önce böyle bir durum yaşadınız mı?,Have you had this kind of problem before?,cabin_crew,passenger,A2,neutral,"health,history,assessment"
health_and_medical_issues,passenger reports motion sickness,Turkish,English,Uçak tutuyor.,I have motion sickness.,passenger,cabin_crew,A2,neutral,"health,motion_sickness,in_flight"
health_and_medical_issues,crew suggests looking forward,Turkish,English,Öne bakmanız yardımcı olabilir.,Looking forward may help.,cabin_crew,passenger,A2,reassuring,"health,motion_sickness,advice"
health_and_medical_issues,passenger says they need toilet urgently due to illness,Turkish,English,Tuvalete acilen gitmem lazım.,I need to go to the toilet urgently.,passenger,cabin_crew,A1,urgent,"health,toilet,urgent"
health_and_medical_issues,crew asks if passenger is sick,Turkish,English,Kendinizi hasta mı hissediyorsunuz?,Do you feel sick?,cabin_crew,passenger,A1,neutral,"health,symptom,check"
health_and_medical_issues,passenger says they feel weak,Turkish,English,Kendimi çok zayıf hissediyorum.,I feel very weak.,passenger,cabin_crew,A2,urgent,"health,weakness,in_flight"
health_and_medical_issues,crew tells passenger to keep head down,Turkish,English,Başınızı biraz aşağıda tutun.,Keep your head down a little.,cabin_crew,passenger,A2,reassuring,"health,dizziness,instruction"
health_and_medical_issues,passenger says they have asthma,Turkish,English,Astımım var.,I have asthma.,passenger,cabin_crew,A1,neutral,"health,asthma,medical_history"
health_and_medical_issues,crew asks about inhaler,Turkish,English,İnhaleriniz yanınızda mı?,Do you have your inhaler with you?,cabin_crew,passenger,A2,neutral,"health,asthma,medication"
health_and_medical_issues,passenger says inhaler is in bag,Turkish,English,İnhalerim çantamda.,My inhaler is in my bag.,passenger,cabin_crew,A1,neutral,"health,asthma,luggage"
health_and_medical_issues,crew asks about nausea severity,Turkish,English,Mideniz çok mu bulanıyor?,Are you feeling very nauseous?,cabin_crew,passenger,A2,neutral,"health,nausea,assessment"
health_and_medical_issues,passenger says yes very much,Turkish,English,"Evet, çok kötü.","Yes, very badly.",passenger,cabin_crew,A1,urgent,"health,nausea,severity"
health_and_medical_issues,crew asks if passenger wants ice,Turkish,English,Soğuk kompres ister misiniz?,Would you like a cold compress?,cabin_crew,passenger,A2,reassuring,"health,cold_compress,assistance"
health_and_medical_issues,passenger says they have a cut,Turkish,English,Elimi kestim.,I cut my hand.,passenger,cabin_crew,A1,urgent,"health,injury,cut"
health_and_medical_issues,crew asks if bleeding stopped,Turkish,English,Kanama durdu mu?,Has the bleeding stopped?,cabin_crew,passenger,A1,urgent,"health,bleeding,assessment"
health_and_medical_issues,passenger says they are bleeding,Turkish,English,Kanamam var.,I'm bleeding.,passenger,cabin_crew,A1,urgent,"health,bleeding,emergency"
health_and_medical_issues,crew requests first aid kit,Turkish,English,İlk yardım çantasını getirebilir misiniz?,Can you bring the first aid kit?,cabin_crew,passenger,A2,urgent,"health,first_aid,crew_request"
health_and_medical_issues,passenger says they feel hot and shaky,Turkish,English,Çok sıcak basıyor ve titriyorum.,I feel very hot and I’m shaking.,passenger,cabin_crew,B1,urgent,"health,fever,shaking"
health_and_medical_issues,crew asks if passenger is on blood pressure medication,Turkish,English,Tansiyon ilacı kullanıyor musunuz?,Do you take blood pressure medicine?,cabin_crew,passenger,A2,neutral,"health,blood_pressure,medication"
health_and_medical_issues,passenger answers yes,Turkish,English,"Evet, her gün kullanıyorum.","Yes, I take it every day.",passenger,cabin_crew,A1,neutral,"health,medication,daily_use"
health_and_medical_issues,crew asks if passenger wants to lie down,Turkish,English,Yatmak ister misiniz?,Would you like to lie down?,cabin_crew,passenger,A1,reassuring,"health,rest,assistance"
health_and_medical_issues,passenger says they cannot stand,Turkish,English,Ayağa kalkamıyorum.,I can't stand up.,passenger,cabin_crew,A1,urgent,"health,mobility,emergency"
health_and_medical_issues,crew asks about consciousness,Turkish,English,Bilinciniz açık mı?,Are you conscious?,cabin_crew,passenger,A2,urgent,"health,consciousness,emergency"
health_and_medical_issues,passenger says they are awake but weak,Turkish,English,Ayaktayım ama çok güçsüzüm.,"I'm awake, but I'm very weak.",passenger,cabin_crew,A2,urgent,"health,weakness,assessment"
health_and_medical_issues,crew asks if passenger has taken insulin,Turkish,English,İnsülin yaptınız mı?,Did you take your insulin?,cabin_crew,passenger,A2,neutral,"health,diabetes,insulin"
health_and_medical_issues,passenger says they need insulin now,Turkish,English,Şimdi insüline ihtiyacım var.,I need insulin now.,passenger,cabin_crew,A2,urgent,"health,diabetes,urgent"
health_and_medical_issues,crew says they will inform the captain,Turkish,English,Kaptanı bilgilendiriyoruz.,We are informing the captain.,cabin_crew,passenger,A2,reassuring,"health,communication,emergency"
health_and_medical_issues,passenger asks for help with a child illness,Turkish,English,Çocuğumun ateşi var.,My child has a fever.,passenger,cabin_crew,A1,urgent,"health,child,fever"
health_and_medical_issues,passenger says child is vomiting,Turkish,English,Kusuyor.,He is vomiting.,passenger,cabin_crew,A1,urgent,"health,child,vomiting"
health_and_medical_issues,crew asks if child has drank water,Turkish,English,Su içti mi?,Has he had any water?,cabin_crew,passenger,A1,neutral,"health,child,hydration"
health_and_medical_issues,passenger asks for bathroom because of stomach cramps,Turkish,English,Mide kramplarım var.,I have stomach cramps.,passenger,cabin_crew,A2,urgent,"health,cramps,in_flight"
health_and_medical_issues,crew asks if passenger feels better now,Turkish,English,Şimdi daha iyi misiniz?,Do you feel better now?,cabin_crew,passenger,A1,reassuring,"health,follow_up,check"
health_and_medical_issues,passenger says not better yet,Turkish,English,Henüz iyi değilim.,I’m not better yet.,passenger,cabin_crew,A1,neutral,"health,recovery,status"
health_and_medical_issues,crew asks if passenger has a medical condition,Turkish,English,Herhangi bir sağlık sorununuz var mı?,Do you have any medical conditions?,cabin_crew,passenger,A2,neutral,"health,medical_history,assessment"
health_and_medical_issues,passenger says they have high blood pressure,Turkish,English,Tansiyonum yüksek.,I have high blood pressure.,passenger,cabin_crew,A2,neutral,"health,blood_pressure,medical_history"
health_and_medical_issues,crew asks if passenger has medication list,Turkish,English,İlaç listeniz var mı?,Do you have a list of your medications?,cabin_crew,passenger,A2,neutral,"health,medication,documentation"
health_and_medical_issues,passenger says they feel feverish,Turkish,English,Kendimi ateşli hissediyorum.,I feel feverish.,passenger,cabin_crew,A2,neutral,"health,fever,symptom"
health_and_medical_issues,crew offers blanket,Turkish,English,Üşüyorsanız size battaniye verebilirim.,I can give you a blanket if you're cold.,cabin_crew,passenger,A2,reassuring,"health,comfort,blanket"
health_and_medical_issues,passenger says they are shivering,Turkish,English,Titriyorum.,I'm shivering.,passenger,cabin_crew,A1,urgent,"health,shivering,symptom"
health_and_medical_issues,crew asks if passenger has a pulse issue,Turkish,English,Nabzınız hızlı mı?,Is your pulse fast?,cabin_crew,passenger,A2,neutral,"health,pulse,assessment"
health_and_medical_issues,passenger says heart is racing,Turkish,English,Kalbim çok hızlı atıyor.,My heart is beating very fast.,passenger,cabin_crew,A2,urgent,"health,heart,symptom"
health_and_medical_issues,crew asks if passenger needs oxygen,Turkish,English,Oksijene ihtiyacınız var mı?,Do you need oxygen?,cabin_crew,passenger,A1,urgent,"health,oxygen,emergency"
health_and_medical_issues,passenger says yes to oxygen,Turkish,English,"Evet, lütfen.","Yes, please.",passenger,cabin_crew,A1,urgent,"health,oxygen,request"
emergency_situations,cabin,English,Turkish,I need help right now.,Şu anda yardıma ihtiyacım var.,passenger,cabin_crew,A1,urgent,"help,urgent,cabin"
emergency_situations,cabin,English,Turkish,I cannot breathe well.,İyi nefes alamıyorum.,passenger,cabin_crew,A1,urgent,"breathing,medical,urgent"
emergency_situations,cabin,English,Turkish,My wife is unconscious.,Eşim baygın.,passenger,cabin_crew,A2,urgent,"unconscious,medical,family"
emergency_situations,cabin,English,Turkish,He is not responding.,Cevap vermiyor.,passenger,cabin_crew,A1,urgent,"unresponsive,medical"
emergency_situations,cabin,English,Turkish,Her face is swelling.,Yüzü şişiyor.,passenger,cabin_crew,A2,urgent,"allergy,swelling,medical"
emergency_situations,cabin,English,Turkish,She may be having an allergic reaction.,Alerjik reaksiyon geçiriyor olabilir.,passenger,cabin_crew,B1,urgent,"allergy,medical"
emergency_situations,cabin,English,Turkish,Do you have an epinephrine pen?,Yanınızda epinefrin kalemi var mı?,cabin_crew,passenger,B1,urgent,"allergy,medication"
emergency_situations,cabin,English,Turkish,We are getting help.,Yardım çağırıyoruz.,cabin_crew,passenger,A1,reassuring,"help,reassuring"
emergency_situations,cabin,English,Turkish,Is anyone here a doctor?,Burada doktor var mı?,cabin_crew,passenger,A1,urgent,"doctor,crew"
emergency_situations,cabin,English,Turkish,Does anyone have first aid training?,İlk yardım eğitimi olan var mı?,cabin_crew,passenger,A2,urgent,"first_aid,crew"
emergency_situations,cabin,English,Turkish,Please clear the aisle.,Lütfen koridoru boşaltın.,cabin_crew,passenger,A1,urgent,"aisle,safety"
emergency_situations,cabin,English,Turkish,We need room for medical assistance.,Tıbbi yardım için alana ihtiyacımız var.,cabin_crew,passenger,B1,formal,"medical,space"
emergency_situations,cabin,English,Turkish,Please loosen your seat belt.,Lütfen emniyet kemerinizi gevşetin.,cabin_crew,passenger,A2,urgent,"seatbelt,medical"
emergency_situations,cabin,English,Turkish,Put your head between your knees.,Başınızı dizlerinizin arasına koyun.,cabin_crew,passenger,A2,urgent,"fainting,medical"
emergency_situations,cabin,English,Turkish,She is having trouble standing.,Ayakta durmakta zorlanıyor.,passenger,cabin_crew,A2,urgent,"mobility,medical"
emergency_situations,cabin,English,Turkish,I think he is having a seizure.,Sanırım nöbet geçiriyor.,passenger,cabin_crew,B1,urgent,"seizure,medical"
emergency_situations,cabin,English,Turkish,Do not move him.,Onu hareket ettirmeyin.,cabin_crew,passenger,A2,urgent,"medical,do_not_move"
emergency_situations,cabin,English,Turkish,Please remove this bag from the aisle.,Lütfen bu çantayı koridordan kaldırın.,cabin_crew,passenger,A2,urgent,"aisle,bag,safety"
emergency_situations,cabin,English,Turkish,There is smoke in the cabin.,Kabin içinde duman var.,cabin_crew,passenger,A1,urgent,"smoke,cabin,fire"
emergency_situations,cabin,English,Turkish,Please follow the crew instructions.,Lütfen kabin ekibinin talimatlarını izleyin.,cabin_crew,passenger,A2,formal,"instructions,crew,safety"
emergency_situations,cabin,English,Turkish,Remain seated with your seat belt fastened.,Emniyet kemeriniz bağlı şekilde oturmaya devam edin.,cabin_crew,passenger,A2,formal,"seatbelt,safety"
emergency_situations,cabin,English,Turkish,Open the emergency exit only if instructed.,Acil çıkışı sadece talimat verilirse açın.,cabin_crew,passenger,B1,formal,"emergency_exit,safety"
emergency_situations,cabin,English,Turkish,We may need to make an emergency landing.,Acil iniş yapmamız gerekebilir.,cabin_crew,passenger,B1,formal,emergency_landing
emergency_situations,cabin,English,Turkish,Your child is safe with us.,Çocuğunuz bizimle güvende.,cabin_crew,passenger,A2,reassuring,"child,reassuring"
emergency_situations,cabin,English,Turkish,Is your child hurt?,Çocuğunuz yaralandı mı?,cabin_crew,passenger,A1,urgent,"child,injury"
emergency_situations,cabin,English,Turkish,My baby is crying nonstop.,Bebeğim durmadan ağlıyor.,passenger,cabin_crew,A2,urgent,"baby,child"
emergency_situations,cabin,English,Turkish,Please give him some water slowly.,Lütfen ona yavaşça biraz su verin.,cabin_crew,passenger,A2,reassuring,"water,medical"
emergency_situations,cabin,English,Turkish,He is cold and shaky.,Üşüyor ve titriyor.,passenger,cabin_crew,A2,urgent,"shivering,medical"
emergency_situations,cabin,English,Turkish,I think I am going to faint.,Sanırım bayılacağım.,passenger,cabin_crew,A2,urgent,"faint,medical"
emergency_situations,cabin,English,Turkish,Please put your hands on your head.,Lütfen ellerinizi başınızın üstüne koyun.,cabin_crew,passenger,A1,urgent,"safety,instructions"
emergency_situations,cabin,English,Turkish,There is a problem with the oxygen masks.,Oksijen maskelerinde bir sorun var.,cabin_crew,passenger,B1,urgent,"oxygen,cabin"
emergency_situations,cabin,English,Turkish,Use the oxygen mask immediately.,Oksijen maskesini hemen kullanın.,cabin_crew,passenger,A2,urgent,"oxygen,mask"
emergency_situations,cabin,English,Turkish,"Help me, please.",Lütfen bana yardım edin.,passenger,cabin_crew,A1,urgent,help
emergency_situations,cabin,English,Turkish,I need an interpreter.,Bir tercümana ihtiyacım var.,passenger,cabin_crew,A2,urgent,"language,help"
emergency_situations,cabin,English,Turkish,Can you speak more slowly?,Biraz daha yavaş konuşabilir misiniz?,passenger,cabin_crew,A1,polite,communication
emergency_situations,cabin,English,Turkish,I do not understand the instructions.,Talimatları anlamıyorum.,passenger,cabin_crew,A2,polite,"communication,instructions"
emergency_situations,cabin,English,Turkish,Please point to the nearest exit.,Lütfen en yakın çıkışı gösterin.,passenger,cabin_crew,A2,urgent,"exit,safety"
emergency_situations,cabin,English,Turkish,Where is the nearest exit?,En yakın çıkış nerede?,passenger,cabin_crew,A1,urgent,"exit,safety"
emergency_situations,cabin,English,Turkish,The passenger next to me is bleeding.,Yanımdaki yolcu kanıyor.,passenger,cabin_crew,A2,urgent,"bleeding,medical"
emergency_situations,cabin,English,Turkish,Please apply pressure to the wound.,Lütfen yaraya baskı uygulayın.,cabin_crew,passenger,B1,urgent,"wound,first_aid"
emergency_situations,cabin,English,Turkish,He cut his hand on something sharp.,Elini keskin bir şeye kesti.,passenger,cabin_crew,A2,urgent,"cut,injury"
emergency_situations,cabin,English,Turkish,I have a medical condition.,Tıbbi bir rahatsızlığım var.,passenger,cabin_crew,A2,formal,medical_condition
emergency_situations,cabin,English,Turkish,I need my medicine now.,İlacımı şimdi almam gerekiyor.,passenger,cabin_crew,A1,urgent,"medicine,urgent"
emergency_situations,cabin,English,Turkish,Where is your medicine?,İlacınız nerede?,cabin_crew,passenger,A1,urgent,"medicine,crew"
emergency_situations,cabin,English,Turkish,I have it in my bag.,Çantamın içinde.,passenger,cabin_crew,A1,neutral,"bag,medicine"
emergency_situations,cabin,English,Turkish,Please keep it within reach.,Lütfen onu elinizin altında tutun.,cabin_crew,passenger,A2,formal,"medicine,instructions"
emergency_situations,cabin,English,Turkish,My blood sugar is low.,Kan şekerim düşük.,passenger,cabin_crew,A2,urgent,"diabetes,medical"
emergency_situations,cabin,English,Turkish,Do you have something sweet?,Tatlı bir şeyiniz var mı?,passenger,cabin_crew,A1,urgent,"low_blood_sugar,food"
emergency_situations,cabin,English,Turkish,My father has diabetes.,Babamın diyabeti var.,passenger,cabin_crew,A2,urgent,"diabetes,family"
emergency_situations,cabin,English,Turkish,The turbulence is making me panic.,Türbülans beni paniğe sokuyor.,passenger,cabin_crew,B1,urgent,"panic,turbulence"
emergency_situations,cabin,English,Turkish,Please hold onto the armrest.,Lütfen kol dayanağına tutunun.,cabin_crew,passenger,A2,formal,"turbulence,safety"
emergency_situations,cabin,English,Turkish,Keep your head down.,Başınızı aşağıda tutun.,cabin_crew,passenger,A2,urgent,"turbulence,safety"
emergency_situations,cabin,English,Turkish,The seat belt sign is on.,Emniyet kemeri ışığı yandı.,cabin_crew,passenger,A1,formal,"seatbelt,safety"
emergency_situations,cabin,English,Turkish,Please return to your seat immediately.,Lütfen hemen koltuğunuza dönün.,cabin_crew,passenger,A2,urgent,"seat,safety"
emergency_situations,cabin,English,Turkish,I cannot find my child.,Çocuğumu bulamıyorum.,passenger,cabin_crew,A1,urgent,"child,missing"
emergency_situations,cabin,English,Turkish,Please stay with the child.,Lütfen çocukla birlikte kalın.,cabin_crew,passenger,A2,formal,"child,safety"
emergency_situations,cabin,English,Turkish,My pet is scared.,Evcil hayvanım korktu.,passenger,cabin_crew,A1,urgent,"pet,fear"
emergency_situations,cabin,English,Turkish,Please keep the pet in its carrier.,Lütfen evcil hayvanı taşıma çantasında tutun.,cabin_crew,passenger,A2,formal,"pet,carrier"
emergency_situations,cabin,English,Turkish,He is having an asthma attack.,Astım krizi geçiriyor.,passenger,cabin_crew,A2,urgent,"asthma,medical"
emergency_situations,cabin,English,Turkish,Where is his inhaler?,İnhaleri nerede?,cabin_crew,passenger,A1,urgent,"asthma,inhaler"
emergency_situations,cabin,English,Turkish,My inhaler is in my pocket.,İnhalerim cebimde.,passenger,cabin_crew,A1,urgent,"asthma,inhaler"
emergency_situations,cabin,English,Turkish,Please use the inhaler now.,Lütfen inhaleri şimdi kullanın.,cabin_crew,passenger,A2,urgent,"asthma,medical"
emergency_situations,cabin,English,Turkish,Please do not serve peanuts.,Lütfen yer fıstığı servis etmeyin.,passenger,cabin_crew,A2,polite,"allergy,food"
emergency_situations,cabin,English,Turkish,I have severe pain in my abdomen.,Karnımda şiddetli ağrı var.,passenger,cabin_crew,B1,urgent,"abdomen,pain"
emergency_situations,cabin,English,Turkish,Please tell me what hurts.,"Lütfen neresi ağrıyor, söyleyin.",cabin_crew,passenger,A2,formal,"medical,pain"
emergency_situations,cabin,English,Turkish,My leg is numb.,Bacağım uyuştu.,passenger,cabin_crew,A2,urgent,"numbness,medical"
emergency_situations,cabin,English,Turkish,Can you move your toes?,Ayak parmaklarınızı oynatabiliyor musunuz?,cabin_crew,passenger,B1,formal,"medical,mobility"
emergency_situations,cabin,English,Turkish,I think I swallowed something wrong.,Yanlış bir şey yuttuğumu düşünüyorum.,passenger,cabin_crew,B1,urgent,"swallowing,medical"
emergency_situations,cabin,English,Turkish,Do not eat or drink for now.,Şimdilik bir şey yiyip içmeyin.,cabin_crew,passenger,A2,formal,"medical,instructions"
emergency_situations,cabin,English,Turkish,My medication is in my carry-on.,İlacım el çantamda.,passenger,cabin_crew,A2,neutral,"medicine,carry_on"
emergency_situations,cabin,English,Turkish,Please bring the carry-on bag here.,Lütfen el çantasını buraya getirin.,cabin_crew,passenger,A2,urgent,"bag,medicine"
emergency_situations,cabin,English,Turkish,We need to check your pulse.,Nabzınızı kontrol etmemiz gerekiyor.,cabin_crew,passenger,B1,formal,"pulse,medical"
emergency_situations,cabin,English,Turkish,My pulse is racing.,Nabzım çok hızlı atıyor.,passenger,cabin_crew,A2,urgent,"pulse,medical"
emergency_situations,cabin,English,Turkish,I am scared.,Korkuyorum.,passenger,cabin_crew,A1,urgent,fear
emergency_situations,cabin,English,Turkish,You are safe with us.,Bizimle güvendesiniz.,cabin_crew,passenger,A1,reassuring,"reassuring,safety"
emergency_situations,cabin,English,Turkish,Please keep talking to me.,Lütfen benimle konuşmaya devam edin.,cabin_crew,passenger,A2,reassuring,"medical,communication"
emergency_situations,cabin,English,Turkish,I think the passenger is choking.,Sanırım yolcu boğuluyor.,passenger,cabin_crew,B1,urgent,"choking,medical"
emergency_situations,cabin,English,Turkish,Can you cough?,Öksürebiliyor musunuz?,cabin_crew,passenger,A1,urgent,"choking,medical"
emergency_situations,cabin,English,Turkish,He cannot swallow.,Yutamıyor.,passenger,cabin_crew,A1,urgent,"swallowing,medical"
emergency_situations,cabin,English,Turkish,Please give him space.,Lütfen ona alan açın.,cabin_crew,passenger,A2,urgent,"space,medical"
emergency_situations,cabin,English,Turkish,I have a severe headache.,Şiddetli baş ağrım var.,passenger,cabin_crew,A2,urgent,"headache,medical"
emergency_situations,cabin,English,Turkish,Did you take any medication?,Herhangi bir ilaç aldınız mı?,cabin_crew,passenger,A2,formal,"medicine,medical"
emergency_situations,cabin,English,Turkish,I took my medicine an hour ago.,İlacımı bir saat önce aldım.,passenger,cabin_crew,A2,neutral,"medicine,time"
emergency_situations,cabin,English,Turkish,The passenger is not waking up.,Yolcu uyanmıyor.,passenger,cabin_crew,A1,urgent,"unconscious,medical"
emergency_situations,cabin,English,Turkish,Please check if he is breathing.,Lütfen nefes alıp almadığını kontrol edin.,cabin_crew,passenger,B1,urgent,"breathing,medical"
emergency_situations,cabin,English,Turkish,He is breathing very slowly.,Çok yavaş nefes alıyor.,passenger,cabin_crew,A2,urgent,"breathing,medical"
emergency_situations,cabin,English,Turkish,Please call the captain.,Lütfen kaptanı çağırın.,passenger,cabin_crew,A1,urgent,"captain,crew"
emergency_situations,cabin,English,Turkish,The flight attendant is on the way.,Kabin memuru yolda.,cabin_crew,passenger,A2,reassuring,"crew,help"
emergency_situations,cabin,English,Turkish,We are landing as soon as possible.,Mümkün olan en kısa sürede iniş yapacağız.,cabin_crew,passenger,B1,formal,"landing,urgent"
emergency_situations,cabin,English,Turkish,Please fasten your seat belt now.,Lütfen emniyet kemerinizi şimdi bağlayın.,cabin_crew,passenger,A1,urgent,"seatbelt,safety"
emergency_situations,cabin,English,Turkish,Please stay in your seat.,Lütfen yerinizde kalın.,cabin_crew,passenger,A1,formal,"seat,safety"
emergency_situations,cabin,English,Turkish,Is there a fire on board?,Uçakta yangın mı var?,passenger,cabin_crew,A1,urgent,"fire,onboard"
emergency_situations,cabin,English,Turkish,"There is no fire, but we are checking.","Yangın yok, ama kontrol ediyoruz.",cabin_crew,passenger,A2,reassuring,"fire,reassuring"
emergency_situations,cabin,English,Turkish,Please keep your face covered.,Lütfen yüzünüzü kapalı tutun.,cabin_crew,passenger,A2,urgent,"smoke,safety"
emergency_situations,cabin,English,Turkish,There is a medical emergency.,Tıbbi bir acil durum var.,cabin_crew,passenger,A2,formal,medical_emergency
emergency_situations,cabin,English,Turkish,Please remain seated until we stop.,Lütfen uçak durana kadar oturmaya devam edin.,cabin_crew,passenger,A2,formal,"landing,safety"
emergency_situations,cabin,English,Turkish,I am having a panic attack.,Panik atak geçiriyorum.,passenger,cabin_crew,B1,urgent,"panic_attack,medical"
emergency_situations,cabin,English,Turkish,Try to breathe slowly.,Yavaş yavaş nefes almaya çalışın.,cabin_crew,passenger,A2,reassuring,"breathing,panic"
emergency_situations,cabin,English,Turkish,My arm is broken.,Kolum kırılmış olabilir.,passenger,cabin_crew,A2,urgent,"broken_bone,medical"
emergency_situations,cabin,English,Turkish,Please do not move your arm.,Lütfen kolunuzu hareket ettirmeyin.,cabin_crew,passenger,A2,urgent,"injury,do_not_move"
emergency_situations,cabin,English,Turkish,I fell in the aisle.,Koridorda düştüm.,passenger,cabin_crew,A1,urgent,"fall,aisle"
emergency_situations,cabin,English,Turkish,Can you stand up?,Ayağa kalkabiliyor musunuz?,cabin_crew,passenger,A1,urgent,"fall,mobility"
emergency_situations,cabin,English,Turkish,My ankle hurts badly.,Ayak bileğim çok ağrıyor.,passenger,cabin_crew,A2,urgent,"ankle,pain"
emergency_situations,cabin,English,Turkish,Please ice the injury if available.,Mümkünse yaraya buz uygulayın.,cabin_crew,passenger,B1,formal,"injury,first_aid"
emergency_situations,cabin,English,Turkish,I am bleeding from my nose.,Burnum kanıyor.,passenger,cabin_crew,A1,urgent,"nosebleed,medical"
emergency_situations,cabin,English,Turkish,Please tilt your head forward.,Lütfen başınızı öne eğin.,cabin_crew,passenger,A2,formal,"first_aid,nosebleed"
emergency_situations,cabin,English,Turkish,I have been vomiting.,Kusuyorum.,passenger,cabin_crew,A1,urgent,"vomiting,medical"
emergency_situations,cabin,English,Turkish,Please get a sick bag.,Lütfen bir kusma torbası getirin.,passenger,cabin_crew,A2,urgent,"sick_bag,medical"
emergency_situations,cabin,English,Turkish,The baby has a fever.,Bebeğin ateşi var.,passenger,cabin_crew,A1,urgent,"baby,fever"
emergency_situations,cabin,English,Turkish,Do you have a thermometer?,Termometreniz var mı?,passenger,cabin_crew,A1,polite,"thermometer,medical"
emergency_situations,cabin,English,Turkish,We will check your temperature.,Ateşinizi ölçeceğiz.,cabin_crew,passenger,A2,reassuring,"temperature,medical"
emergency_situations,cabin,English,Turkish,My passport is not important now.,Pasaportum şu an önemli değil.,passenger,cabin_crew,A2,neutral,"priority,emergency"
emergency_situations,cabin,English,Turkish,Please focus on your health first.,Lütfen önce sağlığınıza odaklanın.,cabin_crew,passenger,A2,reassuring,"health,reassuring"
emergency_situations,cabin,English,Turkish,I cannot feel my fingers.,Parmaklarımı hissetmiyorum.,passenger,cabin_crew,A2,urgent,"numbness,medical"
emergency_situations,cabin,English,Turkish,Please move your fingers.,Lütfen parmaklarınızı oynatın.,cabin_crew,passenger,A2,formal,"medical,mobility"
emergency_situations,cabin,English,Turkish,I think my fever is getting worse.,Sanırım ateşim yükseliyor.,passenger,cabin_crew,A2,urgent,"fever,medical"
emergency_situations,cabin,English,Turkish,Please monitor his condition.,Lütfen durumunu takip edin.,cabin_crew,passenger,B1,formal,"monitor,medical"
emergency_situations,cabin,English,Turkish,The passenger is having difficulty speaking.,Yolcu konuşmakta zorlanıyor.,cabin_crew,passenger,B1,formal,"speech,medical"
emergency_situations,cabin,English,Turkish,I cannot open my eyes properly.,Gözlerimi doğru düzgün açamıyorum.,passenger,cabin_crew,B1,urgent,"eyes,medical"
emergency_situations,cabin,English,Turkish,Please do not rub your eyes.,Lütfen gözlerinizi ovuşturmayın.,cabin_crew,passenger,A2,formal,"eyes,medical"
emergency_situations,cabin,English,Turkish,I have a cut on my foot.,Ayağımda bir kesik var.,passenger,cabin_crew,A1,urgent,"cut,foot"
emergency_situations,cabin,English,Turkish,Please disinfect the wound.,Lütfen yarayı dezenfekte edin.,cabin_crew,passenger,B1,formal,"wound,first_aid"
emergency_situations,cabin,English,Turkish,Please help me to the lavatory.,Lütfen beni tuvalete götürün.,passenger,cabin_crew,A2,urgent,"lavatory,assistance"
emergency_situations,cabin,English,Turkish,The toilet is blocked.,Tuvalet tıkalı.,passenger,cabin_crew,A1,urgent,"toilet,blocked"
emergency_situations,cabin,English,Turkish,I think there is a gas smell.,Sanırım gaz kokusu var.,passenger,cabin_crew,B1,urgent,"smell,safety"
emergency_situations,cabin,English,Turkish,We are investigating the smell now.,Kokuyu şimdi araştırıyoruz.,cabin_crew,passenger,A2,reassuring,"smell,reassuring"
emergency_situations,cabin,English,Turkish,Someone is threatening another passenger.,Biri başka bir yolcuyu tehdit ediyor.,passenger,cabin_crew,B1,urgent,"threat,safety"
emergency_situations,cabin,English,Turkish,Please stay in your seat and remain quiet.,Lütfen yerinizde kalın ve sessiz olun.,cabin_crew,passenger,A2,urgent,"safety,security"
emergency_situations,cabin,English,Turkish,I heard a loud bang.,Yüksek bir patlama sesi duydum.,passenger,cabin_crew,A2,urgent,"noise,incident"
emergency_situations,cabin,English,Turkish,Please report any damage immediately.,Lütfen herhangi bir hasarı hemen bildirin.,cabin_crew,passenger,B1,formal,"damage,report"
emergency_situations,cabin,English,Turkish,The overhead bin opened during turbulence.,Türbülans sırasında üst dolap açıldı.,passenger,cabin_crew,B1,urgent,"overhead_bin,turbulence"
emergency_situations,cabin,English,Turkish,Please sit under the oxygen mask.,Lütfen oksijen maskesinin altında oturun.,cabin_crew,passenger,B1,formal,"oxygen,safety"
emergency_situations,cabin,English,Turkish,I am having trouble hearing.,Duymakta zorlanıyorum.,passenger,cabin_crew,A2,neutral,"hearing,communication"
emergency_situations,cabin,English,Turkish,Please speak directly into the microphone.,Lütfen mikrofonla doğrudan konuşun.,cabin_crew,passenger,B1,formal,"communication,instructions"
emergency_situations,cabin,English,Turkish,My hearing aid is not working.,İşitme cihazım çalışmıyor.,passenger,cabin_crew,A2,urgent,"hearing_aid,accessibility"
emergency_situations,cabin,English,Turkish,Please keep the hearing aid safe.,Lütfen işitme cihazını güvende tutun.,cabin_crew,passenger,A2,reassuring,"hearing_aid,accessibility"
emergency_situations,cabin,English,Turkish,I cannot walk without help.,Yardım olmadan yürüyemiyorum.,passenger,cabin_crew,A2,urgent,"mobility,accessibility"
emergency_situations,cabin,English,Turkish,Please bring the wheelchair onboard.,Lütfen tekerlekli sandalyeyi uçağa getirin.,passenger,cabin_crew,A2,urgent,"wheelchair,accessibility"
emergency_situations,cabin smoke,Turkish,English,Kabin içinde duman var.,There is smoke in the cabin.,passenger,cabin_crew,A2,urgent,"cabin,smoke,emergency"
emergency_situations,seat belt,Turkish,English,Herkes kemerini taksın.,"Everyone, please fasten your seat belts.",cabin_crew,passenger,A1,urgent,"safety,seat_belt,crew_announcement"
emergency_situations,passenger fainting,Turkish,English,Yanımdaki yolcu bayıldı.,The passenger next to me fainted.,passenger,cabin_crew,A2,urgent,"medical,fainting,passenger"
emergency_situations,oxygen mask,Turkish,English,Oksijen maskesini takın.,Put on the oxygen mask.,cabin_crew,passenger,A1,urgent,"oxygen,safety,cabin"
emergency_situations,fire,Turkish,English,Yangın var!,There is a fire!,passenger,cabin_crew,A1,urgent,"fire,emergency"
emergency_situations,turbulence,Turkish,English,Lütfen oturduğunuz yerde kalın.,Please stay seated.,cabin_crew,passenger,A1,urgent,"turbulence,safety"
emergency_situations,seat upright,Turkish,English,Sırtlığınızı dik konuma getirin.,Please put your seat back in the upright position.,cabin_crew,passenger,A2,neutral,"safety,seat,crew_instruction"
emergency_situations,brace position,Turkish,English,Başınızı eğin ve öne kapanın.,Bend your head down and lean forward.,cabin_crew,passenger,A2,urgent,"emergency,brace_position"
emergency_situations,smoke smell,Turkish,English,Yanık kokusu geliyor.,I can smell something burning.,passenger,cabin_crew,A2,urgent,"smoke,smell,fire"
emergency_situations,loss of consciousness,Turkish,English,Nefes almıyor gibi görünüyor.,He does not seem to be breathing.,passenger,cabin_crew,A2,urgent,"medical,breathing,emergency"
emergency_situations,call for help,Turkish,English,"Yardım edin, lütfen.",Please help.,passenger,cabin_crew,A1,urgent,"help,emergency"
emergency_situations,first aid kit,Turkish,English,İlk yardım çantasını getirir misiniz?,Could you bring the first aid kit?,cabin_crew,passenger,A2,polite,"medical,first_aid,crew_request"
emergency_situations,AED request,Turkish,English,Otomatik defibrilatör var mı?,Is there an AED?,passenger,cabin_crew,B1,urgent,"medical,aed,emergency"
emergency_situations,allergic reaction,Turkish,English,Alerjik reaksiyon geçiriyor olabilir.,He may be having an allergic reaction.,passenger,cabin_crew,B1,urgent,"medical,allergy"
emergency_situations,epinephrine,Turkish,English,EpiPen'im çantamda.,My EpiPen is in my bag.,passenger,cabin_crew,A2,urgent,"medical,allergy,epipen"
emergency_situations,diabetes,Turkish,English,Diyabetim var.,I have diabetes.,passenger,cabin_crew,A1,neutral,"medical,diabetes"
emergency_situations,low blood sugar,Turkish,English,Kan şekerim düştü.,My blood sugar is low.,passenger,cabin_crew,A2,urgent,"medical,blood_sugar"
emergency_situations,asthma,Turkish,English,"Astımım var, nefes alamıyorum.","I have asthma, and I can't breathe.",passenger,cabin_crew,A2,urgent,"medical,asthma,breathing"
emergency_situations,wheelchair,Turkish,English,Tekerlekli sandalyeye ihtiyacım var.,I need a wheelchair.,passenger,cabin_crew,A1,polite,"accessibility,wheelchair"
emergency_situations,severe pain,Turkish,English,Çok şiddetli ağrım var.,I have severe pain.,passenger,cabin_crew,A2,urgent,"medical,pain"
emergency_situations,injury,Turkish,English,Ayağımı yaraladım.,I injured my foot.,passenger,cabin_crew,A1,urgent,"medical,injury"
emergency_situations,bleeding,Turkish,English,Kanıyor.,It's bleeding.,passenger,cabin_crew,A1,urgent,"medical,bleeding"
emergency_situations,bandage,Turkish,English,Bandajınız var mı?,Do you have a bandage?,passenger,cabin_crew,A1,polite,"medical,bandage"
emergency_situations,ice pack,Turkish,English,Buz torbası alabilir miyim?,May I have an ice pack?,passenger,cabin_crew,A2,polite,"medical,ice_pack"
emergency_situations,burn,Turkish,English,Elim yandı.,I burned my hand.,passenger,cabin_crew,A1,urgent,"medical,burn"
emergency_situations,hot beverage spill,Turkish,English,Sıcak çay üstüme döküldü.,Hot tea spilled on me.,passenger,cabin_crew,A2,urgent,"medical,spill,burn"
emergency_situations,turkish announcement,Turkish,English,Lütfen sakin olun.,Please remain calm.,cabin_crew,passenger,A1,reassuring,"calm,announcement"
emergency_situations,evacuation,Turkish,English,Uçaktan hemen çıkın.,Leave the plane immediately.,cabin_crew,passenger,A1,urgent,"evacuation,emergency"
emergency_situations,smoke inhalation,Turkish,English,Duman soludum.,I inhaled smoke.,passenger,cabin_crew,A2,urgent,"medical,smoke"
emergency_situations,loss of luggage in emergency,Turkish,English,Pasaportum çantamda kaldı.,My passport is still in my bag.,passenger,cabin_crew,A1,urgent,"documents,luggage"
emergency_situations,baby crying,Turkish,English,Bebek çok ağlıyor.,The baby is crying a lot.,passenger,cabin_crew,A1,neutral,"child,baby"
emergency_situations,pregnancy,Turkish,English,Hamileyim ve kendimi iyi hissetmiyorum.,I am pregnant and I do not feel well.,passenger,cabin_crew,A2,urgent,"medical,pregnancy"
emergency_situations,seizure,Turkish,English,Nöbet geçiriyor.,He is having a seizure.,passenger,cabin_crew,A2,urgent,"medical,seizure"
emergency_situations,help request,Turkish,English,"Yanıma gelin, lütfen.",Please come to me.,passenger,cabin_crew,A1,urgent,"help,crew_request"
emergency_situations,crew response,Turkish,English,Size yardım edeceğim.,I will help you.,cabin_crew,passenger,A1,reassuring,"support,medical"
emergency_situations,fire extinguisher,Turkish,English,Yangın söndürücü nerede?,Where is the fire extinguisher?,cabin_crew,passenger,A2,urgent,"fire,equipment"
emergency_situations,blocked aisle,Turkish,English,Koridoru boş bırakın.,Keep the aisle clear.,cabin_crew,passenger,A1,urgent,"safety,aisle"
emergency_situations,water request,Turkish,English,Su getirebilir misiniz?,Could you bring some water?,passenger,cabin_crew,A1,polite,"medical,water"
emergency_situations,dehydration,Turkish,English,Çok susadım ve başım dönüyor.,I am very thirsty and I feel dizzy.,passenger,cabin_crew,A2,urgent,"medical,dizziness,dehydration"
emergency_situations,motion sickness,Turkish,English,"Kötü oldum, kusacak gibiyim.","I feel sick, like I might throw up.",passenger,cabin_crew,A2,urgent,"medical,motion_sickness"
emergency_situations,vomiting bag,Turkish,English,Kusma torbası var mı?,Do you have a vomit bag?,passenger,cabin_crew,A1,polite,"medical,vomit_bag"
emergency_situations,ear pressure,Turkish,English,Kulaklarım çok ağrıyor.,My ears hurt a lot.,passenger,cabin_crew,A1,urgent,"medical,ear_pain"
emergency_situations,panic,Turkish,English,Korkuyorum.,I am scared.,passenger,cabin_crew,A1,urgent,"panic,reassurance"
emergency_situations,reassurance,Turkish,English,"Merak etmeyin, yardım yolda.","Do not worry, help is on the way.",cabin_crew,passenger,A2,reassuring,"support,emergency"
emergency_situations,turn off devices,Turkish,English,Telefonunuzu kapatın.,Please turn off your phone.,cabin_crew,passenger,A1,urgent,"safety,phone"
emergency_situations,power issue,Turkish,English,Elektrik kesildi.,The power has gone out.,cabin_crew,passenger,A2,neutral,"power,cabin"
emergency_situations,crew check,Turkish,English,İyi misiniz?,Are you okay?,cabin_crew,passenger,A1,reassuring,"check_in,medical"
emergency_situations,back pain,Turkish,English,Sırtım çok ağrıyor.,My back hurts a lot.,passenger,cabin_crew,A1,urgent,"medical,pain"
emergency_situations,seat change,Turkish,English,Daha rahat bir yere geçebilir miyim?,May I move to a more comfortable seat?,passenger,cabin_crew,A2,polite,"comfort,seat_change"
emergency_situations,oxygen,Turkish,English,Oksijenim azaldı gibi hissediyorum.,I feel like I am not getting enough oxygen.,passenger,cabin_crew,B1,urgent,"medical,oxygen"
emergency_situations,shortness of breath,Turkish,English,Nefes darlığı yaşıyorum.,I am having trouble breathing.,passenger,cabin_crew,A2,urgent,"medical,breathing"
emergency_situations,lost child,Turkish,English,Çocuğum kayboldu.,My child is missing.,passenger,cabin_crew,A1,urgent,"child,missing"
emergency_situations,find child,Turkish,English,Kızım burada değil.,My daughter is not here.,passenger,cabin_crew,A1,urgent,"child,missing"
emergency_situations,pet issue,Turkish,English,Köpeğim çok huzursuz.,My dog is very restless.,passenger,cabin_crew,A2,neutral,"pet,anxiety"
emergency_situations,animal emergency,Turkish,English,Kafes açıldı.,The carrier opened.,passenger,cabin_crew,A1,urgent,"pet,carrier"
emergency_situations,broken seat,Turkish,English,Koltuğum bozuldu.,My seat is broken.,passenger,cabin_crew,A1,neutral,"seat,damage"
emergency_situations,seat belt problem,Turkish,English,Kemerim kapanmıyor.,My seat belt will not buckle.,passenger,cabin_crew,A1,urgent,"seat_belt,safety"
emergency_situations,crew instruction,Turkish,English,Lütfen elinizi başınızın üstünde tutun.,Please keep your hands over your head.,cabin_crew,passenger,A2,urgent,"safety,instruction"
emergency_situations,engine issue,Turkish,English,Motor sesi garip geliyor.,The engine sounds strange.,cabin_crew,passenger,B1,urgent,"technical,engine"
emergency_situations,delay emergency,Turkish,English,"Uçuş gecikiyor, ama güvendesiniz.","The flight is delayed, but you are safe.",cabin_crew,passenger,A2,reassuring,"delay,reassurance"
emergency_situations,landing preparation,Turkish,English,İnişe hazırlanıyoruz.,We are preparing to land.,cabin_crew,passenger,A1,neutral,"landing,announcement"
emergency_situations,evacuation row,Turkish,English,En yakın çıkışa ilerleyin.,Move to the nearest exit.,cabin_crew,passenger,A1,urgent,"evacuation,exit"
emergency_situations,smoke in lavatory,Turkish,English,Tuvaletten duman geliyor.,There is smoke coming from the lavatory.,passenger,cabin_crew,A2,urgent,"lavatory,smoke"
emergency_situations,toilet issue,Turkish,English,Tuvalette su taşmış.,The toilet is overflowing.,passenger,cabin_crew,A1,urgent,"lavatory,water"
emergency_situations,stuck passenger,Turkish,English,Kalkamıyorum.,I cannot stand up.,passenger,cabin_crew,A1,urgent,"medical,mobility"
emergency_situations,help with baggage,Turkish,English,Çantam başıma düştü.,My bag fell on my head.,passenger,cabin_crew,A2,urgent,"injury,baggage"
emergency_situations,loud noise,Turkish,English,Büyük bir ses duydum.,I heard a loud noise.,passenger,cabin_crew,A2,urgent,"noise,emergency"
emergency_situations,blood pressure,Turkish,English,Tansiyonum düştü sanırım.,I think my blood pressure has dropped.,passenger,cabin_crew,B1,urgent,"medical,blood_pressure"
emergency_situations,crew announcement,Turkish,English,Kabinde sigara içmeyin.,Do not smoke in the cabin.,cabin_crew,passenger,A1,urgent,"safety,smoking"
emergency_situations,head injury,Turkish,English,Kafamı çarptım.,I hit my head.,passenger,cabin_crew,A1,urgent,"medical,head_injury"
emergency_situations,ice request,Turkish,English,Başım için buz isterim.,I would like some ice for my head.,passenger,cabin_crew,A2,polite,"medical,ice"
emergency_situations,panic attack,Turkish,English,Panik atak geçiriyorum.,I am having a panic attack.,passenger,cabin_crew,A2,urgent,"mental_health,panic_attack"
emergency_situations,repeat instruction,Turkish,English,Lütfen tekrar eder misiniz?,"Could you repeat that, please?",passenger,cabin_crew,A1,polite,"communication,help"
emergency_situations,seat mate unconscious,Turkish,English,Yanımdaki yolcu bilinçsiz.,The passenger next to me is unconscious.,passenger,cabin_crew,B1,urgent,"medical,unconscious"
emergency_situations,call captain,Turkish,English,Kaptanı çağırın.,Call the captain.,passenger,cabin_crew,A1,urgent,"crew,captain"
emergency_situations,child choking,Turkish,English,Çocuğum boğuluyor.,My child is choking.,passenger,cabin_crew,A1,urgent,"child,choking"
emergency_situations,cabin crew reassurance,Turkish,English,Sizi yalnız bırakmayacağız.,We will not leave you alone.,cabin_crew,passenger,A2,reassuring,"support,reassurance"
emergency_situations,vomit spill,Turkish,English,Koltukta kusma var.,There is vomit on the seat.,passenger,cabin_crew,A2,neutral,"lavatory,cleaning"
emergency_situations,disoriented passenger,Turkish,English,Neredeyim?,Where am I?,passenger,cabin_crew,A1,urgent,"medical,confusion"
emergency_situations,lost hearing aid,Turkish,English,İşitme cihazım düştü.,My hearing aid fell off.,passenger,cabin_crew,A2,urgent,"accessibility,hearing_aid"
safety_instructions_and_announcements,safety_instruction,English,Turkish,Please remain seated until the seat belt sign is turned off.,Lütfen emniyet kemeri ışığı sönene kadar yerinizde kalın.,cabin_crew,passenger,A1,neutral,"seat_belt,announcement"
safety_instructions_and_announcements,safety_instruction,English,Turkish,"For your safety, keep your seat belt fastened whenever you are seated.","Güvenliğiniz için, oturduğunuz her zaman emniyet kemerinizi bağlı tutun.",cabin_crew,passenger,A2,neutral,"seat_belt,safety"
safety_instructions_and_announcements,boarding_safety,English,Turkish,Please stow your carry-on bag in the overhead bin or under the seat in front of you.,Lütfen el bagajınızı baş üstü dolaba ya da önünüzdeki koltuğun altına yerleştirin.,cabin_crew,passenger,A2,neutral,"carry_on,stowage"
safety_instructions_and_announcements,boarding_safety,English,Turkish,Make sure the aisle is clear before takeoff.,Kalkıştan önce koridorun boş olduğundan emin olun.,cabin_crew,passenger,A2,neutral,"aisle,takeoff"
safety_instructions_and_announcements,safety_instruction,English,Turkish,Please put your tray table up and your seat back in the upright position.,Lütfen tepsinizi kaldırın ve koltuğunuzu dik konuma getirin.,cabin_crew,passenger,A2,neutral,"seat_position,tray_table"
safety_instructions_and_announcements,safety_instruction,English,Turkish,Keep your window shade open during takeoff and landing.,Kalkış ve iniş sırasında pencere perdesini açık tutun.,cabin_crew,passenger,A2,neutral,"window_shade,takeoff,landing"
safety_instructions_and_announcements,safety_instruction,English,Turkish,Please switch all electronic devices to airplane mode.,Lütfen tüm elektronik cihazlarınızı uçak moduna alın.,cabin_crew,passenger,A1,neutral,"electronics,airplane_mode"
safety_instructions_and_announcements,safety_instruction,English,Turkish,Turn off any device that is not allowed during the flight.,Uçuş sırasında izin verilmeyen tüm cihazları kapatın.,cabin_crew,passenger,A2,formal,"electronics,compliance"
safety_instructions_and_announcements,safety_instruction,English,Turkish,Please do not use portable chargers during takeoff and landing.,Lütfen kalkış ve iniş sırasında taşınabilir şarj cihazı kullanmayın.,cabin_crew,passenger,A2,neutral,"power_bank,takeoff,landing"
safety_instructions_and_announcements,safety_instruction,English,Turkish,Do not block the emergency exit door.,Acil çıkış kapısını kapatmayın.,cabin_crew,passenger,A1,urgent,emergency_exit
safety_instructions_and_announcements,safety_instruction,English,Turkish,Please keep the aisle and exit areas clear at all times.,Lütfen koridoru ve çıkış alanlarını her zaman boş tutun.,cabin_crew,passenger,A2,formal,"aisle,emergency_exit"
safety_instructions_and_announcements,safety_instruction,English,Turkish,"In the event of turbulence, remain seated and keep your seat belt fastened.",Türbülans durumunda yerinizde kalın ve emniyet kemerinizi bağlı tutun.,cabin_crew,passenger,B1,formal,"turbulence,seat_belt"
safety_instructions_and_announcements,safety_instruction,English,Turkish,"If the oxygen masks drop, put on your own mask first.",Oksijen maskeleri düşerse önce kendi maskenizi takın.,cabin_crew,passenger,A2,urgent,"oxygen_mask,emergency"
safety_instructions_and_announcements,safety_instruction,English,Turkish,Help children and people who need assistance after putting on your own mask.,Kendi maskenizi taktıktan sonra çocuklara ve yardıma ihtiyacı olan kişilere yardım edin.,cabin_crew,passenger,A2,urgent,"oxygen_mask,children,assistance"
safety_instructions_and_announcements,safety_instruction,English,Turkish,Please read the safety card in the seat pocket in front of you.,Lütfen önünüzdeki koltuğun cebindeki güvenlik kartını okuyun.,cabin_crew,passenger,A2,neutral,safety_card
safety_instructions_and_announcements,safety_instruction,English,Turkish,Your life vest is under your seat.,Can yeleğiniz koltuğunuzun altında.,cabin_crew,passenger,A1,neutral,life_vest
safety_instructions_and_announcements,safety_instruction,English,Turkish,Pull the life vest over your head and fasten the strap around your waist.,Can yeleğini başınızdan geçirin ve kayışı belinizin etrafından bağlayın.,cabin_crew,passenger,A2,neutral,"life_vest,instructions"
safety_instructions_and_announcements,safety_instruction,English,Turkish,Do not inflate the life vest inside the aircraft.,Can yeleğini uçak içinde şişirmeyin.,cabin_crew,passenger,A1,urgent,"life_vest,safety"
safety_instructions_and_announcements,safety_instruction,English,Turkish,Use the emergency exit only when instructed by the crew.,Acil çıkışı yalnızca ekip talimat verdiğinde kullanın.,cabin_crew,passenger,A2,formal,emergency_exit
safety_instructions_and_announcements,safety_instruction,English,Turkish,Please listen carefully to the crew's instructions.,Lütfen ekibin talimatlarını dikkatle dinleyin.,cabin_crew,passenger,A1,formal,crew_instructions
safety_instructions_and_announcements,boarding_announcement,English,Turkish,We will begin boarding shortly.,Kısa süre içinde biniş başlayacaktır.,cabin_crew,passenger,A1,formal,boarding
safety_instructions_and_announcements,boarding_announcement,English,Turkish,Please have your boarding pass and passport ready.,Lütfen biniş kartınızı ve pasaportunuzu hazır bulundurun.,cabin_crew,passenger,A1,neutral,"boarding_pass,passport"
safety_instructions_and_announcements,boarding_announcement,English,Turkish,We are now boarding passengers in Zone 1.,Şu anda 1. bölgedeki yolcularımızı uçağa alıyoruz.,cabin_crew,passenger,A2,neutral,"boarding,zone"
safety_instructions_and_announcements,boarding_announcement,English,Turkish,Families with small children may board now.,Küçük çocuklu aileler şimdi uçağa binebilir.,cabin_crew,passenger,A2,neutral,"families,children,boarding"
safety_instructions_and_announcements,boarding_announcement,English,Turkish,Passengers needing extra time may board first.,Daha fazla zamana ihtiyacı olan yolcular önce binebilir.,cabin_crew,passenger,A2,reassuring,"assistance,boarding"
safety_instructions_and_announcements,boarding_announcement,English,Turkish,"If you need help getting to your seat, please let us know.",Koltuklarınıza gitmekte yardıma ihtiyacınız varsa lütfen bize söyleyin.,cabin_crew,passenger,A2,reassuring,"assistance,mobility"
safety_instructions_and_announcements,boarding_announcement,English,Turkish,Please take your assigned seat.,Lütfen size ayrılan koltuğa geçin.,cabin_crew,passenger,A1,neutral,assigned_seat
safety_instructions_and_announcements,boarding_announcement,English,Turkish,Seat changes are not allowed after boarding is complete.,Biniş tamamlandıktan sonra koltuk değişikliği yapılamaz.,cabin_crew,passenger,A2,formal,seat_assignment
safety_instructions_and_announcements,delay_announcement,English,Turkish,The flight has been delayed due to weather conditions.,Uçuş hava koşulları nedeniyle gecikmiştir.,cabin_crew,passenger,A2,formal,"delay,weather"
safety_instructions_and_announcements,delay_announcement,English,Turkish,We are waiting for further instructions from air traffic control.,Hava trafik kontrolünden gelecek ek talimatları bekliyoruz.,cabin_crew,passenger,B1,formal,"delay,air_traffic_control"
safety_instructions_and_announcements,delay_announcement,English,Turkish,Please stay near the gate for updates.,Lütfen güncellemeler için kapı yakınında kalın.,cabin_crew,passenger,A2,neutral,"gate,updates"
safety_instructions_and_announcements,delay_announcement,English,Turkish,We will keep you informed as soon as we have more information.,Daha fazla bilgi alır almaz sizi bilgilendireceğiz.,cabin_crew,passenger,A2,reassuring,updates
safety_instructions_and_announcements,delay_announcement,English,Turkish,Please remain calm and follow the crew's directions.,Lütfen sakin olun ve ekibin yönlendirmelerini takip edin.,cabin_crew,passenger,A2,reassuring,"delay,crew_instructions"
safety_instructions_and_announcements,delay_announcement,English,Turkish,The estimated departure time will be announced shortly.,Tahmini kalkış saati kısa süre içinde anons edilecektir.,cabin_crew,passenger,B1,formal,departure_time
safety_instructions_and_announcements,delay_announcement,English,Turkish,Thank you for your patience.,Sabrınız için teşekkür ederiz.,cabin_crew,passenger,A1,polite,"delay,gratitude"
safety_instructions_and_announcements,landing_instruction,English,Turkish,We are starting our descent.,Alçalmaya başlıyoruz.,cabin_crew,passenger,A1,neutral,descent
safety_instructions_and_announcements,landing_instruction,English,Turkish,Please return all seat backs and tray tables to their upright position.,Lütfen tüm koltukları ve tepsileri dik konuma getirin.,cabin_crew,passenger,A2,formal,"landing,seat_position,tray_table"
safety_instructions_and_announcements,landing_instruction,English,Turkish,Fasten your seat belt and keep it fastened until we arrive at the gate.,Emniyet kemerinizi bağlayın ve kapıya varana kadar bağlı tutun.,cabin_crew,passenger,A2,neutral,"landing,seat_belt"
safety_instructions_and_announcements,landing_instruction,English,Turkish,Please stay seated after landing until the aircraft comes to a complete stop.,Uçak tamamen durana kadar lütfen inişten sonra yerinizde kalın.,cabin_crew,passenger,A2,formal,"landing,seated"
safety_instructions_and_announcements,landing_instruction,English,Turkish,Do not open the overhead bins until the seat belt sign is off.,Emniyet kemeri ışığı sönmeden baş üstü dolapları açmayın.,cabin_crew,passenger,A2,urgent,"overhead_bin,seat_belt"
safety_instructions_and_announcements,landing_instruction,English,Turkish,Please wait for your row to be called before leaving your seat.,Lütfen koltuğunuzdan kalkmadan önce sıranızın çağrılmasını bekleyin.,cabin_crew,passenger,A2,neutral,disembarkation
safety_instructions_and_announcements,landing_instruction,English,Turkish,"Use caution when opening the overhead bin, as items may have shifted.","Baş üstü dolabı açarken dikkatli olun, eşyalar yer değiştirmiş olabilir.",cabin_crew,passenger,B1,formal,"overhead_bin,caution"
safety_instructions_and_announcements,emergency_instruction,English,Turkish,"In an emergency, follow the illuminated exit signs.",Acil durumda ışıklı çıkış işaretlerini takip edin.,cabin_crew,passenger,A2,urgent,"emergency,exit_signs"
safety_instructions_and_announcements,emergency_instruction,English,Turkish,Leave all carry-on items behind.,Tüm el bagajınızı geride bırakın.,cabin_crew,passenger,A1,urgent,"emergency,carry_on"
safety_instructions_and_announcements,emergency_instruction,English,Turkish,Move quickly to the nearest exit.,En yakın çıkışa hızla ilerleyin.,cabin_crew,passenger,A2,urgent,"emergency,exit"
safety_instructions_and_announcements,emergency_instruction,English,Turkish,Do not stop to collect your belongings.,Eşyalarınızı almak için durmayın.,cabin_crew,passenger,A1,urgent,"emergency,evacuation"
safety_instructions_and_announcements,emergency_instruction,English,Turkish,Keep your head down and protect it with your hands.,Başınızı aşağıda tutun ve ellerinizle koruyun.,cabin_crew,passenger,A2,urgent,"emergency,protective_position"
safety_instructions_and_announcements,emergency_instruction,English,Turkish,"If you see smoke, stay low and move toward the exit.",Duman görürseniz alçakta kalın ve çıkışa doğru ilerleyin.,cabin_crew,passenger,B1,urgent,"smoke,emergency"
safety_instructions_and_announcements,emergency_instruction,English,Turkish,Do not use the lift vest as a seat cushion.,Can yeleğini oturma yastığı olarak kullanmayın.,cabin_crew,passenger,B1,formal,"life_vest,misuse"
safety_instructions_and_announcements,health_instruction,English,Turkish,"If you feel unwell, please notify a crew member immediately.",Kendinizi iyi hissetmiyorsanız lütfen hemen bir görevliye haber verin.,cabin_crew,passenger,A2,reassuring,"health,crew_assistance"
safety_instructions_and_announcements,health_instruction,English,Turkish,We have a first aid kit on board.,Uçakta ilk yardım çantamız var.,cabin_crew,passenger,A1,reassuring,first_aid
safety_instructions_and_announcements,health_instruction,English,Turkish,Please press the call button if you need medical assistance.,Tıbbi yardıma ihtiyacınız varsa lütfen çağrı düğmesine basın.,cabin_crew,passenger,A2,reassuring,"medical_assistance,call_button"
safety_instructions_and_announcements,health_instruction,English,Turkish,"If you have trouble breathing, tell us right away.",Nefes almakta zorlanıyorsanız bunu bize hemen söyleyin.,cabin_crew,passenger,A2,urgent,"breathing,medical"
safety_instructions_and_announcements,health_instruction,English,Turkish,Please keep your face mask on if required by the crew.,Ekip isterse lütfen yüz maskenizi takılı tutun.,cabin_crew,passenger,A2,formal,"mask,crew_instruction"
safety_instructions_and_announcements,pet_instruction,English,Turkish,Your pet must remain in its carrier during the flight.,Evcil hayvanınız uçuş boyunca taşıma çantasında kalmalıdır.,cabin_crew,passenger,A2,formal,"pet,carrier"
safety_instructions_and_announcements,pet_instruction,English,Turkish,Please keep the pet carrier under the seat in front of you.,Lütfen evcil hayvan taşıma çantasını önünüzdeki koltuğun altına koyun.,cabin_crew,passenger,A2,neutral,"pet,carrier"
safety_instructions_and_announcements,child_safety,English,Turkish,Make sure children are properly seated and buckled in.,Çocukların doğru şekilde oturduğundan ve kemerlerinin bağlı olduğundan emin olun.,cabin_crew,passenger,A2,neutral,"children,seat_belt"
safety_instructions_and_announcements,child_safety,English,Turkish,"Please do not allow children to walk in the aisle during taxi, takeoff, or landing.","Lütfen çocukların taksi, kalkış ve iniş sırasında koridorda yürümelerine izin vermeyin.",cabin_crew,passenger,B1,formal,"children,aisle,takeoff,landing"
safety_instructions_and_announcements,accessibility,English,Turkish,"If you need wheelchair assistance, please call a crew member.",Tekerlekli sandalye yardımına ihtiyacınız varsa lütfen bir görevliyi çağırın.,cabin_crew,passenger,A2,reassuring,"wheelchair,assistance"
safety_instructions_and_announcements,accessibility,English,Turkish,We will help you with boarding if you need extra assistance.,Ek yardıma ihtiyacınız varsa binişte size yardımcı oluruz.,cabin_crew,passenger,A2,reassuring,"boarding,assistance"
safety_instructions_and_announcements,announcement,English,Turkish,Thank you for flying with us today.,Bugün bizimle uçtuğunuz için teşekkür ederiz.,cabin_crew,passenger,A1,polite,closing_announcement
safety_instructions_and_announcements,announcement,English,Turkish,We hope you have a pleasant flight.,Keyifli bir uçuş geçirmenizi dileriz.,cabin_crew,passenger,A1,reassuring,welcome
safety_instructions_and_announcements,announcement,English,Turkish,Welcome on board.,Uçağımıza hoş geldiniz.,cabin_crew,passenger,A1,polite,welcome
safety_instructions_and_announcements,announcement,English,Turkish,Please pay attention to the safety demonstration.,Lütfen güvenlik gösterimine dikkat edin.,cabin_crew,passenger,A1,formal,safety_demo
safety_instructions_and_announcements,announcement,English,Turkish,This aircraft is equipped with emergency exits on both sides.,Bu uçakta her iki tarafta da acil çıkışlar bulunmaktadır.,cabin_crew,passenger,B1,formal,"aircraft,emergency_exit"
safety_instructions_and_announcements,announcement,English,Turkish,Please follow the lighted signs to the exits.,Lütfen ışıklı işaretleri takip ederek çıkışlara yönelin.,cabin_crew,passenger,A2,urgent,exit_signs
safety_instructions_and_announcements,announcement,English,Turkish,We ask that you do not smoke anywhere on the aircraft.,Uçak içinde hiçbir yerde sigara içmemenizi rica ederiz.,cabin_crew,passenger,A2,formal,no_smoking
safety_instructions_and_announcements,announcement,English,Turkish,Please keep your belongings with you at all times.,Lütfen eşyalarınızı her zaman yanınızda tutun.,cabin_crew,passenger,A2,neutral,belongings
safety_instructions_and_announcements,announcement,English,Turkish,We are pleased to have you on board.,Sizi uçağımızda görmekten memnuniyet duyuyoruz.,cabin_crew,passenger,A2,polite,welcome
safety_instructions_and_announcements,announcement,English,Turkish,Please do not stand up until the seat belt sign is turned off.,Emniyet kemeri ışığı sönene kadar lütfen ayağa kalkmayın.,cabin_crew,passenger,A2,neutral,"seat_belt,standing"
safety_instructions_and_announcements,announcement,Turkish,English,Lütfen emniyet kemerlerinizi takınız.,Please fasten your seat belts.,cabin_crew,passenger,A1,formal,"safety,seat_belt"
safety_instructions_and_announcements,announcement,Turkish,English,Kemerlerinizi bağlayın ve koltuklarınızda oturun.,Fasten your seat belts and remain in your seats.,cabin_crew,passenger,A1,formal,"safety,seating"
safety_instructions_and_announcements,announcement,Turkish,English,Lütfen koltuğunuzun dik konumda olduğundan emin olun.,Please make sure your seat is in the upright position.,cabin_crew,passenger,A2,formal,"safety,seat_position"
safety_instructions_and_announcements,announcement,Turkish,English,Koltuk önü cebindeki güvenlik kartını inceleyiniz.,Please review the safety card in the seat pocket in front of you.,cabin_crew,passenger,A2,formal,"safety,safety_card"
safety_instructions_and_announcements,announcement,Turkish,English,Lütfen baş üstü bölmesindeki eşyalarınızı güvenli şekilde yerleştiriniz.,Please stow your items securely in the overhead compartment.,cabin_crew,passenger,A2,formal,"safety,overhead_bin"
safety_instructions_and_announcements,announcement,Turkish,English,Koridoru açık bırakınız.,Please keep the aisle clear.,cabin_crew,passenger,A1,formal,"safety,aisle"
safety_instructions_and_announcements,announcement,Turkish,English,Lütfen masanızı kapatınız.,Please close your tray table.,cabin_crew,passenger,A1,formal,"safety,tray_table"
safety_instructions_and_announcements,announcement,Turkish,English,Telefonlarınızı uçuş modu dışında kullanmayınız.,Do not use your phones except in flight mode.,cabin_crew,passenger,A2,formal,"safety,electronics"
safety_instructions_and_announcements,announcement,Turkish,English,Kalkış ve iniş sırasında elektronik cihazlarınızı kapatınız.,Please turn off your electronic devices during takeoff and landing.,cabin_crew,passenger,A2,formal,"safety,electronics"
safety_instructions_and_announcements,announcement,Turkish,English,Lütfen pencere perdesini açınız.,Please open the window shade.,cabin_crew,passenger,A1,formal,"safety,window_shade"
safety_instructions_and_announcements,announcement,Turkish,English,Lütfen pencere perdesini kapatınız.,Please close the window shade.,cabin_crew,passenger,A1,formal,"safety,window_shade"
safety_instructions_and_announcements,announcement,Turkish,English,Koltuk altı ve üstü alanlarını boş bırakınız.,Please keep the space around your seat clear.,cabin_crew,passenger,A2,formal,"safety,personal_space"
safety_instructions_and_announcements,announcement,Turkish,English,Lütfen acil çıkışları kapatmayınız.,Please do not block the emergency exits.,cabin_crew,passenger,A2,formal,"safety,emergency_exit"
safety_instructions_and_announcements,announcement,Turkish,English,Acil durumda mürettebatın talimatlarını izleyiniz.,"In an emergency, follow the crew’s instructions.",cabin_crew,passenger,A2,formal,"safety,emergency"
safety_instructions_and_announcements,announcement,Turkish,English,Lütfen can yeleği yerini öğreniniz.,Please locate your life vest.,cabin_crew,passenger,A2,formal,"safety,life_vest"
safety_instructions_and_announcements,announcement,Turkish,English,Can yeleği koltuğunuzun altında bulunmaktadır.,Your life vest is under your seat.,cabin_crew,passenger,A1,formal,"safety,life_vest"
safety_instructions_and_announcements,announcement,Turkish,English,Maske düştüğünde önce kendinize takınız.,"If the oxygen mask drops, put your own mask on first.",cabin_crew,passenger,A2,formal,"safety,oxygen_mask"
safety_instructions_and_announcements,announcement,Turkish,English,Yanınızdaki çocuğa sonra yardım ediniz.,Then help the child next to you.,cabin_crew,passenger,A2,formal,"safety,children"
safety_instructions_and_announcements,announcement,Turkish,English,Lütfen oksijen maskesini burnunuzu ve ağzınızı kapatacak şekilde takınız.,Please place the oxygen mask over your nose and mouth.,cabin_crew,passenger,A2,formal,"safety,oxygen_mask"
safety_instructions_and_announcements,announcement,Turkish,English,Kendinizi güvende hissetmezseniz lütfen bize haber veriniz.,Please let us know if you do not feel safe.,cabin_crew,passenger,A2,reassuring,"safety,support"
safety_instructions_and_announcements,announcement,Turkish,English,Herhangi bir acil durumda lütfen hemen kabin ekibine ulaşınız.,"In any emergency, please contact the cabin crew immediately.",cabin_crew,passenger,A2,formal,"safety,crew_support"
safety_instructions_and_announcements,announcement,Turkish,English,Lütfen emniyet kemerlerinizi çözmeyiniz.,Please do not unfasten your seat belts.,cabin_crew,passenger,A1,formal,"safety,seat_belt"
safety_instructions_and_announcements,announcement,Turkish,English,Uçak tamamen durana kadar yerinizden kalkmayınız.,Do not stand up until the aircraft has come to a complete stop.,cabin_crew,passenger,A2,formal,"safety,landing"
safety_instructions_and_announcements,announcement,Turkish,English,Lütfen bagajınızı almak için acele etmeyiniz.,Please do not rush to collect your bags.,cabin_crew,passenger,A2,reassuring,"safety,disembarkation"
safety_instructions_and_announcements,announcement,Turkish,English,Çıkış sırasında lütfen koridoru boş bırakınız.,Please keep the aisle clear while exiting.,cabin_crew,passenger,A2,formal,"safety,aisle"
safety_instructions_and_announcements,announcement,Turkish,English,Lütfen kemerinizi bağlı tutunuz.,Please keep your seat belt fastened.,cabin_crew,passenger,A1,formal,"safety,seat_belt"
safety_instructions_and_announcements,announcement,Turkish,English,Türbülans sırasında oturunuz ve kemerlerinizi bağlı tutunuz.,Please remain seated and keep your seat belts fastened during turbulence.,cabin_crew,passenger,A2,formal,"safety,turbulence"
safety_instructions_and_announcements,announcement,Turkish,English,Lütfen çantanızı koltuğun altına koyunuz.,Please place your bag under the seat in front of you.,cabin_crew,passenger,A1,formal,"safety,baggage"
safety_instructions_and_announcements,announcement,Turkish,English,İniş öncesinde tepsi masanızı kapatınız ve koltuğunuzu dikleştiriniz.,"Before landing, close your tray table and raise your seat to the upright position.",cabin_crew,passenger,A2,formal,"safety,landing"
safety_instructions_and_announcements,announcement,Turkish,English,Lütfen emniyet kemeri işareti sönene kadar yerinizde kalınız.,Please stay in your seat until the seat belt sign is off.,cabin_crew,passenger,A2,formal,"safety,seat_belt_sign"
safety_instructions_and_announcements,announcement,Turkish,English,Lütfen kol dayanaklarını kapatmayınız.,Please do not block the armrests.,cabin_crew,passenger,A2,formal,"safety,seat_area"
safety_instructions_and_announcements,announcement,Turkish,English,Bu uçuşta sigara içmek yasaktır.,Smoking is not allowed on this flight.,cabin_crew,passenger,A1,formal,"safety,smoking"
safety_instructions_and_announcements,announcement,Turkish,English,Lütfen sigara içmeyiniz ve elektronik sigarayı kullanmayınız.,Please do not smoke or use e-cigarettes.,cabin_crew,passenger,A2,formal,"safety,smoking"
safety_instructions_and_announcements,announcement,Turkish,English,Acil çıkış kapısının önünde eşya bırakmayınız.,Do not leave any items in front of the emergency exit.,cabin_crew,passenger,A2,formal,"safety,emergency_exit"
safety_instructions_and_announcements,announcement,Turkish,English,Lütfen kemerlerinizi çözüp beklemeyiniz.,Please do not sit with your seat belts undone and wait.,cabin_crew,passenger,A2,formal,"safety,seat_belt"
safety_instructions_and_announcements,announcement,Turkish,English,Uçağımızın kalkışa hazırlanmasını lütfen sessizce izleyiniz.,Please remain quiet as we prepare for takeoff.,cabin_crew,passenger,A2,formal,"safety,takeoff"
safety_instructions_and_announcements,announcement,Turkish,English,Kabin ekibi güvenlik talimatlarını tekrar edecektir.,The cabin crew will repeat the safety instructions.,cabin_crew,passenger,A2,formal,"safety,crew"
safety_instructions_and_announcements,announcement,Turkish,English,Lütfen çocuklarınızı koltuklarında oturtunuz.,Please keep your children seated.,cabin_crew,passenger,A1,formal,"safety,children"
safety_instructions_and_announcements,announcement,Turkish,English,Çocuğunuzun kemerini de kontrol ediniz.,Please check your child’s seat belt too.,cabin_crew,passenger,A2,reassuring,"safety,children,seat_belt"
safety_instructions_and_announcements,announcement,Turkish,English,Lütfen bebek arabasını belirtilen yere yerleştiriniz.,Please place the stroller in the designated area.,cabin_crew,passenger,A2,formal,"safety,children,stroller"
safety_instructions_and_announcements,announcement,Turkish,English,Acil durumda en yakın çıkışı kullanınız.,"In an emergency, use the nearest exit.",cabin_crew,passenger,A2,formal,"safety,emergency_exit"
safety_instructions_and_announcements,announcement,Turkish,English,Ateş veya duman görürseniz hemen haber veriniz.,"If you see fire or smoke, report it immediately.",cabin_crew,passenger,A2,urgent,"safety,fire,smoke"
safety_instructions_and_announcements,announcement,Turkish,English,Lütfen panik yapmayınız.,Please do not panic.,cabin_crew,passenger,A1,reassuring,"safety,calm"
safety_instructions_and_announcements,announcement,Turkish,English,Sakin olun ve ekibin yönlendirmesini bekleyin.,Please stay calm and wait for crew guidance.,cabin_crew,passenger,A2,reassuring,"safety,calm"
safety_instructions_and_announcements,announcement,Turkish,English,Lütfen kemerinizi bağladıktan sonra yerinizden ayrılmayınız.,"After fastening your seat belt, please do not leave your seat.",cabin_crew,passenger,A2,formal,"safety,seat_belt"
safety_instructions_and_announcements,announcement,Turkish,English,Kabin basıncı değişirse maskeler otomatik olarak düşecektir.,"If the cabin pressure changes, the masks will drop automatically.",cabin_crew,passenger,B1,formal,"safety,cabin_pressure,oxygen_mask"
safety_instructions_and_announcements,announcement,Turkish,English,Lütfen acil durum aydınlatmalarını takip ediniz.,Please follow the emergency lighting.,cabin_crew,passenger,A2,formal,"safety,emergency_lighting"
safety_instructions_and_announcements,announcement,Turkish,English,Kabin kapısı açıldığında lütfen geri çekiliniz.,Please step back when the cabin door opens.,cabin_crew,passenger,A2,formal,"safety,door"
safety_instructions_and_announcements,announcement,Turkish,English,Kapı açılana kadar lütfen oturunuz.,Please remain seated until the door is opened.,cabin_crew,passenger,A2,formal,"safety,disembarkation"
safety_instructions_and_announcements,announcement,Turkish,English,Lütfen eşyalarınızı çıkış yolundan uzak tutunuz.,Please keep your belongings away from the exit path.,cabin_crew,passenger,A2,formal,"safety,belongings"
safety_instructions_and_announcements,announcement,Turkish,English,Acil durum çıkışının yerini biliyor musunuz?,Do you know where the emergency exit is?,cabin_crew,passenger,A1,neutral,"safety,emergency_exit"
safety_instructions_and_announcements,announcement,Turkish,English,Lütfen kayışları ve tokaları kontrol ediniz.,Please check your straps and buckles.,cabin_crew,passenger,A2,formal,"safety,equipment"
safety_instructions_and_announcements,announcement,Turkish,English,Bu bölümde ayağa kalkmak tehlikeli olabilir.,Standing in this area may be dangerous.,cabin_crew,passenger,A2,formal,"safety,warning"
safety_instructions_and_announcements,announcement,Turkish,English,Lütfen çocukları koridora çıkarmayınız.,Please do not let children into the aisle.,cabin_crew,passenger,A2,formal,"safety,children,aisle"
safety_instructions_and_announcements,announcement,Turkish,English,Kemer işareti yandığı için lütfen oturunuz.,Please remain seated because the seat belt sign is on.,cabin_crew,passenger,A2,formal,"safety,seat_belt_sign"
safety_instructions_and_announcements,announcement,Turkish,English,Lütfen kemerinizi çözmeden önce işaretin sönmesini bekleyiniz.,Please wait until the sign goes off before unfastening your seat belt.,cabin_crew,passenger,A2,formal,"safety,seat_belt_sign"
safety_instructions_and_announcements,announcement,Turkish,English,Lütfen kabin içinde koşmayınız.,Please do not run in the cabin.,cabin_crew,passenger,A1,formal,"safety,cabin"
safety_instructions_and_announcements,announcement,Turkish,English,Lütfen telefonlarınızı sessize alınız.,Please put your phones on silent.,cabin_crew,passenger,A1,formal,"safety,phones"
safety_instructions_and_announcements,announcement,Turkish,English,Lütfen kapıya yaklaşmayınız.,Please do not approach the door.,cabin_crew,passenger,A1,urgent,"safety,door"
safety_instructions_and_announcements,announcement,Turkish,English,Kabin ekibi size yardımcı olacaktır.,The cabin crew will help you.,cabin_crew,passenger,A1,reassuring,"safety,crew_support"
safety_instructions_and_announcements,announcement,Turkish,English,Lütfen emniyet talimatlarını dikkatle dinleyiniz.,Please listen carefully to the safety instructions.,cabin_crew,passenger,A2,formal,"safety,instructions"
safety_instructions_and_announcements,announcement,Turkish,English,Bu uçuştaki güvenlik kuralları herkes için geçerlidir.,The safety rules on this flight apply to everyone.,cabin_crew,passenger,A2,formal,"safety,rules"
safety_instructions_and_announcements,announcement,Turkish,English,Lütfen emniyet kemerini bebeğiniz için de kontrol ediniz.,Please also check the seat belt for your baby.,cabin_crew,passenger,B1,reassuring,"safety,baby,seat_belt"
safety_instructions_and_announcements,announcement,Turkish,English,Acil çıkış sırasında yüksek sesle konuşmayınız.,Do not speak loudly during the emergency exit procedure.,cabin_crew,passenger,B1,formal,"safety,emergency_exit"
safety_instructions_and_announcements,announcement,Turkish,English,Lütfen kemerinizi taktıktan sonra da bağlı tutunuz.,Please keep your seat belt fastened after putting it on.,cabin_crew,passenger,A2,formal,"safety,seat_belt"
safety_instructions_and_announcements,announcement,Turkish,English,Tekerlekli sandalye kullanan yolcularımız için yardımcı olacağız.,We will assist passengers who use wheelchairs.,cabin_crew,passenger,A2,reassuring,"safety,accessibility"
safety_instructions_and_announcements,announcement,Turkish,English,Görme engelli yolcularımız lütfen bize bildirsin.,"Passengers with visual impairments, please let us know.",cabin_crew,passenger,A2,reassuring,"safety,accessibility"
safety_instructions_and_announcements,announcement,Turkish,English,İşitme desteğine ihtiyacınız varsa lütfen kabin ekibine söyleyiniz.,"If you need hearing assistance, please tell the cabin crew.",cabin_crew,passenger,A2,reassuring,"safety,accessibility"
safety_instructions_and_announcements,announcement,Turkish,English,Lütfen kemer ışığı yanarken tuvalete gitmeyiniz.,Please do not go to the toilet while the seat belt sign is on.,cabin_crew,passenger,A2,formal,"safety,toilet,seat_belt_sign"
safety_instructions_and_announcements,announcement,Turkish,English,Tuvalet kapısını kullanmadan önce kilidini kontrol ediniz.,Please check the lock before using the toilet door.,cabin_crew,passenger,A2,formal,"safety,toilet"
safety_instructions_and_announcements,announcement,Turkish,English,Lütfen kabin içinde yiyecekleri dikkatli taşıyınız.,Please carry food carefully in the cabin.,cabin_crew,passenger,A2,formal,"safety,food"
safety_instructions_and_announcements,announcement,Turkish,English,Sıcak içeceklerinizi dikkatli tutunuz.,Please handle your hot drinks carefully.,cabin_crew,passenger,A1,formal,"safety,hot_drinks"
safety_instructions_and_announcements,announcement,Turkish,English,Lütfen bebeğinizi kucağınızda sabit tutunuz.,Please keep your baby secure in your lap.,cabin_crew,passenger,A2,reassuring,"safety,baby"
safety_instructions_and_announcements,announcement,Turkish,English,Evcil hayvanınız varsa lütfen taşıma çantasını kapalı tutunuz.,"If you have a pet, please keep the carrier closed.",cabin_crew,passenger,A2,formal,"safety,pet"
safety_instructions_and_announcements,announcement,Turkish,English,Lütfen evcil hayvanınızı koltuğun üstüne çıkarmayınız.,Please do not place your pet on the seat.,cabin_crew,passenger,A2,formal,"safety,pet"
safety_instructions_and_announcements,announcement,Turkish,English,Uçuş sırasında lütfen kemer işaretini takip ediniz.,Please follow the seat belt sign during the flight.,cabin_crew,passenger,A2,formal,"safety,seat_belt_sign"
safety_instructions_and_announcements,announcement,Turkish,English,Lütfen koltuğunuzu geriye yatırmadan önce arkadaki yolcuyu kontrol ediniz.,Please check behind you before reclining your seat.,cabin_crew,passenger,B1,polite,"safety,seat_recline"
safety_instructions_and_announcements,announcement,Turkish,English,Acil iniş durumunda lütfen kemerlerinizi sıkıca bağlayınız.,"In the event of an emergency landing, please fasten your seat belts tightly.",cabin_crew,passenger,B1,formal,"safety,emergency_landing,seat_belt"
safety_instructions_and_announcements,announcement,Turkish,English,Lütfen çıkış kapılarına yaklaşmadan önce emin olunuz.,Please make sure before approaching the exit doors.,cabin_crew,passenger,B1,formal,"safety,exit_doors"
safety_instructions_and_announcements,announcement,Turkish,English,Kabin ekibi kapıların güvenli olduğunu kontrol edecektir.,The cabin crew will check that the doors are secure.,cabin_crew,passenger,A2,formal,"safety,doors"
boarding_and_pre_flight,boarding,English,Turkish,Your boarding starts at 6:20.,Binişiniz saat 6:20'de başlıyor.,airport_staff,passenger,A1,neutral,"boarding,time"
boarding_and_pre_flight,boarding,English,Turkish,Please have your boarding pass ready.,Lütfen biniş kartınızı hazır bulundurun.,airport_staff,passenger,A1,polite,"boarding pass,instruction"
boarding_and_pre_flight,boarding,English,Turkish,This is the gate for Flight TK215.,"Bu, TK215 seferinin kapısıdır.",airport_staff,passenger,A1,neutral,"gate,flight number"
boarding_and_pre_flight,boarding,English,Turkish,Boarding has not started yet.,Biniş henüz başlamadı.,airport_staff,passenger,A1,neutral,"boarding,waiting"
boarding_and_pre_flight,boarding,English,Turkish,You can wait near the gate.,Kapının yakınında bekleyebilirsiniz.,airport_staff,passenger,A1,polite,"gate,waiting"
boarding_and_pre_flight,boarding,English,Turkish,Please line up in this row.,Lütfen bu sıraya girin.,airport_staff,passenger,A1,polite,"queue,boarding"
boarding_and_pre_flight,boarding,English,Turkish,We are now boarding Group 1.,Şu anda 1. grubun binişi yapılıyor.,airport_staff,passenger,A1,neutral,boarding group
boarding_and_pre_flight,boarding,English,Turkish,"May I see your passport, please?","Pasaportunuzu görebilir miyim, lütfen?",airport_staff,passenger,A1,polite,"passport,document check"
boarding_and_pre_flight,boarding,English,Turkish,I need to check your ticket.,Biletinizi kontrol etmem gerekiyor.,airport_staff,passenger,A1,neutral,"ticket,check"
boarding_and_pre_flight,boarding,English,Turkish,Your seat number is 14A.,Koltuk numaranız 14A.,airport_staff,passenger,A1,neutral,seat number
boarding_and_pre_flight,boarding,English,Turkish,Please go to gate 12.,Lütfen 12 numaralı kapıya gidin.,airport_staff,passenger,A1,polite,"gate,direction"
boarding_and_pre_flight,boarding,English,Turkish,Your flight will depart from gate B7.,Uçağınız B7 kapısından kalkacak.,airport_staff,passenger,A1,neutral,"departure,gate"
boarding_and_pre_flight,boarding,English,Turkish,Please wait for the next announcement.,Lütfen sonraki duyuruyu bekleyin.,airport_staff,passenger,A1,polite,"announcement,waiting"
boarding_and_pre_flight,boarding,English,Turkish,You may board now.,Şimdi uçağa binebilirsiniz.,airport_staff,passenger,A1,neutral,boarding
boarding_and_pre_flight,boarding,English,Turkish,Please show your boarding pass at the door.,Lütfen kapıda biniş kartınızı gösterin.,cabin_crew,passenger,A1,polite,"boarding pass,door"
boarding_and_pre_flight,boarding,English,Turkish,"This way, please.",Lütfen bu taraftan.,airport_staff,passenger,A1,polite,direction
boarding_and_pre_flight,boarding,English,Turkish,Your carry-on must fit in the overhead bin.,El bagajınız baş üstü dolabına sığmalı.,cabin_crew,passenger,A2,neutral,"carry-on,cabin baggage"
boarding_and_pre_flight,boarding,English,Turkish,You have a window seat.,Cam kenarı koltuk aldınız.,airport_staff,passenger,A1,neutral,"seat,window"
boarding_and_pre_flight,boarding,English,Turkish,You have an aisle seat.,Koridor tarafı koltuk aldınız.,airport_staff,passenger,A1,neutral,"seat,aisle"
boarding_and_pre_flight,boarding,English,Turkish,The plane is ready for boarding.,Uçak biniş için hazır.,airport_staff,passenger,A1,neutral,"plane,boarding"
boarding_and_pre_flight,boarding,English,Turkish,Please have your ID ready.,Lütfen kimliğinizi hazır edin.,airport_staff,passenger,A1,polite,"ID,document"
boarding_and_pre_flight,boarding,English,Turkish,Is this the correct gate for Istanbul?,İstanbul için doğru kapı burası mı?,passenger,airport_staff,A1,polite,"gate,destination"
boarding_and_pre_flight,boarding,English,Turkish,Can I board with this bag?,Bu çantayla binebilir miyim?,passenger,airport_staff,A1,neutral,"bag,boarding"
boarding_and_pre_flight,boarding,English,Turkish,"My flight is at this gate, right?",Uçağım bu kapıdan mı kalkacak?,passenger,airport_staff,A2,neutral,"gate,flight"
boarding_and_pre_flight,boarding,English,Turkish,Where is gate C3?,C3 kapısı nerede?,passenger,airport_staff,A1,neutral,"gate,direction"
boarding_and_pre_flight,boarding,English,Turkish,What time does boarding close?,Biniş saat kaçta kapanıyor?,passenger,airport_staff,A2,neutral,"boarding,time"
boarding_and_pre_flight,boarding,English,Turkish,I am at the wrong gate.,Yanlış kapıdayım.,passenger,airport_staff,A1,neutral,"gate,mistake"
boarding_and_pre_flight,boarding,English,Turkish,Could you tell me when boarding starts?,Binişin ne zaman başlayacağını söyleyebilir misiniz?,passenger,airport_staff,A2,polite,"boarding,time"
boarding_and_pre_flight,boarding,English,Turkish,I have a question about my seat.,Koltuk numaramla ilgili bir sorum var.,passenger,airport_staff,A1,polite,"seat,question"
boarding_and_pre_flight,boarding,English,Turkish,Can I change my seat before boarding?,Binişten önce koltuğumu değiştirebilir miyim?,passenger,airport_staff,A2,polite,seat change
boarding_and_pre_flight,boarding,English,Turkish,My boarding pass is on my phone.,Biniş kartım telefonumda.,passenger,airport_staff,A1,neutral,mobile boarding pass
boarding_and_pre_flight,boarding,English,Turkish,I cannot find my boarding pass.,Biniş kartımı bulamıyorum.,passenger,airport_staff,A1,neutral,"boarding pass,lost item"
boarding_and_pre_flight,boarding,English,Turkish,I am traveling with a child.,Bir çocukla seyahat ediyorum.,passenger,airport_staff,A1,neutral,"child,traveling"
boarding_and_pre_flight,boarding,English,Turkish,We will board families first.,Önce ailelerin binişi yapılacak.,airport_staff,passenger,A2,neutral,"families,boarding priority"
boarding_and_pre_flight,boarding,English,Turkish,Please keep your child close.,Lütfen çocuğunuzu yanınızda tutun.,cabin_crew,passenger,A1,polite,"child,safety"
boarding_and_pre_flight,boarding,English,Turkish,My child needs a window seat.,Çocuğumun cam kenarı koltuğa ihtiyacı var.,passenger,airport_staff,A2,polite,"child,seat"
boarding_and_pre_flight,boarding,English,Turkish,Do you need help with your luggage?,Bagajınız için yardıma ihtiyacınız var mı?,airport_staff,passenger,A1,polite,"luggage,help"
boarding_and_pre_flight,boarding,English,Turkish,My suitcase is too heavy.,Valizim çok ağır.,passenger,airport_staff,A1,neutral,"luggage,heavy"
boarding_and_pre_flight,boarding,English,Turkish,Can I put this in the overhead bin?,Bunu baş üstü dolabına koyabilir miyim?,passenger,cabin_crew,A2,neutral,"overhead bin,carry-on"
boarding_and_pre_flight,boarding,English,Turkish,The gate will close in ten minutes.,Kapı on dakika içinde kapanacak.,airport_staff,passenger,A2,urgent,"gate,closing"
boarding_and_pre_flight,boarding,English,Turkish,We are waiting for a final check.,Son kontrol için bekliyoruz.,airport_staff,passenger,A2,neutral,final check
boarding_and_pre_flight,boarding,English,Turkish,Please take your seat quickly.,Lütfen hızlıca koltuğunuza geçin.,cabin_crew,passenger,A1,polite,"seat,boarding"
boarding_and_pre_flight,boarding,English,Turkish,I need more time to board.,Biniş için biraz daha zamana ihtiyacım var.,passenger,airport_staff,A2,polite,"boarding,time"
boarding_and_pre_flight,boarding,English,Turkish,My name is on the passenger list.,Adım yolcu listesinde var.,passenger,airport_staff,A1,neutral,passenger list
boarding_and_pre_flight,boarding,English,Turkish,The aircraft is full.,Uçak dolu.,airport_staff,passenger,A1,neutral,full flight
boarding_and_pre_flight,boarding,English,Turkish,You can store your small bag here.,Küçük çantanızı buraya koyabilirsiniz.,cabin_crew,passenger,A1,polite,"small bag,storage"
boarding_and_pre_flight,boarding,English,Turkish,Do I need to remove my laptop?,Dizüstü bilgisayarımı çıkarmam gerekiyor mu?,passenger,airport_staff,A2,neutral,"laptop,security"
boarding_and_pre_flight,boarding,English,Turkish,Your baggage is in the overhead locker.,Bagajınız baş üstü dolabında.,cabin_crew,passenger,A1,neutral,"baggage,overhead locker"
boarding_and_pre_flight,boarding,English,Turkish,Please stand behind the line.,Lütfen çizginin arkasında durun.,airport_staff,passenger,A1,polite,"line,queue"
boarding_and_pre_flight,boarding,English,Turkish,I am here for boarding.,Biniş için buradayım.,passenger,airport_staff,A1,neutral,boarding
boarding_and_pre_flight,boarding,English,Turkish,Can you repeat the gate number?,Kapı numarasını tekrar eder misiniz?,passenger,airport_staff,A1,polite,"gate,repeat"
boarding_and_pre_flight,boarding,English,Turkish,Your boarding group is listed on your pass.,Biniş grubunuz biniş kartınızda yazıyor.,airport_staff,passenger,A2,neutral,"boarding group,boarding pass"
boarding_and_pre_flight,boarding,English,Turkish,Please wait until your group is called.,Lütfen grubunuz çağrılana kadar bekleyin.,airport_staff,passenger,A2,polite,"group,waiting"
boarding_and_pre_flight,boarding,English,Turkish,I need assistance at the gate.,Kapıda yardıma ihtiyacım var.,passenger,airport_staff,A1,polite,"assistance,gate"
boarding_and_pre_flight,boarding,English,Turkish,This flight is boarding now.,Bu uçuşun binişi şu anda yapılıyor.,airport_staff,passenger,A1,neutral,boarding now
boarding_and_pre_flight,boarding,English,Turkish,Is there space for my bag?,Çantam için yer var mı?,passenger,cabin_crew,A1,neutral,"bag,storage"
boarding_and_pre_flight,boarding,English,Turkish,We are just finishing boarding.,Binişi yeni bitiriyoruz.,cabin_crew,passenger,A2,neutral,"boarding,final call"
boarding_and_pre_flight,boarding,English,Turkish,You can board through the front door.,Ön kapıdan binebilirsiniz.,cabin_crew,passenger,A1,neutral,"front door,boarding"
boarding_and_pre_flight,boarding,English,Turkish,Please keep your documents in hand.,Lütfen belgelerinizi elinizde tutun.,airport_staff,passenger,A2,polite,"documents,boarding"
boarding_and_pre_flight,boarding,English,Turkish,The flight crew will assist you.,Uçuş ekibi size yardımcı olacak.,airport_staff,passenger,A1,reassuring,"crew,assistance"
boarding_and_pre_flight,boarding,English,Turkish,I am traveling with my pet.,Evcil hayvanımla seyahat ediyorum.,passenger,airport_staff,A1,neutral,"pet,travel"
boarding_and_pre_flight,boarding,English,Turkish,Do you have a special assistance request?,Özel yardım talebiniz var mı?,airport_staff,passenger,A2,polite,special assistance
boarding_and_pre_flight,boarding,English,Turkish,I need wheelchair assistance.,Tekerlekli sandalye desteğine ihtiyacım var.,passenger,airport_staff,A2,polite,"wheelchair,accessibility"
boarding_and_pre_flight,boarding,English,Turkish,The captain is speaking now.,Kaptan şu anda konuşuyor.,cabin_crew,passenger,A1,neutral,"captain,announcement"
boarding_and_pre_flight,boarding,English,Turkish,Please remain seated until takeoff.,Lütfen kalkışa kadar oturduğunuz yerde kalın.,cabin_crew,passenger,A1,polite,"takeoff,seat"
boarding_and_pre_flight,boarding,English,Turkish,I am nervous about flying.,Uçmaktan biraz korkuyorum.,passenger,cabin_crew,A1,polite,"anxiety,reassurance"
boarding_and_pre_flight,boarding,English,Turkish,"Don't worry, everything is fine.","Endişelenmeyin, her şey yolunda.",cabin_crew,passenger,A1,reassuring,reassurance
boarding_and_pre_flight,boarding,English,Turkish,Your flight is ready for final boarding.,Uçuşunuz son biniş için hazır.,airport_staff,passenger,A2,neutral,final boarding
boarding_and_pre_flight,boarding,English,Turkish,Please check the screen for updates.,Lütfen güncellemeler için ekrana bakın.,airport_staff,passenger,A1,polite,"screen,updates"
boarding_and_pre_flight,boarding,English,Turkish,I missed the boarding announcement.,Biniş duyurusunu kaçırdım.,passenger,airport_staff,A2,neutral,"announcement,missed"
boarding_and_pre_flight,boarding,English,Turkish,Can you help me find my seat?,Koltuğumu bulmama yardım eder misiniz?,passenger,cabin_crew,A1,polite,"seat,help"
boarding_and_pre_flight,boarding,English,Turkish,Please lower your phone to airplane mode.,Lütfen telefonunuzu uçak moduna alın.,cabin_crew,passenger,A1,polite,"phone,airplane mode"
boarding_and_pre_flight,boarding,English,Turkish,We are checking the cabin before departure.,Kalkıştan önce kabini kontrol ediyoruz.,cabin_crew,passenger,A2,neutral,"cabin check,departure"
boarding_and_pre_flight,boarding,English,Turkish,My seat is broken.,Koltuğum bozuk.,passenger,cabin_crew,A1,neutral,"seat,broken"
boarding_and_pre_flight,boarding,English,Turkish,I need to board early because I need assistance.,Yardıma ihtiyacım olduğu için erken binmem gerekiyor.,passenger,airport_staff,A2,polite,"early boarding,assistance"
boarding_and_pre_flight,boarding,English,Turkish,The boarding line is over there.,Biniş sırası orada.,airport_staff,passenger,A1,neutral,"queue,boarding"
boarding_and_pre_flight,boarding pass check,Turkish,English,Biniş kartımı gösterebilir miyim?,Can I show my boarding pass?,passenger,gate_agent,A1,polite,"boarding,gate"
boarding_and_pre_flight,boarding gate announcement,Turkish,English,Uçağımız biraz gecikecek.,Our flight will be delayed a little.,gate_agent,passenger,A1,neutral,"delay,announcement"
boarding_and_pre_flight,ticket check,Turkish,English,Pasaportumu da göstermem gerekiyor mu?,Do I need to show my passport too?,passenger,gate_agent,A1,neutral,"passport,documents"
boarding_and_pre_flight,boarding call,Turkish,English,Lütfen biniş için sıraya geçin.,Please line up for boarding.,gate_agent,passenger,A1,polite,"boarding,queue"
boarding_and_pre_flight,seat assignment,Turkish,English,Koltuğum pencere kenarı mı?,Is my seat by the window?,passenger,gate_agent,A1,neutral,"seat,window"
boarding_and_pre_flight,family boarding,Turkish,English,Çocukla birlikte öne geçebilir miyiz?,Can we board first with our child?,passenger,gate_agent,A2,polite,"family,boarding"
boarding_and_pre_flight,gate change,Turkish,English,Kapımız değişti mi?,Has our gate changed?,passenger,airport_staff,A1,neutral,"gate,change"
boarding_and_pre_flight,late passenger,Turkish,English,Binişimizi kaçırmak istemiyorum.,I don't want to miss boarding.,passenger,gate_agent,A2,urgent,"boarding,urgent"
boarding_and_pre_flight,priority boarding,Turkish,English,"İndirimli biletim var, yine de öncelikli biniş hakkım var mı?",I have a discounted ticket. Do I still have priority boarding?,passenger,gate_agent,B1,neutral,"boarding,priority"
immigration_forms_and_documents,immigration,English,Turkish,Please fill out this form.,Lütfen bu formu doldurun.,airport_staff,passenger,A1,polite,"form,instruction"
immigration_forms_and_documents,immigration,English,Turkish,You need to sign here.,Burayı imzalamanız gerekiyor.,airport_staff,passenger,A1,neutral,"signature,form"
immigration_forms_and_documents,immigration,English,Turkish,Do you have your passport with you?,Pasaportunuz yanınızda mı?,airport_staff,passenger,A1,polite,"passport,document"
immigration_forms_and_documents,immigration,English,Turkish,This form is for immigration.,Bu form göçmenlik işlemleri içindir.,airport_staff,passenger,A1,neutral,"immigration,form"
immigration_forms_and_documents,immigration,English,Turkish,Please write your full name.,Lütfen tam adınızı yazın.,airport_staff,passenger,A1,polite,"name,form"
immigration_forms_and_documents,immigration,English,Turkish,Write your flight number here.,Uçuş numaranızı buraya yazın.,airport_staff,passenger,A1,neutral,"flight_number,form"
immigration_forms_and_documents,immigration,English,Turkish,Please use block letters.,Lütfen büyük harflerle yazın.,airport_staff,passenger,A2,polite,"form,writing"
immigration_forms_and_documents,immigration,English,Turkish,Fill in your date of birth.,Doğum tarihinizi yazın.,airport_staff,passenger,A1,neutral,"date_of_birth,form"
immigration_forms_and_documents,immigration,English,Turkish,What is your nationality?,Uyruğunuz nedir?,airport_staff,passenger,A1,neutral,"nationality,immigration"
immigration_forms_and_documents,immigration,English,Turkish,What is your country of residence?,İkamet ettiğiniz ülke hangisi?,airport_staff,passenger,A2,neutral,"residence,immigration"
immigration_forms_and_documents,immigration,English,Turkish,How long will you stay in the country?,Ülkede ne kadar kalacaksınız?,airport_staff,passenger,A2,neutral,"stay_duration,immigration"
immigration_forms_and_documents,immigration,English,Turkish,I am here for a business trip.,İş seyahati için buradayım.,passenger,airport_staff,A1,neutral,purpose_of_visit
immigration_forms_and_documents,immigration,English,Turkish,I am here for a holiday.,Tatil için buradayım.,passenger,airport_staff,A1,neutral,purpose_of_visit
immigration_forms_and_documents,immigration,English,Turkish,I am in transit.,Aktarmadayım.,passenger,airport_staff,A1,neutral,"transit,immigration"
immigration_forms_and_documents,immigration,English,Turkish,I need a transit form.,Aktarma formuna ihtiyacım var.,passenger,airport_staff,A2,polite,"transit,form"
immigration_forms_and_documents,immigration,English,Turkish,Do I need to complete this declaration?,Bu beyanı doldurmam gerekiyor mu?,passenger,airport_staff,A2,polite,"declaration,form"
immigration_forms_and_documents,immigration,English,Turkish,"Yes, please complete both pages.","Evet, lütfen her iki sayfayı da doldurun.",airport_staff,passenger,A1,polite,"instruction,form"
immigration_forms_and_documents,immigration,English,Turkish,"No, you do not need to fill that out.","Hayır, onu doldurmanıza gerek yok.",airport_staff,passenger,A1,neutral,"instruction,form"
immigration_forms_and_documents,immigration,English,Turkish,Please keep this document with you.,Lütfen bu belgeyi yanınızda tutun.,airport_staff,passenger,A1,polite,"document,instruction"
immigration_forms_and_documents,immigration,English,Turkish,You must show this at passport control.,Bunu pasaport kontrolünde göstermeniz gerekiyor.,airport_staff,passenger,A2,neutral,"passport_control,document"
immigration_forms_and_documents,immigration,English,Turkish,This is your landing card.,Bu sizin iniş kartınız.,airport_staff,passenger,A1,neutral,"landing_card,document"
immigration_forms_and_documents,immigration,English,Turkish,Please hand in the completed form.,Lütfen doldurulmuş formu teslim edin.,airport_staff,passenger,A1,polite,"form,submission"
immigration_forms_and_documents,immigration,English,Turkish,I forgot my visa document.,Vize belgemı unuttum.,passenger,airport_staff,A2,urgent,"visa,document"
immigration_forms_and_documents,immigration,English,Turkish,My passport is expired.,Pasaportumun süresi doldu.,passenger,airport_staff,A1,urgent,"passport,expired"
immigration_forms_and_documents,immigration,English,Turkish,I lost my travel documents.,Seyahat belgelerimi kaybettim.,passenger,airport_staff,A1,urgent,lost_documents
immigration_forms_and_documents,immigration,English,Turkish,Please check the passport number.,Lütfen pasaport numarasını kontrol edin.,airport_staff,passenger,A1,neutral,"passport_number,check"
immigration_forms_and_documents,immigration,English,Turkish,The information must match your passport.,Bilgiler pasaportunuzla aynı olmalı.,airport_staff,passenger,A2,neutral,"consistency,document"
immigration_forms_and_documents,immigration,English,Turkish,Please correct this mistake.,Lütfen bu hatayı düzeltin.,airport_staff,passenger,A1,neutral,"correction,form"
immigration_forms_and_documents,immigration,English,Turkish,Can you read this form for me?,Bu formu benim için okuyabilir misiniz?,passenger,airport_staff,A1,polite,"assistance,form"
immigration_forms_and_documents,immigration,English,Turkish,I need help with this form.,Bu form için yardıma ihtiyacım var.,passenger,airport_staff,A1,polite,"help,form"
immigration_forms_and_documents,immigration,English,Turkish,Could you help me fill it out?,Onu doldurmama yardım eder misiniz?,passenger,airport_staff,A2,polite,"help,form"
immigration_forms_and_documents,immigration,English,Turkish,Please answer the questions clearly.,Lütfen soruları açıkça cevaplayın.,airport_staff,passenger,A2,polite,"questions,form"
immigration_forms_and_documents,immigration,English,Turkish,Do you have any items to declare?,Beyan edecek herhangi bir eşyanız var mı?,airport_staff,passenger,A2,formal,"customs,declaration"
immigration_forms_and_documents,immigration,English,Turkish,I have nothing to declare.,Beyan edecek bir şeyim yok.,passenger,airport_staff,A1,neutral,"customs,declaration"
immigration_forms_and_documents,immigration,English,Turkish,Please declare any cash over the limit.,Lütfen limitin üzerindeki nakit parayı beyan edin.,airport_staff,passenger,A2,formal,"cash,customs"
immigration_forms_and_documents,immigration,English,Turkish,The child needs a separate form.,Çocuk için ayrı bir form gerekiyor.,airport_staff,passenger,A2,neutral,"child,form"
immigration_forms_and_documents,immigration,English,Turkish,Is this form for minors?,Bu form çocuklar için mi?,passenger,airport_staff,A2,polite,"minor,form"
immigration_forms_and_documents,immigration,English,Turkish,Please write the child's name here.,Lütfen çocuğun adını buraya yazın.,airport_staff,passenger,A1,polite,"child,form"
immigration_forms_and_documents,immigration,English,Turkish,My child does not have a passport yet.,Çocuğumun henüz pasaportu yok.,passenger,airport_staff,A2,neutral,"child,passport"
immigration_forms_and_documents,immigration,English,Turkish,Please show the birth certificate.,Lütfen doğum belgesini gösterin.,airport_staff,passenger,A1,neutral,"birth_certificate,document"
immigration_forms_and_documents,immigration,English,Turkish,Do you have a copy of your ID?,Kimliğinizin bir kopyası var mı?,airport_staff,passenger,A2,neutral,"id_copy,document"
immigration_forms_and_documents,immigration,English,Turkish,I only have the original.,Sadece aslı var.,passenger,airport_staff,A1,neutral,original_document
immigration_forms_and_documents,immigration,English,Turkish,Please keep your boarding pass and passport ready.,Lütfen biniş kartınızı ve pasaportunuzu hazır tutun.,airport_staff,passenger,A1,polite,"boarding_pass,passport"
immigration_forms_and_documents,immigration,English,Turkish,We need to verify your documents.,Belgelerinizi doğrulamamız gerekiyor.,airport_staff,passenger,A2,formal,"verify,documents"
immigration_forms_and_documents,immigration,English,Turkish,Your documents are complete.,Belgeleriniz eksiksiz.,airport_staff,passenger,A1,reassuring,"complete,documents"
immigration_forms_and_documents,immigration,English,Turkish,Your form is missing a page.,Formunuzun bir sayfası eksik.,airport_staff,passenger,A1,neutral,"missing_page,form"
immigration_forms_and_documents,immigration,English,Turkish,Please return to the counter.,Lütfen gişeye geri dönün.,airport_staff,passenger,A1,neutral,"counter,instruction"
immigration_forms_and_documents,immigration,English,Turkish,You can sign the document here.,Belgeyi burada imzalayabilirsiniz.,airport_staff,passenger,A1,polite,"signature,document"
immigration_forms_and_documents,immigration,English,Turkish,Please do not leave any blank spaces.,Lütfen boş alan bırakmayın.,airport_staff,passenger,A2,neutral,"form,instructions"
immigration_forms_and_documents,immigration,English,Turkish,I made a mistake on the form.,Formda hata yaptım.,passenger,airport_staff,A1,polite,"mistake,form"
immigration_forms_and_documents,immigration,English,Turkish,Can I get another form?,Başka bir form alabilir miyim?,passenger,airport_staff,A1,polite,another_form
immigration_forms_and_documents,immigration,English,Turkish,"Yes, we can give you a new one.","Evet, size yenisini verebiliriz.",airport_staff,passenger,A1,reassuring,replacement_form
immigration_forms_and_documents,immigration,English,Turkish,Please wait for passport control.,Lütfen pasaport kontrolü için bekleyin.,airport_staff,passenger,A1,neutral,"passport_control,wait"
immigration_forms_and_documents,immigration,English,Turkish,The officer will ask you a few questions.,Görevli size birkaç soru soracak.,airport_staff,passenger,A2,neutral,"officer,questions"
immigration_forms_and_documents,immigration,English,Turkish,Please answer honestly.,Lütfen dürüstçe cevap verin.,airport_staff,passenger,A2,formal,"honesty,questions"
immigration_forms_and_documents,immigration,English,Turkish,I am visiting family.,Ailemi ziyaret ediyorum.,passenger,airport_staff,A1,neutral,family_visit
immigration_forms_and_documents,immigration,English,Turkish,I will stay at this address.,Bu adreste kalacağım.,passenger,airport_staff,A1,neutral,"address,stay"
immigration_forms_and_documents,immigration,English,Turkish,Please write your hotel address.,Lütfen otel adresinizi yazın.,airport_staff,passenger,A1,neutral,"address,form"
immigration_forms_and_documents,immigration,English,Turkish,I do not know the address yet.,Adresi henüz bilmiyorum.,passenger,airport_staff,A1,neutral,"address,uncertain"
immigration_forms_and_documents,immigration,English,Turkish,You must provide a local contact number.,Yerel bir iletişim numarası vermeniz gerekiyor.,airport_staff,passenger,A2,formal,"contact_number,form"
immigration_forms_and_documents,immigration,English,Turkish,Here is my phone number.,İşte telefon numaram.,passenger,airport_staff,A1,neutral,phone_number
immigration_forms_and_documents,immigration,English,Turkish,Please print your name below.,Lütfen adınızı aşağıya yazdırın.,airport_staff,passenger,A1,neutral,"print_name,form"
immigration_forms_and_documents,immigration,English,Turkish,I need to correct my address.,Adresimi düzeltmem gerekiyor.,passenger,airport_staff,A1,polite,"address,correction"
immigration_forms_and_documents,immigration,English,Turkish,Please show your return ticket.,Lütfen dönüş biletinizi gösterin.,airport_staff,passenger,A1,neutral,"return_ticket,document"
immigration_forms_and_documents,immigration,English,Turkish,I have a return ticket on my phone.,Dönüş biletim telefonda.,passenger,airport_staff,A2,neutral,"return_ticket,phone"
immigration_forms_and_documents,immigration,English,Turkish,Please open the file on your phone.,Lütfen telefonunuzdaki dosyayı açın.,airport_staff,passenger,A2,polite,digital_document
immigration_forms_and_documents,immigration,English,Turkish,Do you have a printed copy?,Basılı bir kopyanız var mı?,airport_staff,passenger,A1,neutral,printed_copy
immigration_forms_and_documents,immigration,English,Turkish,I only have a digital copy.,Sadece dijital kopyam var.,passenger,airport_staff,A1,neutral,digital_copy
immigration_forms_and_documents,immigration,English,Turkish,Please show the visa page.,Lütfen vize sayfasını gösterin.,airport_staff,passenger,A1,neutral,"visa_page,document"
immigration_forms_and_documents,immigration,English,Turkish,My visa is in my old passport.,Vizem eski pasaportumda.,passenger,airport_staff,A2,neutral,"old_passport,visa"
immigration_forms_and_documents,immigration,English,Turkish,Please present both passports.,Lütfen her iki pasaportu da ibraz edin.,airport_staff,passenger,A2,formal,multiple_passports
immigration_forms_and_documents,immigration,English,Turkish,Do you have a residence permit?,Oturma izniniz var mı?,airport_staff,passenger,A1,neutral,residence_permit
immigration_forms_and_documents,immigration,English,Turkish,"Yes, it is valid until next year.","Evet, gelecek yıla kadar geçerli.",passenger,airport_staff,A2,neutral,"validity,permit"
immigration_forms_and_documents,immigration,English,Turkish,Please show your residence card.,Lütfen ikamet kartınızı gösterin.,airport_staff,passenger,A1,neutral,residence_card
immigration_forms_and_documents,immigration,English,Turkish,I need to renew my documents.,Belgelerimi yenilemem gerekiyor.,passenger,airport_staff,A1,neutral,"renewal,documents"
immigration_forms_and_documents,immigration,English,Turkish,This document is not valid.,Bu belge geçerli değil.,airport_staff,passenger,A1,formal,invalid_document
immigration_forms_and_documents,immigration,English,Turkish,You need a valid document before boarding.,Uçuştan önce geçerli bir belgeye ihtiyacınız var.,airport_staff,passenger,A2,neutral,"boarding,valid_document"
immigration_forms_and_documents,immigration,English,Turkish,I was not given the arrival form.,Varış formu bana verilmedi.,passenger,airport_staff,A2,neutral,arrival_form
immigration_forms_and_documents,immigration,English,Turkish,We can give you another copy.,Size başka bir kopya verebiliriz.,airport_staff,passenger,A1,reassuring,"copy,form"
immigration_forms_and_documents,immigration,English,Turkish,Please fill in the arrival date.,Lütfen varış tarihini yazın.,airport_staff,passenger,A1,neutral,"arrival_date,form"
immigration_forms_and_documents,immigration,English,Turkish,I arrived yesterday.,Dün geldim.,passenger,airport_staff,A1,neutral,arrival_date
immigration_forms_and_documents,immigration,English,Turkish,Please state your purpose of travel.,Lütfen seyahat amacınızı belirtin.,airport_staff,passenger,A2,formal,purpose_of_travel
immigration_forms_and_documents,immigration,English,Turkish,I am here to study.,Buraya eğitim için geldim.,passenger,airport_staff,A1,neutral,study
immigration_forms_and_documents,immigration,English,Turkish,I am here to work.,Buraya çalışmak için geldim.,passenger,airport_staff,A1,neutral,work
immigration_forms_and_documents,immigration,English,Turkish,Please show your work permit.,Lütfen çalışma izninizi gösterin.,airport_staff,passenger,A1,neutral,work_permit
immigration_forms_and_documents,immigration,English,Turkish,I have my work permit here.,Çalışma iznim burada.,passenger,airport_staff,A1,neutral,work_permit
immigration_forms_and_documents,immigration,English,Turkish,Please wait while we check your documents.,Belgelerinizi kontrol ederken lütfen bekleyin.,airport_staff,passenger,A2,neutral,document_check
immigration_forms_and_documents,immigration,English,Turkish,Your name is spelled incorrectly.,Adınız yanlış yazılmış.,airport_staff,passenger,A2,neutral,"spelling,name"
immigration_forms_and_documents,immigration,English,Turkish,Please correct the spelling.,Lütfen yazımı düzeltin.,airport_staff,passenger,A1,polite,"spelling,correction"
immigration_forms_and_documents,immigration,English,Turkish,I need a pen to complete the form.,Formu tamamlamak için kaleme ihtiyacım var.,passenger,airport_staff,A1,polite,"pen,form"
immigration_forms_and_documents,immigration,English,Turkish,Here is a pen for you.,İşte size bir kalem.,airport_staff,passenger,A1,reassuring,"pen,assistance"
immigration_forms_and_documents,immigration,English,Turkish,Please do not use abbreviations.,Lütfen kısaltma kullanmayın.,airport_staff,passenger,A2,neutral,"form,instructions"
immigration_forms_and_documents,immigration,English,Turkish,I do not understand this question.,Bu soruyu anlamıyorum.,passenger,airport_staff,A1,polite,"question,help"
immigration_forms_and_documents,immigration,English,Turkish,I can explain the question to you.,Soruyu size açıklayabilirim.,airport_staff,passenger,A1,reassuring,"explanation,help"
immigration_forms_and_documents,immigration,English,Turkish,Please wait in this line.,Lütfen bu sırada bekleyin.,airport_staff,passenger,A1,neutral,"queue,instruction"
immigration_forms_and_documents,immigration,English,Turkish,I need to show my documents again.,Belgelerimi tekrar göstermem gerekiyor.,passenger,airport_staff,A1,neutral,"documents,again"
immigration_forms_and_documents,immigration,English,Turkish,Please keep your documents accessible.,Lütfen belgelerinizi kolay ulaşılabilir yerde tutun.,airport_staff,passenger,A2,polite,"accessible,documents"
immigration_forms_and_documents,immigration,English,Turkish,Please indicate if you are traveling alone.,Lütfen yalnız seyahat edip etmediğinizi belirtin.,airport_staff,passenger,A2,neutral,"traveling_alone,form"
immigration_forms_and_documents,immigration,English,Turkish,Do you have a connecting flight?,Aktarma uçuşunuz var mı?,airport_staff,passenger,A1,neutral,connecting_flight
immigration_forms_and_documents,immigration,English,Turkish,"Yes, I have a connecting flight.","Evet, aktarma uçuşum var.",passenger,airport_staff,A1,neutral,connecting_flight
immigration_forms_and_documents,immigration,English,Turkish,Please show your next boarding pass.,Lütfen sonraki biniş kartınızı gösterin.,airport_staff,passenger,A2,neutral,"boarding_pass,connecting_flight"
immigration_forms_and_documents,immigration,English,Turkish,My connecting flight is late.,Aktarma uçuşum gecikmeli.,passenger,airport_staff,A2,neutral,"delay,connecting_flight"
immigration_forms_and_documents,immigration,English,Turkish,Please check the arrival time on the form.,Lütfen formdaki varış saatini kontrol edin.,airport_staff,passenger,A2,neutral,"arrival_time,form"
immigration_forms_and_documents,immigration,English,Turkish,I need to update my travel dates.,Seyahat tarihlerimi güncellemem gerekiyor.,passenger,airport_staff,A2,polite,"travel_dates,update"
immigration_forms_and_documents,immigration,English,Turkish,Please write the travel dates correctly.,Lütfen seyahat tarihlerini doğru yazın.,airport_staff,passenger,A2,neutral,"travel_dates,form"
immigration_forms_and_documents,immigration,English,Turkish,Your declaration is incomplete.,Beyanınız eksik.,airport_staff,passenger,A1,formal,"declaration,incomplete"
immigration_forms_and_documents,immigration,English,Turkish,Please complete the missing section.,Lütfen eksik bölümü tamamlayın.,airport_staff,passenger,A2,neutral,"missing_section,form"
immigration_forms_and_documents,immigration,English,Turkish,I signed in the wrong place.,Yanlış yere imza attım.,passenger,airport_staff,A1,neutral,"signature,mistake"
immigration_forms_and_documents,immigration,English,Turkish,Please sign on the line.,Lütfen çizgiye imza atın.,airport_staff,passenger,A1,neutral,"signature,instruction"
immigration_forms_and_documents,immigration,English,Turkish,We need your emergency contact.,Acil durum iletişim bilgilerinize ihtiyacımız var.,airport_staff,passenger,A2,formal,"emergency_contact,form"
immigration_forms_and_documents,immigration,English,Turkish,Please write an emergency contact name.,Lütfen bir acil durum iletişim adı yazın.,airport_staff,passenger,A2,neutral,"emergency_contact,name"
immigration_forms_and_documents,immigration,English,Turkish,I do not have a local address.,Yerel bir adresim yok.,passenger,airport_staff,A1,neutral,"address,local"
immigration_forms_and_documents,immigration,English,Turkish,Please provide the address where you will stay.,Lütfen kalacağınız adresi verin.,airport_staff,passenger,A2,neutral,"address,stay"
immigration_forms_and_documents,immigration,English,Turkish,I need a customs declaration form.,Gümrük beyan formuna ihtiyacım var.,passenger,airport_staff,A2,polite,"customs,declaration_form"
immigration_forms_and_documents,immigration,English,Turkish,Please keep this receipt.,Lütfen bu makbuzu saklayın.,airport_staff,passenger,A1,neutral,"receipt,document"
immigration_forms_and_documents,immigration,English,Turkish,You will need this receipt later.,Bu makbuz size sonra lazım olacak.,airport_staff,passenger,A2,neutral,"receipt,later"
immigration_forms_and_documents,immigration,English,Turkish,Please present your travel authorization.,Lütfen seyahat izin belgenizi ibraz edin.,airport_staff,passenger,A2,formal,travel_authorization
immigration_forms_and_documents,immigration,English,Turkish,I have a travel authorization letter.,Seyahat izin mektubum var.,passenger,airport_staff,A2,neutral,authorization_letter
immigration_forms_and_documents,immigration,English,Turkish,Please show your invitation letter.,Lütfen davet mektubunuzu gösterin.,airport_staff,passenger,A1,neutral,invitation_letter
immigration_forms_and_documents,immigration,English,Turkish,I was invited by a company.,Bir şirket tarafından davet edildim.,passenger,airport_staff,A2,neutral,company_invitation
immigration_forms_and_documents,immigration,English,Turkish,Please show the company letter.,Lütfen şirket yazısını gösterin.,airport_staff,passenger,A1,neutral,company_letter
immigration_forms_and_documents,immigration,English,Turkish,I have the letter in my bag.,Mektup çantamda.,passenger,airport_staff,A1,neutral,"letter,bag"
immigration_forms_and_documents,immigration,English,Turkish,Please remove your documents from the bag.,Lütfen belgelerinizi çantanızdan çıkarın.,airport_staff,passenger,A2,neutral,"bag,documents"
immigration_forms_and_documents,immigration,English,Turkish,Is this your signature?,Bu sizin imzanız mı?,airport_staff,passenger,A1,neutral,signature
immigration_forms_and_documents,immigration,English,Turkish,"Yes, that is my signature.","Evet, o benim imzam.",passenger,airport_staff,A1,neutral,signature
immigration_forms_and_documents,immigration,English,Turkish,Please correct the date.,Lütfen tarihi düzeltin.,airport_staff,passenger,A1,neutral,"date,correction"
immigration_forms_and_documents,immigration,English,Turkish,I wrote the wrong date.,Yanlış tarih yazdım.,passenger,airport_staff,A1,neutral,"date,mistake"
immigration_forms_and_documents,immigration,English,Turkish,Please show your supporting documents.,Lütfen destekleyici belgelerinizi gösterin.,airport_staff,passenger,A2,formal,supporting_documents
immigration_forms_and_documents,immigration,English,Turkish,I have all the required documents.,Gerekli tüm belgeler bende.,passenger,airport_staff,A2,neutral,required_documents
immigration_forms_and_documents,immigration,English,Turkish,Your documents look fine.,Belgeleriniz düzgün görünüyor.,airport_staff,passenger,A1,reassuring,documents_ok
immigration_forms_and_documents,immigration,English,Turkish,Please wait for the next officer.,Lütfen sıradaki görevliyi bekleyin.,airport_staff,passenger,A1,neutral,"officer,wait"
immigration_forms_and_documents,immigration,English,Turkish,I need to ask about the form.,Form hakkında bir şey sormam gerekiyor.,passenger,airport_staff,A1,polite,"form,question"
immigration_forms_and_documents,immigration,English,Turkish,You can ask at the information desk.,Bilgi masasından sorabilirsiniz.,airport_staff,passenger,A1,neutral,information_desk
immigration_forms_and_documents,immigration,English,Turkish,Please check the box if you agree.,Kabul ediyorsanız kutucuğu işaretleyin.,airport_staff,passenger,A2,neutral,"checkbox,form"
immigration_forms_and_documents,immigration,English,Turkish,I do not agree.,Kabul etmiyorum.,passenger,airport_staff,A1,neutral,agreement
immigration_forms_and_documents,immigration,English,Turkish,Please read the instructions first.,Lütfen önce talimatları okuyun.,airport_staff,passenger,A1,polite,"instructions,read"
immigration_forms_and_documents,immigration,English,Turkish,I need a replacement passport form.,Yedek pasaport formuna ihtiyacım var.,passenger,airport_staff,A2,urgent,"replacement,passport_form"
immigration_forms_and_documents,immigration,English,Turkish,Please report lost documents immediately.,Lütfen kayıp belgeleri hemen bildirin.,airport_staff,passenger,A2,formal,"lost_documents,report"
immigration_forms_and_documents,immigration,English,Turkish,I am reporting a lost passport.,Kayıp pasaport bildirimi yapıyorum.,passenger,airport_staff,A2,formal,"lost_passport,report"
immigration_forms_and_documents,immigration,English,Turkish,Please fill in the loss report.,Lütfen kayıp raporunu doldurun.,airport_staff,passenger,A1,neutral,loss_report
immigration_forms_and_documents,immigration,English,Turkish,I need to declare my medication.,İlaçlarımı beyan etmem gerekiyor.,passenger,airport_staff,A2,neutral,"medication,declaration"
immigration_forms_and_documents,immigration,English,Turkish,Please list your medication on the form.,Lütfen ilaçlarınızı formda listeleyin.,airport_staff,passenger,A2,neutral,"medication,form"
immigration_forms_and_documents,immigration,English,Turkish,Do you need a declaration form for medicines?,İlaçlar için beyan formuna ihtiyacınız var mı?,airport_staff,passenger,A2,polite,"medication,declaration_form"
immigration_forms_and_documents,immigration,English,Turkish,"Yes, I brought medicine with me.","Evet, yanımda ilaç getirdim.",passenger,airport_staff,A1,neutral,medication
immigration_forms_and_documents,immigration,English,Turkish,Please show the prescription.,Lütfen reçeteyi gösterin.,airport_staff,passenger,A1,neutral,prescription
immigration_forms_and_documents,immigration,English,Turkish,I have a doctor's note.,Doktor raporum var.,passenger,airport_staff,A1,neutral,doctor_note
immigration_forms_and_documents,immigration,English,Turkish,Please attach the doctor's note.,Lütfen doktor raporunu ekleyin.,airport_staff,passenger,A2,neutral,attach_document
immigration_forms_and_documents,immigration,English,Turkish,I need to submit this form before boarding.,Bu formu uçuştan önce teslim etmem gerekiyor.,passenger,airport_staff,A2,neutral,"boarding,submission"
immigration_forms_and_documents,immigration,English,Turkish,Please submit it at the desk.,Lütfen onu gişede teslim edin.,airport_staff,passenger,A1,neutral,"desk,submission"
immigration_forms_and_documents,immigration,English,Turkish,Your visa number is required.,Vize numaranız gerekli.,airport_staff,passenger,A1,formal,visa_number
immigration_forms_and_documents,immigration,English,Turkish,I do not have the visa number.,Vize numaram yok.,passenger,airport_staff,A1,neutral,visa_number
immigration_forms_and_documents,immigration,English,Turkish,Please double-check your passport details.,Lütfen pasaport bilgilerinizi tekrar kontrol edin.,airport_staff,passenger,A2,neutral,"passport_details,check"
immigration_forms_and_documents,immigration,English,Turkish,The details are correct.,Bilgiler doğru.,passenger,airport_staff,A1,neutral,details_correct
immigration_forms_and_documents,immigration,English,Turkish,Please write your country of birth.,Lütfen doğduğunuz ülkeyi yazın.,airport_staff,passenger,A2,neutral,"country_of_birth,form"
immigration_forms_and_documents,immigration,English,Turkish,I was born in Turkey.,Türkiye'de doğdum.,passenger,airport_staff,A1,neutral,country_of_birth
immigration_forms_and_documents,immigration,English,Turkish,Please write your passport issuing country.,Lütfen pasaportunuzu veren ülkeyi yazın.,airport_staff,passenger,A2,neutral,"issuing_country,passport"
immigration_forms_and_documents,immigration,English,Turkish,My passport was issued in Germany.,Pasaportum Almanya'da verildi.,passenger,airport_staff,A2,neutral,issuing_country
immigration_forms_and_documents,immigration,English,Turkish,Please keep this copy for your records.,Lütfen bu kopyayı kayıtlarınız için saklayın.,airport_staff,passenger,A2,formal,"copy,records"
immigration_forms_and_documents,immigration,English,Turkish,I need a stamp on this document.,Bu belgeye damga lazım.,passenger,airport_staff,A1,neutral,"stamp,document"
immigration_forms_and_documents,immigration,English,Turkish,We will stamp your form now.,Şimdi formunuza damga basacağız.,airport_staff,passenger,A2,neutral,"stamp,form"
immigration_forms_and_documents,immigration,English,Turkish,Please check your email for the document.,Lütfen belge için e-postanızı kontrol edin.,airport_staff,passenger,A2,neutral,"email,document"
immigration_forms_and_documents,immigration,English,Turkish,I received the form by email.,Formu e-postayla aldım.,passenger,airport_staff,A1,neutral,"email,form"
immigration_forms_and_documents,immigration,English,Turkish,Please download the form before you arrive.,Lütfen gelmeden önce formu indirin.,airport_staff,passenger,A2,neutral,"download,form"
immigration_forms_and_documents,immigration,English,Turkish,I need to show this to immigration.,Bunu göçmenlik görevlisine göstermem gerekiyor.,passenger,airport_staff,A1,neutral,"immigration_officer,document"
immigration_forms_and_documents,immigration,English,Turkish,Please keep the form easy to see.,Lütfen formu kolay görülecek şekilde tutun.,airport_staff,passenger,A2,neutral,"visible,form"
immigration_forms_and_documents,immigration,English,Turkish,I do not have a printer.,Yazıcım yok.,passenger,airport_staff,A1,neutral,printer
immigration_forms_and_documents,immigration,English,Turkish,A digital copy is acceptable.,Dijital kopya kabul edilebilir.,airport_staff,passenger,A2,reassuring,"digital_copy,acceptable"
immigration_forms_and_documents,immigration,English,Turkish,Please show your visa approval letter.,Lütfen vize onay mektubunuzu gösterin.,airport_staff,passenger,A2,formal,visa_approval
immigration_forms_and_documents,immigration,English,Turkish,I have the approval letter here.,Onay mektubu burada.,passenger,airport_staff,A1,neutral,approval_letter
immigration_forms_and_documents,immigration,English,Turkish,Please complete this arrival form.,Lütfen bu varış formunu doldurun.,airport_staff,passenger,A1,neutral,arrival_form
immigration_forms_and_documents,immigration,English,Turkish,I already completed the form.,Formu zaten doldurdum.,passenger,airport_staff,A1,neutral,completed_form
immigration_forms_and_documents,immigration,English,Turkish,Please attach your photo here.,Lütfen fotoğrafınızı buraya ekleyin.,airport_staff,passenger,A2,neutral,"photo,form"
immigration_forms_and_documents,immigration,English,Turkish,I do not have a photo.,Fotoğrafım yok.,passenger,airport_staff,A1,neutral,photo
immigration_forms_and_documents,immigration,English,Turkish,We can take your photo here.,Fotoğrafınızı burada çekebiliriz.,airport_staff,passenger,A1,reassuring,"photo,service"
immigration_forms_and_documents,immigration,English,Turkish,Please show the document to the officer.,Lütfen belgeyi görevliye gösterin.,airport_staff,passenger,A1,neutral,"officer,document"
immigration_forms_and_documents,immigration,English,Turkish,Can I keep my passport?,Pasaportum bende kalabilir mi?,passenger,airport_staff,A1,polite,"passport,request"
immigration_forms_and_documents,immigration,English,Turkish,"Yes, please keep it with you.","Evet, lütfen yanınızda tutun.",airport_staff,passenger,A1,reassuring,"passport,keep"
immigration_forms_and_documents,immigration,English,Turkish,Please read and sign the declaration.,Lütfen beyanı okuyup imzalayın.,airport_staff,passenger,A2,formal,"declaration,signature"
immigration_forms_and_documents,immigration,English,Turkish,I need to declare my child travel documents.,Çocuğumun seyahat belgelerini beyan etmem gerekiyor.,passenger,airport_staff,A2,neutral,"child,travel_documents"
immigration_forms_and_documents,immigration,English,Turkish,Please fill in the child's details.,Lütfen çocuğun bilgilerini doldurun.,airport_staff,passenger,A1,neutral,"child,details"
immigration_forms_and_documents,immigration,English,Turkish,I need a form for my pet.,Evcil hayvanım için bir forma ihtiyacım var.,passenger,airport_staff,A2,neutral,"pet,form"
immigration_forms_and_documents,immigration,English,Turkish,Please show the pet certificate.,Lütfen evcil hayvan sertifikasını gösterin.,airport_staff,passenger,A2,neutral,pet_certificate
immigration_forms_and_documents,immigration,Turkish,English,Pasaportumu kontrol edebilir misiniz?,Can you check my passport?,passenger,airport_staff,A1,polite,"passport,check"
immigration_forms_and_documents,immigration,Turkish,English,Vizem burada.,My visa is here.,passenger,airport_staff,A1,neutral,"visa,document"
immigration_forms_and_documents,immigration,Turkish,English,Giriş formunu doldurmam gerekiyor mu?,Do I need to fill out the entry form?,passenger,airport_staff,A1,polite,"entry_form,question"
immigration_forms_and_documents,immigration,Turkish,English,Bu belgeyi nereye vermeliyim?,Where should I hand in this document?,passenger,airport_staff,A1,polite,"document,submission"
immigration_forms_and_documents,immigration,Turkish,English,Biletinizi ve pasaportunuzu lütfen hazır tutun.,Please keep your ticket and passport ready.,airport_staff,passenger,A1,polite,"ticket,passport,instruction"
immigration_forms_and_documents,immigration,Turkish,English,Bu formu büyük harflerle doldurun.,Please fill out this form in capital letters.,airport_staff,passenger,A2,formal,"form,instruction"
immigration_forms_and_documents,immigration,Turkish,English,Kimlik kartım yeterli mi?,Is my ID card enough?,passenger,airport_staff,A1,polite,"ID,question"
immigration_forms_and_documents,immigration,Turkish,English,Lütfen adresinizi formda yazın.,Please write your address on the form.,airport_staff,passenger,A1,neutral,"address,form"
immigration_forms_and_documents,immigration,Turkish,English,Bunu imzalamam gerekiyor mu?,Do I need to sign this?,passenger,airport_staff,A1,polite,"signature,question"
immigration_forms_and_documents,immigration,Turkish,English,"Evet, lütfen burada imzalayın.","Yes, please sign here.",airport_staff,passenger,A1,polite,"signature,instruction"
payment_and_onboard_purchases,onboard snack purchase,English,Turkish,Can I pay by card?,Kartla ödeme yapabilir miyim?,passenger,cabin_crew,A1,polite,"payment,card,onboard_purchase"
payment_and_onboard_purchases,onboard snack purchase,English,Turkish,Do you accept cash?,Nakit kabul ediyor musunuz?,passenger,cabin_crew,A1,polite,"payment,cash,onboard_purchase"
payment_and_onboard_purchases,onboard drink purchase,English,Turkish,I'd like to pay with contactless.,Temassız ödeme yapmak istiyorum.,passenger,cabin_crew,A2,polite,"payment,contactless,onboard_purchase"
payment_and_onboard_purchases,onboard meal purchase,English,Turkish,Is there a charge for this meal?,Bu yemek ücretli mi?,passenger,cabin_crew,A2,neutral,"payment,meal,onboard_purchase"
payment_and_onboard_purchases,onboard coffee purchase,English,Turkish,How much is the coffee?,Kahve ne kadar?,passenger,cabin_crew,A1,neutral,"price,coffee,onboard_purchase"
payment_and_onboard_purchases,onboard snack purchase,English,Turkish,The sandwich is five euros.,Sandviç beş euro.,cabin_crew,passenger,A1,neutral,"price,sandwich,onboard_purchase"
payment_and_onboard_purchases,onboard drink purchase,English,Turkish,Your total is twelve dollars.,Toplam tutarınız on iki dolar.,cabin_crew,passenger,A1,neutral,"payment,total,onboard_purchase"
payment_and_onboard_purchases,onboard payment confirmation,English,Turkish,Please tap your card here.,Lütfen kartınızı buraya dokundurun.,cabin_crew,passenger,A2,polite,"payment,card,instructions"
payment_and_onboard_purchases,onboard payment confirmation,English,Turkish,Please insert your card.,Lütfen kartınızı takın.,cabin_crew,passenger,A1,polite,"payment,card,instructions"
payment_and_onboard_purchases,onboard payment confirmation,English,Turkish,Please sign here.,Lütfen burayı imzalayın.,cabin_crew,passenger,A1,polite,"payment,signature,instructions"
payment_and_onboard_purchases,onboard change request,English,Turkish,Do you have change for a twenty?,Yirmilik için bozuk paranız var mı?,passenger,cabin_crew,A2,polite,"payment,cash,change"
payment_and_onboard_purchases,onboard price question,English,Turkish,Is the water free?,Su ücretsiz mi?,passenger,cabin_crew,A1,neutral,"price,water,onboard_purchase"
payment_and_onboard_purchases,onboard price question,English,Turkish,Is tea included?,Çay dahil mi?,passenger,cabin_crew,A1,neutral,"price,tea,onboard_purchase"
payment_and_onboard_purchases,onboard purchase refusal,English,Turkish,"Sorry, we only accept cards.","Üzgünüz, sadece kart kabul ediyoruz.",cabin_crew,passenger,A2,polite,"payment,card_only,onboard_purchase"
payment_and_onboard_purchases,onboard purchase refusal,English,Turkish,"I'm sorry, we cannot accept foreign cash.","Üzgünüm, yabancı nakit kabul edemeyiz.",cabin_crew,passenger,B1,formal,"payment,cash,onboard_purchase"
payment_and_onboard_purchases,onboard purchase help,English,Turkish,My card is not working.,Kartım çalışmıyor.,passenger,cabin_crew,A1,neutral,"payment,card_problem,onboard_purchase"
payment_and_onboard_purchases,onboard purchase help,English,Turkish,The payment declined.,Ödeme reddedildi.,cabin_crew,passenger,A2,neutral,"payment,declined,onboard_purchase"
payment_and_onboard_purchases,onboard purchase help,English,Turkish,Please try another card.,Lütfen başka bir kart deneyin.,cabin_crew,passenger,A2,polite,"payment,card,instructions"
payment_and_onboard_purchases,onboard purchase help,English,Turkish,I don't have enough money.,Yeterli param yok.,passenger,cabin_crew,A1,neutral,"payment,money,onboard_purchase"
payment_and_onboard_purchases,onboard purchase help,English,Turkish,Can I pay later?,Sonra ödeyebilir miyim?,passenger,cabin_crew,A2,polite,"payment,later,onboard_purchase"
payment_and_onboard_purchases,onboard receipt,English,Turkish,Could I get a receipt?,Fiş alabilir miyim?,passenger,cabin_crew,A1,polite,"receipt,payment,onboard_purchase"
payment_and_onboard_purchases,onboard receipt,English,Turkish,Here is your receipt.,Fişiniz burada.,cabin_crew,passenger,A1,neutral,"receipt,payment,onboard_purchase"
payment_and_onboard_purchases,onboard purchase request,English,Turkish,"I'd like a bottle of water, please.","Bir şişe su istiyorum, lütfen.",passenger,cabin_crew,A1,polite,"purchase,water,onboard_purchase"
payment_and_onboard_purchases,onboard purchase request,English,Turkish,I'd like a snack box.,Bir atıştırmalık kutusu istiyorum.,passenger,cabin_crew,A2,polite,"purchase,snack_box,onboard_purchase"
payment_and_onboard_purchases,onboard purchase request,English,Turkish,Do you sell headphones on board?,Uçakta kulaklık satıyor musunuz?,passenger,cabin_crew,A2,neutral,"purchase,headphones,onboard_purchase"
payment_and_onboard_purchases,onboard purchase request,English,Turkish,Do you sell pillows?,Yastık satıyor musunuz?,passenger,cabin_crew,A1,neutral,"purchase,pillow,onboard_purchase"
payment_and_onboard_purchases,onboard purchase request,English,Turkish,Can I buy a blanket?,Battaniye satın alabilir miyim?,passenger,cabin_crew,A1,polite,"purchase,blanket,onboard_purchase"
payment_and_onboard_purchases,onboard purchase request,English,Turkish,How much for the headphones?,Kulaklık ne kadar?,passenger,cabin_crew,A1,neutral,"price,headphones,onboard_purchase"
payment_and_onboard_purchases,onboard purchase request,English,Turkish,How much is the blanket?,Battaniye ne kadar?,passenger,cabin_crew,A1,neutral,"price,blanket,onboard_purchase"
payment_and_onboard_purchases,onboard shopping announcement,English,Turkish,We have snacks and drinks for sale.,Satışta atıştırmalık ve içeceklerimiz var.,cabin_crew,passenger,A1,neutral,"announcement,sale,onboard_purchase"
payment_and_onboard_purchases,onboard shopping announcement,English,Turkish,Duty-free items are available on this flight.,Bu uçuşta duty-free ürünler mevcuttur.,cabin_crew,passenger,B1,formal,"duty_free,announcement,onboard_purchase"
payment_and_onboard_purchases,onboard shopping announcement,English,Turkish,Please have your payment ready.,Lütfen ödemenizi hazır tutun.,cabin_crew,passenger,A2,polite,"payment,announcement,instructions"
payment_and_onboard_purchases,onboard shopping announcement,English,Turkish,We can only take exact cash.,Sadece tam para alabiliyoruz.,cabin_crew,passenger,A2,neutral,"payment,cash,instructions"
payment_and_onboard_purchases,onboard shopping announcement,English,Turkish,The card machine is not working right now.,Kart cihazı şu anda çalışmıyor.,cabin_crew,passenger,A2,neutral,"payment,machine_problem,onboard_purchase"
payment_and_onboard_purchases,onboard shopping announcement,English,Turkish,Please wait one moment for payment.,Ödeme için lütfen bir dakika bekleyin.,cabin_crew,passenger,A1,polite,"payment,waiting,instructions"
payment_and_onboard_purchases,onboard meal purchase,English,Turkish,I'd like the chicken meal.,Tavuk yemeğini istiyorum.,passenger,cabin_crew,A1,polite,"meal,purchase,onboard_purchase"
payment_and_onboard_purchases,onboard meal purchase,English,Turkish,I'd like the vegetarian option.,Vejetaryen seçeneği istiyorum.,passenger,cabin_crew,A2,polite,"meal,vegetarian,onboard_purchase"
payment_and_onboard_purchases,onboard meal purchase,English,Turkish,Is this included in the ticket price?,Bu bilet fiyatına dahil mi?,passenger,cabin_crew,A2,neutral,"price,ticket,onboard_purchase"
payment_and_onboard_purchases,onboard meal purchase,English,Turkish,"No, that costs extra.","Hayır, bunun için ekstra ücret var.",cabin_crew,passenger,A2,neutral,"price,extra_charge,onboard_purchase"
payment_and_onboard_purchases,onboard meal purchase,English,Turkish,Would you like to pay now?,Şimdi ödemek ister misiniz?,cabin_crew,passenger,A1,polite,"payment,purchase,onboard_purchase"
payment_and_onboard_purchases,onboard meal purchase,English,Turkish,Please pay after you receive the item.,Lütfen ürünü aldıktan sonra ödeme yapın.,cabin_crew,passenger,A2,polite,"payment,instructions,onboard_purchase"
payment_and_onboard_purchases,onboard purchase quantity,English,Turkish,I want two bottles of water.,İki şişe su istiyorum.,passenger,cabin_crew,A1,neutral,"purchase,quantity,water"
payment_and_onboard_purchases,onboard purchase quantity,English,Turkish,I want one coffee and one tea.,Bir kahve ve bir çay istiyorum.,passenger,cabin_crew,A1,neutral,"purchase,quantity,drinks"
payment_and_onboard_purchases,onboard purchase quantity,English,Turkish,That will be eight pounds in total.,Toplam sekiz sterlin tutar.,cabin_crew,passenger,A2,neutral,"payment,total,price"
payment_and_onboard_purchases,onboard purchase quantity,English,Turkish,The price is the same for both.,İkisinin fiyatı aynı.,cabin_crew,passenger,A2,neutral,"price,quantity,onboard_purchase"
payment_and_onboard_purchases,onboard purchase quantity,English,Turkish,Can I get one more?,Bir tane daha alabilir miyim?,passenger,cabin_crew,A1,polite,"purchase,more,onboard_purchase"
payment_and_onboard_purchases,onboard purchase quantity,English,Turkish,"Sorry, that item is sold out.","Üzgünüz, o ürün tükendi.",cabin_crew,passenger,A2,polite,"sold_out,purchase,onboard_purchase"
payment_and_onboard_purchases,onboard purchase issue,English,Turkish,I was charged twice.,Benden iki kez ücret alındı.,passenger,cabin_crew,B1,urgent,"payment,billing_issue,onboard_purchase"
payment_and_onboard_purchases,onboard purchase issue,English,Turkish,Please check the amount again.,Lütfen tutarı tekrar kontrol edin.,passenger,cabin_crew,A2,polite,"payment,amount,onboard_purchase"
payment_and_onboard_purchases,onboard purchase issue,English,Turkish,I think there is a mistake.,Sanırım bir hata var.,passenger,cabin_crew,A2,polite,"payment,mistake,onboard_purchase"
payment_and_onboard_purchases,onboard purchase issue,English,Turkish,Let me check that for you.,Bunu sizin için kontrol edeyim.,cabin_crew,passenger,A2,reassuring,"payment,support,onboard_purchase"
payment_and_onboard_purchases,onboard purchase issue,English,Turkish,I can refund the charge.,Ücreti iade edebilirim.,cabin_crew,passenger,B1,formal,"refund,payment,onboard_purchase"
payment_and_onboard_purchases,onboard purchase issue,English,Turkish,Could you please show me the bill?,Faturayı bana gösterebilir misiniz?,passenger,cabin_crew,A2,polite,"bill,payment,onboard_purchase"
payment_and_onboard_purchases,onboard purchase issue,English,Turkish,The bill is correct.,Fatura doğru.,cabin_crew,passenger,A1,neutral,"bill,payment,confirmation"
payment_and_onboard_purchases,onboard purchase issue,English,Turkish,This is the wrong item.,Bu yanlış ürün.,passenger,cabin_crew,A1,neutral,"wrong_item,purchase,onboard_purchase"
payment_and_onboard_purchases,onboard purchase issue,English,Turkish,"I'm sorry, I brought the wrong card.","Üzgünüm, yanlış kartı getirdim.",passenger,cabin_crew,A2,polite,"payment,wrong_card,onboard_purchase"
payment_and_onboard_purchases,onboard purchase issue,English,Turkish,We can try the payment again.,Ödemeyi tekrar deneyebiliriz.,cabin_crew,passenger,A2,reassuring,"payment,retry,onboard_purchase"
payment_and_onboard_purchases,onboard purchase issue,English,Turkish,Please wait while I process the payment.,Ödemeyi işlerken lütfen bekleyin.,cabin_crew,passenger,A2,polite,"payment,processing,onboard_purchase"
payment_and_onboard_purchases,onboard purchase request,English,Turkish,Can I buy headphones with my card?,Kulaklığı kartımla alabilir miyim?,passenger,cabin_crew,A2,polite,"payment,card,headphones"
payment_and_onboard_purchases,onboard purchase request,English,Turkish,Do you have any free snacks?,Ücretsiz atıştırmalığınız var mı?,passenger,cabin_crew,A1,neutral,"free,snacks,onboard_purchase"
payment_and_onboard_purchases,onboard purchase request,English,Turkish,I only have euros.,Sadece euro var bende.,passenger,cabin_crew,A1,neutral,"payment,currency,onboard_purchase"
payment_and_onboard_purchases,onboard purchase request,English,Turkish,Do you take dollars?,Dolar kabul ediyor musunuz?,passenger,cabin_crew,A1,neutral,"payment,currency,onboard_purchase"
payment_and_onboard_purchases,onboard purchase request,English,Turkish,We accept euros and cards.,Euro ve kart kabul ediyoruz.,cabin_crew,passenger,A1,neutral,"payment,currency,onboard_purchase"
payment_and_onboard_purchases,onboard purchase request,English,Turkish,Do you have Apple Pay?,Apple Pay var mı?,passenger,cabin_crew,A2,neutral,"payment,digital_wallet,onboard_purchase"
payment_and_onboard_purchases,onboard purchase request,English,Turkish,Do you accept Google Pay?,Google Pay kabul ediyor musunuz?,passenger,cabin_crew,A2,neutral,"payment,digital_wallet,onboard_purchase"
payment_and_onboard_purchases,onboard purchase request,English,Turkish,Can I use a debit card?,Banka kartı kullanabilir miyim?,passenger,cabin_crew,A2,polite,"payment,debit_card,onboard_purchase"
payment_and_onboard_purchases,onboard purchase request,English,Turkish,Can I pay in local currency?,Yerel para birimiyle ödeyebilir miyim?,passenger,cabin_crew,B1,polite,"payment,currency,onboard_purchase"
payment_and_onboard_purchases,onboard duty-free,English,Turkish,Is this item duty-free?,Bu ürün duty-free mi?,passenger,cabin_crew,A2,neutral,"duty_free,price,onboard_purchase"
payment_and_onboard_purchases,onboard duty-free,English,Turkish,Duty-free items are non-refundable.,Duty-free ürünler iade edilemez.,cabin_crew,passenger,B1,formal,"duty_free,refund,policy"
payment_and_onboard_purchases,onboard duty-free,English,Turkish,Please keep your receipt until arrival.,Lütfen varışa kadar fişinizi saklayın.,cabin_crew,passenger,A2,polite,"receipt,instructions,duty_free"
payment_and_onboard_purchases,onboard duty-free,English,Turkish,Can I open it now?,Bunu şimdi açabilir miyim?,passenger,cabin_crew,A1,neutral,"purchase,open,duty_free"
payment_and_onboard_purchases,onboard duty-free,English,Turkish,Please do not open it during the flight.,Lütfen uçuş sırasında açmayın.,cabin_crew,passenger,A2,polite,"instructions,flight_rules,duty_free"
payment_and_onboard_purchases,onboard purchase timing,English,Turkish,When can I pay?,Ne zaman ödeme yapabilirim?,passenger,cabin_crew,A1,neutral,"payment,timing,onboard_purchase"
payment_and_onboard_purchases,onboard purchase timing,English,Turkish,We will come back after takeoff.,Kalkıştan sonra tekrar geleceğiz.,cabin_crew,passenger,A2,neutral,"payment,timing,onboard_purchase"
payment_and_onboard_purchases,onboard purchase timing,English,Turkish,Can I order now and pay later?,Şimdi sipariş verip sonra ödeyebilir miyim?,passenger,cabin_crew,A2,polite,"payment,later,onboard_purchase"
payment_and_onboard_purchases,onboard purchase timing,English,Turkish,You can pay after I serve you.,Sizi servis ettikten sonra ödeme yapabilirsiniz.,cabin_crew,passenger,A2,neutral,"payment,service_order,onboard_purchase"
payment_and_onboard_purchases,onboard purchase complaint,English,Turkish,The price is higher than I expected.,Fiyat beklediğimden daha yüksek.,passenger,cabin_crew,A2,neutral,"price,complaint,onboard_purchase"
payment_and_onboard_purchases,onboard purchase complaint,English,Turkish,Please show me the menu again.,Lütfen menüyü tekrar gösterin.,passenger,cabin_crew,A1,polite,"menu,purchase,onboard_purchase"
payment_and_onboard_purchases,onboard purchase complaint,English,Turkish,The menu shows the prices here.,Menüde fiyatlar burada yazıyor.,cabin_crew,passenger,A2,neutral,"menu,price,onboard_purchase"
payment_and_onboard_purchases,onboard purchase complaint,English,Turkish,I did not see the price.,Fiyatı görmedim.,passenger,cabin_crew,A1,neutral,"price,complaint,onboard_purchase"
payment_and_onboard_purchases,onboard purchase complaint,English,Turkish,I'm sorry for the confusion.,Karışıklık için özür dilerim.,cabin_crew,passenger,A2,polite,"apology,payment,onboard_purchase"
payment_and_onboard_purchases,onboard purchase complaint,English,Turkish,I need to pay for this item.,Bu ürünün ücretini ödemem gerekiyor.,passenger,cabin_crew,A1,neutral,"payment,item,onboard_purchase"
payment_and_onboard_purchases,onboard purchase complaint,English,Turkish,Your card went through.,Kartınız geçti.,cabin_crew,passenger,A1,neutral,"payment,success,onboard_purchase"
payment_and_onboard_purchases,onboard purchase complaint,English,Turkish,The transaction was successful.,İşlem başarılı oldu.,cabin_crew,passenger,B1,formal,"payment,transaction,onboard_purchase"
payment_and_onboard_purchases,onboard purchase complaint,English,Turkish,Please enter your PIN.,Lütfen PIN kodunuzu girin.,cabin_crew,passenger,A2,neutral,"payment,pin,instructions"
payment_and_onboard_purchases,purchase,Turkish,English,Temassız ödeme alıyor musunuz?,Do you take contactless payment?,passenger,cabin_crew,A2,polite,"payment,contactless,onboard_purchase"
payment_and_onboard_purchases,purchase,Turkish,English,Bir su alabilir miyim?,Can I get a bottle of water?,passenger,cabin_crew,A1,polite,"purchase,drink"
payment_and_onboard_purchases,purchase,Turkish,English,Bu atıştırmalık ne kadar?,How much is this snack?,passenger,cabin_crew,A1,neutral,"price,snack"
payment_and_onboard_purchases,purchase,Turkish,English,"Kartım çalışmadı, tekrar deneyebilir miyim?",My card didn't work. Can I try again?,passenger,cabin_crew,A2,polite,"payment,card_issue"
payment_and_onboard_purchases,purchase,Turkish,English,Lütfen fiş verebilir misiniz?,Could you please give me a receipt?,passenger,cabin_crew,A2,polite,"receipt,payment"
payment_and_onboard_purchases,purchase,Turkish,English,Parça parça ödeyebilir miyim?,Can I pay in parts?,passenger,cabin_crew,B1,polite,payment
payment_and_onboard_purchases,purchase,Turkish,English,Sadece kartla ödeme var mı?,Is card payment the only option?,passenger,cabin_crew,A2,neutral,payment
payment_and_onboard_purchases,purchase,Turkish,English,Bozuk para lazım mı?,Do you need exact change?,passenger,cabin_crew,A2,neutral,"cash,change"
complaints_and_problem_reporting,complaint,English,Turkish,My seat does not recline.,Koltuğum yatmıyor.,passenger,cabin_crew,A1,neutral,"seat,complaint"
complaints_and_problem_reporting,complaint,English,Turkish,The tray table is broken.,Tepsi masası bozuk.,passenger,cabin_crew,A1,neutral,"seat,complaint"
complaints_and_problem_reporting,complaint,English,Turkish,There is no light above my seat.,Koltuğumun üstünde ışık yok.,passenger,cabin_crew,A1,neutral,"light,complaint"
complaints_and_problem_reporting,complaint,English,Turkish,The air vent is not working.,Hava deliği çalışmıyor.,passenger,cabin_crew,A1,neutral,"air_vent,complaint"
complaints_and_problem_reporting,complaint,English,Turkish,My screen is frozen.,Ekranım dondu.,passenger,cabin_crew,A1,neutral,"entertainment,complaint"
complaints_and_problem_reporting,complaint,English,Turkish,The seat belt is stuck.,Emniyet kemeri sıkıştı.,passenger,cabin_crew,A1,urgent,"seat_belt,complaint"
complaints_and_problem_reporting,complaint,English,Turkish,My reading light does not work.,Okuma ışığım çalışmıyor.,passenger,cabin_crew,A1,neutral,"light,complaint"
complaints_and_problem_reporting,complaint,English,Turkish,The seat is wet.,Koltuk ıslak.,passenger,cabin_crew,A1,neutral,"seat,complaint"
complaints_and_problem_reporting,complaint,English,Turkish,There is a bad smell here.,Burada kötü bir koku var.,passenger,cabin_crew,A1,neutral,"smell,complaint"
complaints_and_problem_reporting,complaint,English,Turkish,The cabin is too cold.,Kabin çok soğuk.,passenger,cabin_crew,A1,neutral,"temperature,complaint"
complaints_and_problem_reporting,complaint,English,Turkish,The cabin is too hot.,Kabin çok sıcak.,passenger,cabin_crew,A1,neutral,"temperature,complaint"
complaints_and_problem_reporting,complaint,English,Turkish,My luggage is damaged.,Bagajım hasar gördü.,passenger,cabin_crew,A1,neutral,"luggage,complaint"
complaints_and_problem_reporting,complaint,English,Turkish,My bag was not loaded onto the plane.,Çantam uçağa yüklenmemiş.,passenger,cabin_crew,A2,neutral,"luggage,complaint"
complaints_and_problem_reporting,complaint,English,Turkish,I think my bag was sent to the wrong plane.,Sanırım çantam yanlış uçağa gönderildi.,passenger,cabin_crew,A2,neutral,"luggage,complaint"
complaints_and_problem_reporting,complaint,English,Turkish,My baggage tag is missing.,Bagaj etiketim yok.,passenger,cabin_crew,A1,neutral,"baggage_tag,complaint"
complaints_and_problem_reporting,complaint,English,Turkish,Someone took my bag by mistake.,Biri çantamı yanlışlıkla almış.,passenger,cabin_crew,A2,urgent,"luggage,complaint"
complaints_and_problem_reporting,complaint,English,Turkish,The overhead bin is full.,Üst bagaj bölmesi dolu.,passenger,cabin_crew,A1,neutral,"overhead_bin,complaint"
complaints_and_problem_reporting,complaint,English,Turkish,There is no space for my bag.,Çantam için yer yok.,passenger,cabin_crew,A1,neutral,"luggage,complaint"
complaints_and_problem_reporting,complaint,English,Turkish,The gate changed and nobody told us.,Kapı değişti ve bize kimse söylemedi.,passenger,cabin_crew,A2,neutral,"gate,complaint"
complaints_and_problem_reporting,complaint,English,Turkish,We have been waiting for a long time.,Uzun zamandır bekliyoruz.,passenger,cabin_crew,A1,neutral,"delay,complaint"
complaints_and_problem_reporting,complaint,English,Turkish,The flight is delayed again.,Uçuş yine gecikti.,passenger,cabin_crew,A1,neutral,"delay,complaint"
complaints_and_problem_reporting,complaint,English,Turkish,Our boarding has been delayed.,Binişimiz gecikti.,passenger,cabin_crew,A1,neutral,"boarding,complaint"
complaints_and_problem_reporting,complaint,English,Turkish,The announcement was not clear.,Anons net değildi.,passenger,cabin_crew,A1,neutral,"announcement,complaint"
complaints_and_problem_reporting,complaint,English,Turkish,I missed my connection because of the delay.,Gecikme yüzünden aktarmayı kaçırdım.,passenger,cabin_crew,A2,urgent,"connection,delay,complaint"
complaints_and_problem_reporting,complaint,English,Turkish,My connecting flight was changed without notice.,Aktarma uçuşum haber verilmeden değiştirildi.,passenger,cabin_crew,A2,neutral,"connection,complaint"
complaints_and_problem_reporting,complaint,English,Turkish,I was not informed about the delay.,Gecikme hakkında bilgilendirilmedim.,passenger,cabin_crew,A2,neutral,"delay,complaint"
complaints_and_problem_reporting,complaint,English,Turkish,The boarding line is too slow.,Biniş kuyruğu çok yavaş ilerliyor.,passenger,cabin_crew,A1,neutral,"boarding,complaint"
complaints_and_problem_reporting,complaint,English,Turkish,People are cutting the line.,İnsanlar sırayı bozuyor.,passenger,cabin_crew,A1,neutral,"line,complaint"
complaints_and_problem_reporting,complaint,English,Turkish,My boarding pass is not working.,Biniş kartım çalışmıyor.,passenger,cabin_crew,A1,neutral,"boarding_pass,complaint"
complaints_and_problem_reporting,complaint,English,Turkish,The scanner is not reading my pass.,Tarayıcı biniş kartımı okumuyor.,passenger,cabin_crew,A2,neutral,"boarding_pass,complaint"
complaints_and_problem_reporting,complaint,English,Turkish,I was given the wrong seat.,Bana yanlış koltuk verildi.,passenger,cabin_crew,A1,neutral,"seat,complaint"
complaints_and_problem_reporting,complaint,English,Turkish,Someone is sitting in my seat.,Biri benim koltuğumda oturuyor.,passenger,cabin_crew,A1,neutral,"seat,complaint"
complaints_and_problem_reporting,complaint,English,Turkish,This seat is too narrow.,Bu koltuk çok dar.,passenger,cabin_crew,A1,neutral,"seat,complaint"
complaints_and_problem_reporting,complaint,English,Turkish,The armrest is broken.,Kol dayama yeri bozuk.,passenger,cabin_crew,A1,neutral,"seat,complaint"
complaints_and_problem_reporting,complaint,English,Turkish,My headphone jack does not work.,Kulaklık girişim çalışmıyor.,passenger,cabin_crew,A2,neutral,"entertainment,complaint"
complaints_and_problem_reporting,complaint,English,Turkish,The TV is too loud.,Televizyon çok yüksek sesli.,passenger,cabin_crew,A1,neutral,"entertainment,complaint"
complaints_and_problem_reporting,complaint,English,Turkish,The audio is not clear.,Ses net değil.,passenger,cabin_crew,A1,neutral,"audio,complaint"
complaints_and_problem_reporting,complaint,English,Turkish,My monitor keeps turning off.,Ekranım sürekli kapanıyor.,passenger,cabin_crew,A2,neutral,"entertainment,complaint"
complaints_and_problem_reporting,complaint,English,Turkish,The Wi-Fi is not working.,Wi-Fi çalışmıyor.,passenger,cabin_crew,A1,neutral,"wifi,complaint"
complaints_and_problem_reporting,complaint,English,Turkish,I cannot connect to the internet.,İnternete bağlanamıyorum.,passenger,cabin_crew,A1,neutral,"wifi,complaint"
complaints_and_problem_reporting,complaint,English,Turkish,The service is very slow.,Hizmet çok yavaş.,passenger,cabin_crew,A1,neutral,"service,complaint"
complaints_and_problem_reporting,complaint,English,Turkish,We have not received our drinks yet.,İçeceklerimizi hâlâ almadık.,passenger,cabin_crew,A1,neutral,"service,complaint"
complaints_and_problem_reporting,complaint,English,Turkish,My meal is missing.,Yemeğim eksik.,passenger,cabin_crew,A1,neutral,"meal,complaint"
complaints_and_problem_reporting,complaint,English,Turkish,I got the wrong meal.,Bana yanlış yemek geldi.,passenger,cabin_crew,A1,neutral,"meal,complaint"
complaints_and_problem_reporting,complaint,English,Turkish,This food is cold.,Bu yemek soğuk.,passenger,cabin_crew,A1,neutral,"meal,complaint"
complaints_and_problem_reporting,complaint,English,Turkish,This drink is spilled.,Bu içecek dökülmüş.,passenger,cabin_crew,A1,neutral,"drink,complaint"
complaints_and_problem_reporting,complaint,English,Turkish,There is not enough water in the bottle.,Şişede yeterince su yok.,passenger,cabin_crew,A1,neutral,"water,complaint"
complaints_and_problem_reporting,complaint,English,Turkish,The toilet is dirty.,Tuvalet kirli.,passenger,cabin_crew,A1,neutral,"toilet,complaint"
complaints_and_problem_reporting,complaint,English,Turkish,The toilet is out of order.,Tuvalet bozuk.,passenger,cabin_crew,A1,neutral,"toilet,complaint"
complaints_and_problem_reporting,complaint,English,Turkish,There is no toilet paper.,Tuvalet kâğıdı yok.,passenger,cabin_crew,A1,neutral,"toilet,complaint"
complaints_and_problem_reporting,complaint,English,Turkish,The sink is blocked.,Lavabo tıkalı.,passenger,cabin_crew,A1,neutral,"toilet,complaint"
complaints_and_problem_reporting,complaint,English,Turkish,The lavatory smells bad.,Tuvalet kötü kokuyor.,passenger,cabin_crew,A2,neutral,"toilet,complaint"
complaints_and_problem_reporting,complaint,English,Turkish,My child needs help with the seat belt.,Çocuğumun emniyet kemeriyle yardıma ihtiyacı var.,passenger,cabin_crew,A2,neutral,"child,seat_belt,complaint"
complaints_and_problem_reporting,complaint,English,Turkish,My baby is crying because it is too hot.,Bebeğim çok sıcak olduğu için ağlıyor.,passenger,cabin_crew,A2,neutral,"baby,temperature,complaint"
complaints_and_problem_reporting,complaint,English,Turkish,The baby changing table is dirty.,Bebek değiştirme masası kirli.,passenger,cabin_crew,A2,neutral,"baby,complaint"
complaints_and_problem_reporting,complaint,English,Turkish,My child cannot sleep because of the noise.,Çocuğum gürültü yüzünden uyuyamıyor.,passenger,cabin_crew,A2,neutral,"child,noise,complaint"
complaints_and_problem_reporting,complaint,English,Turkish,My pet is upset.,Evcil hayvanım rahatsız oldu.,passenger,cabin_crew,A2,neutral,"pet,complaint"
complaints_and_problem_reporting,complaint,English,Turkish,My pet needs water.,Evcil hayvanımın suya ihtiyacı var.,passenger,cabin_crew,A1,neutral,"pet,complaint"
complaints_and_problem_reporting,complaint,English,Turkish,There is not enough room for the pet carrier.,Pet taşıma çantası için yeterli yer yok.,passenger,cabin_crew,A2,neutral,"pet,complaint"
complaints_and_problem_reporting,complaint,English,Turkish,"I need a wheelchair, but no one has come yet.",Tekerlekli sandalyeye ihtiyacım var ama hâlâ kimse gelmedi.,passenger,cabin_crew,A2,urgent,"accessibility,complaint"
complaints_and_problem_reporting,complaint,English,Turkish,The ramp is not ready.,Rampa hazır değil.,passenger,cabin_crew,A1,neutral,"accessibility,complaint"
complaints_and_problem_reporting,complaint,English,Turkish,I was not assisted at the gate.,Kapıda bana yardım edilmedi.,passenger,cabin_crew,A2,neutral,"gate,accessibility,complaint"
complaints_and_problem_reporting,complaint,English,Turkish,I told you about my disability earlier.,Engelim hakkında size daha önce söylemiştim.,passenger,cabin_crew,A2,neutral,"accessibility,complaint"
complaints_and_problem_reporting,complaint,English,Turkish,My medicine was not placed in the overhead bin safely.,İlacım üst bagaj bölümüne güvenli şekilde konulmadı.,passenger,cabin_crew,B1,urgent,"health,luggage,complaint"
complaints_and_problem_reporting,complaint,English,Turkish,I feel sick after the meal.,Yemekten sonra kendimi kötü hissediyorum.,passenger,cabin_crew,A2,urgent,"health,meal,complaint"
complaints_and_problem_reporting,complaint,English,Turkish,I think the air is making me dizzy.,Sanırım hava beni başım döndürüyor.,passenger,cabin_crew,A2,urgent,"health,complaint"
complaints_and_problem_reporting,complaint,English,Turkish,The pressure in my ears is painful.,Kulaklarımdaki basınç ağrı yapıyor.,passenger,cabin_crew,A2,urgent,"health,complaint"
complaints_and_problem_reporting,complaint,English,Turkish,My oxygen mask is not dropping properly.,Oksijen maskem doğru şekilde inmiyor.,passenger,cabin_crew,B1,urgent,"emergency,complaint"
complaints_and_problem_reporting,complaint,English,Turkish,I cannot breathe well here.,Burada düzgün nefes alamıyorum.,passenger,cabin_crew,A2,urgent,"health,complaint"
complaints_and_problem_reporting,complaint,English,Turkish,I spilled my drink on the seat.,İçeceğimi koltuğa döktüm.,passenger,cabin_crew,A1,neutral,"drink,complaint"
complaints_and_problem_reporting,complaint,English,Turkish,My clothes are wet now.,Kıyafetlerim şimdi ıslandı.,passenger,cabin_crew,A1,neutral,"spill,complaint"
complaints_and_problem_reporting,complaint,English,Turkish,The seat pocket is torn.,Koltuk cebi yırtık.,passenger,cabin_crew,A1,neutral,"seat,complaint"
complaints_and_problem_reporting,complaint,English,Turkish,There is trash in my area.,Alanımda çöp var.,passenger,cabin_crew,A1,neutral,"cleanliness,complaint"
complaints_and_problem_reporting,complaint,English,Turkish,The floor is slippery.,Zemin kaygan.,passenger,cabin_crew,A1,urgent,"safety,complaint"
complaints_and_problem_reporting,complaint,English,Turkish,This line is moving too slowly.,Bu sıra çok yavaş ilerliyor.,passenger,cabin_crew,A1,neutral,"queue,complaint"
complaints_and_problem_reporting,complaint,English,Turkish,The gate area is overcrowded.,Kapı alanı aşırı kalabalık.,passenger,cabin_crew,A2,neutral,"gate,complaint"
complaints_and_problem_reporting,complaint,English,Turkish,I cannot hear the boarding announcement.,Biniş anonsunu duyamıyorum.,passenger,cabin_crew,A1,neutral,"boarding,complaint"
complaints_and_problem_reporting,complaint,English,Turkish,The departure time keeps changing.,Kalkış saati sürekli değişiyor.,passenger,cabin_crew,A2,neutral,"departure,complaint"
complaints_and_problem_reporting,complaint,English,Turkish,We were told the wrong gate.,Bize yanlış kapı söylendi.,passenger,cabin_crew,A2,neutral,"gate,complaint"
complaints_and_problem_reporting,complaint,English,Turkish,My seat assignment is incorrect.,Koltuk atamam yanlış.,passenger,cabin_crew,A2,neutral,"seat,complaint"
complaints_and_problem_reporting,complaint,English,Turkish,"I paid for this seat, but it is not available.",Bu koltuk için ödeme yaptım ama kullanılmıyor.,passenger,cabin_crew,B1,neutral,"seat,complaint"
complaints_and_problem_reporting,complaint,English,Turkish,I am unhappy with the service.,Hizmetten memnun değilim.,passenger,cabin_crew,A2,formal,"service,complaint"
complaints_and_problem_reporting,complaint,English,Turkish,This is not what I expected.,Bu beklediğim gibi değil.,passenger,cabin_crew,A2,neutral,complaint
complaints_and_problem_reporting,complaint,English,Turkish,I want to report a problem.,Bir sorunu bildirmek istiyorum.,passenger,cabin_crew,A1,formal,"reporting,complaint"
complaints_and_problem_reporting,complaint,English,Turkish,Please note this complaint.,Lütfen bu şikâyeti not alın.,passenger,cabin_crew,A2,formal,complaint
complaints_and_problem_reporting,complaint,English,Turkish,Can you send someone to help?,Yardım etmek için birini gönderebilir misiniz?,passenger,cabin_crew,A1,polite,"help,complaint"
complaints_and_problem_reporting,complaint,English,Turkish,I need a different seat.,Başka bir koltuğa ihtiyacım var.,passenger,cabin_crew,A1,polite,"seat,complaint"
complaints_and_problem_reporting,complaint,English,Turkish,Could you check this for me?,Bunu benim için kontrol eder misiniz?,passenger,cabin_crew,A1,polite,"check,complaint"
complaints_and_problem_reporting,complaint,English,Turkish,I have already told two staff members.,Bunu daha önce iki personele söyledim.,passenger,cabin_crew,A2,neutral,complaint
complaints_and_problem_reporting,complaint,English,Turkish,Nobody has helped me yet.,Bana henüz kimse yardım etmedi.,passenger,cabin_crew,A1,neutral,"help,complaint"
complaints_and_problem_reporting,complaint,English,Turkish,I am still waiting for assistance.,Hâlâ yardım bekliyorum.,passenger,cabin_crew,A1,neutral,"help,complaint"
complaints_and_problem_reporting,complaint,English,Turkish,The staff member was rude.,Personel kaba davrandı.,passenger,cabin_crew,A1,formal,"staff,complaint"
complaints_and_problem_reporting,complaint,English,Turkish,We were given no explanation.,Bize hiçbir açıklama yapılmadı.,passenger,cabin_crew,A2,formal,complaint
complaints_and_problem_reporting,complaint,English,Turkish,The check-in process was confusing.,Check-in süreci kafa karıştırıcıydı.,passenger,cabin_crew,A2,neutral,"check_in,complaint"
complaints_and_problem_reporting,complaint,English,Turkish,My ticket details are wrong.,Bilet bilgilerim yanlış.,passenger,cabin_crew,A1,neutral,"ticket,complaint"
complaints_and_problem_reporting,complaint,English,Turkish,The booking was changed without my permission.,Rezervasyonum iznim olmadan değiştirildi.,passenger,cabin_crew,A2,formal,"booking,complaint"
complaints_and_problem_reporting,complaint,English,Turkish,I was not told about the extra fee.,Ek ücret hakkında bana bilgi verilmedi.,passenger,cabin_crew,A2,neutral,"fee,complaint"
complaints_and_problem_reporting,complaint,English,Turkish,The price is different from what I was told.,"Fiyat, bana söylenenden farklı.",passenger,cabin_crew,A2,neutral,"price,complaint"
complaints_and_problem_reporting,complaint,English,Turkish,My refund has not arrived.,Para iadem henüz gelmedi.,passenger,cabin_crew,A2,neutral,"refund,complaint"
complaints_and_problem_reporting,complaint,English,Turkish,I need an update on my claim.,Talebimle ilgili güncelleme istiyorum.,passenger,cabin_crew,A2,formal,"claim,complaint"
complaints_and_problem_reporting,complaint,English,Turkish,This flight is unacceptable.,Bu uçuş kabul edilemez.,passenger,cabin_crew,A2,formal,complaint
complaints_and_problem_reporting,complaint,English,Turkish,I want to speak to a supervisor.,Bir yetkiliyle konuşmak istiyorum.,passenger,cabin_crew,A1,formal,"escalation,complaint"
complaints_and_problem_reporting,complaint,English,Turkish,This is a serious problem.,Bu ciddi bir sorun.,passenger,cabin_crew,A1,urgent,complaint
complaints_and_problem_reporting,complaint,English,Turkish,Please write down the delay reason.,Lütfen gecikme nedenini not edin.,passenger,cabin_crew,A2,formal,"delay,complaint"
complaints_and_problem_reporting,complaint,English,Turkish,The crew did not answer my call.,Kabin ekibi çağrıma cevap vermedi.,passenger,cabin_crew,A2,neutral,"crew,complaint"
complaints_and_problem_reporting,complaint,English,Turkish,I pressed the call button twice.,Çağrı düğmesine iki kez bastım.,passenger,cabin_crew,A1,neutral,"call_button,complaint"
complaints_and_problem_reporting,complaint,English,Turkish,The seat pockets are full of trash.,Koltuk cepleri çöp dolu.,passenger,cabin_crew,A2,neutral,"cleanliness,complaint"
complaints_and_problem_reporting,complaint,English,Turkish,My blanket is missing.,Battaniyem yok.,passenger,cabin_crew,A1,neutral,"blanket,complaint"
complaints_and_problem_reporting,complaint,English,Turkish,The pillow is too thin.,Yastık çok ince.,passenger,cabin_crew,A1,neutral,"pillow,complaint"
complaints_and_problem_reporting,complaint,English,Turkish,I cannot adjust my seat properly.,Koltuk ayarımı düzgün yapamıyorum.,passenger,cabin_crew,A2,neutral,"seat,complaint"
complaints_and_problem_reporting,complaint,English,Turkish,The window shade is stuck.,Pencere perdesi sıkışmış.,passenger,cabin_crew,A2,neutral,"window,complaint"
complaints_and_problem_reporting,complaint,English,Turkish,Air is coming in through the window.,Pencereden hava geliyor.,passenger,cabin_crew,A2,neutral,"window,complaint"
complaints_and_problem_reporting,complaint,English,Turkish,My arm is hurting because the seat is too hard.,Koltuk çok sert olduğu için kolum ağrıyor.,passenger,cabin_crew,A2,urgent,"seat,health,complaint"
complaints_and_problem_reporting,complaint,English,Turkish,I think there is a mistake with my meal order.,Sanırım yemek siparişimde bir hata var.,passenger,cabin_crew,A2,neutral,"meal,complaint"
complaints_and_problem_reporting,complaint,English,Turkish,My special meal was not delivered.,Özel yemeğim teslim edilmedi.,passenger,cabin_crew,A2,neutral,"meal,complaint"
complaints_and_problem_reporting,complaint,English,Turkish,I asked for a vegetarian meal.,Vejetaryen yemek istemiştim.,passenger,cabin_crew,A1,neutral,"meal,complaint"
complaints_and_problem_reporting,complaint,English,Turkish,There is a problem with my reservation.,Rezervasyonumla ilgili bir sorun var.,passenger,cabin_crew,A2,formal,"reservation,complaint"
complaints_and_problem_reporting,complaint,English,Turkish,The refund amount is wrong.,İade tutarı yanlış.,passenger,cabin_crew,A1,formal,"refund,complaint"
complaints_and_problem_reporting,complaint,English,Turkish,I need this fixed before takeoff.,Bunun kalkıştan önce düzeltilmesi gerekiyor.,passenger,cabin_crew,A2,urgent,complaint
complaints_and_problem_reporting,complaint,English,Turkish,The cabin crew forgot my request.,Kabin ekibi isteğimi unuttu.,passenger,cabin_crew,A2,neutral,"crew,complaint"
complaints_and_problem_reporting,complaint,English,Turkish,Please stop the noise.,Lütfen gürültüyü kesin.,passenger,cabin_crew,A1,urgent,"noise,complaint"
complaints_and_problem_reporting,complaint,English,Turkish,The baby next to me is crying nonstop.,Yanımdaki bebek durmadan ağlıyor.,passenger,cabin_crew,A2,neutral,"baby,complaint"
complaints_and_problem_reporting,complaint,English,Turkish,Someone is using my armrest.,Biri kol dayama yerimi kullanıyor.,passenger,cabin_crew,A1,neutral,"seat,complaint"
complaints_and_problem_reporting,complaint,English,Turkish,The person in front of me pushed their seat too far back.,Önümdeki kişi koltuğunu çok fazla yatırdı.,passenger,cabin_crew,A2,neutral,"seat,complaint"
complaints_and_problem_reporting,complaint,English,Turkish,I cannot open the seat tray.,Tepsi masasını açamıyorum.,passenger,cabin_crew,A1,neutral,"seat,complaint"
complaints_and_problem_reporting,complaint,English,Turkish,The safety card is missing.,Güvenlik kartı yok.,passenger,cabin_crew,A1,neutral,"safety,complaint"
complaints_and_problem_reporting,complaint,English,Turkish,There is not enough room for my legs.,Bacaklarım için yeterli yer yok.,passenger,cabin_crew,A1,neutral,"seat,complaint"
complaints_and_problem_reporting,complaint,English,Turkish,My knees hit the seat in front.,Dizlerim önümdeki koltuğa değiyor.,passenger,cabin_crew,A2,neutral,"seat,complaint"
complaints_and_problem_reporting,complaint,English,Turkish,The seat cushion is uncomfortable.,Koltuk minderı rahat değil.,passenger,cabin_crew,A2,neutral,"seat,complaint"
complaints_and_problem_reporting,complaint,English,Turkish,I need help with my bag again.,Çantam için tekrar yardıma ihtiyacım var.,passenger,cabin_crew,A1,polite,"luggage,complaint"
complaints_and_problem_reporting,complaint,English,Turkish,The baggage compartment is closed.,Bagaj bölmesi kapalı.,passenger,cabin_crew,A1,neutral,"luggage,complaint"
complaints_and_problem_reporting,complaint,English,Turkish,My carry-on was not allowed on board.,El bagajım uçağa alınmadı.,passenger,cabin_crew,A2,neutral,"carry_on,complaint"
complaints_and_problem_reporting,complaint,English,Turkish,I was told different rules at the gate.,Kapıda bana farklı kurallar söylendi.,passenger,cabin_crew,A2,neutral,"gate,complaint"
complaints_and_problem_reporting,complaint,English,Turkish,The crew member ignored my question.,Kabin görevlisi sorumu görmezden geldi.,passenger,cabin_crew,A2,formal,"crew,complaint"
complaints_and_problem_reporting,complaint,English,Turkish,"I asked twice, but nobody replied.",İki kez sordum ama kimse cevap vermedi.,passenger,cabin_crew,A1,neutral,"help,complaint"
complaints_and_problem_reporting,boarding,Turkish,English,Biniş kartım çalışmıyor.,My boarding pass is not working.,passenger,gate_agent,A1,neutral,"boarding,ticket"
complaints_and_problem_reporting,boarding,Turkish,English,Beni yanlış kapıya yönlendirdiler.,They sent me to the wrong gate.,passenger,gate_agent,A2,neutral,"gate,complaint"
complaints_and_problem_reporting,boarding,Turkish,English,Sırada bekledim ama adım çağrılmadı.,"I waited in line, but my name was not called.",passenger,gate_agent,A2,polite,"boarding,delay"
complaints_and_problem_reporting,boarding,Turkish,English,"Uçağa alınmadım, nedenini öğrenebilir miyim?",I was not allowed to board. Can I know why?,passenger,gate_agent,A2,polite,"boarding,complaint"
complaints_and_problem_reporting,boarding,Turkish,English,Biniş saati çoktan geçti ama bilgi verilmedi.,"The boarding time has already passed, but no information was given.",passenger,gate_agent,B1,neutral,"boarding,delay"
complaints_and_problem_reporting,boarding,Turkish,English,Kapıda çok uzun süre bekledik.,We waited at the gate for a very long time.,passenger,gate_agent,A2,neutral,"gate,delay"
complaints_and_problem_reporting,boarding,Turkish,English,Biniş grubumu söylediler ama sıra karışıktı.,"They announced my boarding group, but the line was confused.",passenger,gate_agent,B1,neutral,"boarding,queue"
complaints_and_problem_reporting,boarding,Turkish,English,Kapı değişikliğini son anda öğrendim.,I learned about the gate change at the last minute.,passenger,gate_agent,A2,neutral,"gate,change"
complaints_and_problem_reporting,boarding,Turkish,English,Görevli bana ters konuştu.,The agent spoke to me rudely.,passenger,airport_staff,A2,formal,"staff,complaint"
complaints_and_problem_reporting,boarding,Turkish,English,Biniş işlemi neden bu kadar yavaş?,Why is the boarding process so slow?,passenger,gate_agent,A1,neutral,"boarding,delay"
complaints_and_problem_reporting,boarding,Turkish,English,"Beni sıranın dışına aldınız, neden?",You took me out of the line. Why?,passenger,gate_agent,A2,neutral,"boarding,queue"
complaints_and_problem_reporting,boarding,Turkish,English,Biletimdeki isim yanlış yazılmış.,My name is misspelled on the ticket.,passenger,gate_agent,A2,neutral,"ticket,complaint"
complaints_and_problem_reporting,boarding,Turkish,English,Kartımda barkod okunmuyor.,The barcode on my pass is not readable.,passenger,gate_agent,A2,neutral,"boarding,ticket"
complaints_and_problem_reporting,boarding,Turkish,English,Biniş kapısını bulmakta zorlandım.,I had trouble finding the boarding gate.,passenger,gate_agent,A1,neutral,"gate,complaint"
complaints_and_problem_reporting,boarding,Turkish,English,Uçağımız neden gecikti?,Why was our flight delayed?,passenger,airport_staff,A1,neutral,"delay,flight"
complaints_and_problem_reporting,boarding,Turkish,English,Uçuş bilgisi sürekli değişiyor.,The flight information keeps changing.,passenger,airport_staff,A2,neutral,"flight,information"
complaints_and_problem_reporting,boarding,Turkish,English,Bize bekleme nedeni açıklanmadı.,No reason for the wait was explained to us.,passenger,gate_agent,B1,formal,"delay,complaint"
complaints_and_problem_reporting,boarding,Turkish,English,Kapıdaki ekran yanlış bilgi gösteriyor.,The screen at the gate is showing the wrong information.,passenger,airport_staff,A2,neutral,"information,gate"
complaints_and_problem_reporting,boarding,Turkish,English,Görevli benden tekrar tekrar belge istedi.,The agent asked me for the documents again and again.,passenger,airport_staff,B1,neutral,"documents,complaint"
complaints_and_problem_reporting,boarding,Turkish,English,Uçağa zamanında geldim ama kapı kapandı.,"I arrived on time, but the gate was closed.",passenger,gate_agent,A2,neutral,"boarding,complaint"
complaints_and_problem_reporting,cabin,Turkish,English,"Koltuğum bozuk, geriye yaslanmıyor.",My seat is broken and it does not recline.,passenger,cabin_crew,A2,polite,"seat,cabin"
complaints_and_problem_reporting,cabin,Turkish,English,Koltuk numaram yanlış verildi.,I was given the wrong seat number.,passenger,cabin_crew,A2,neutral,"seat,complaint"
complaints_and_problem_reporting,cabin,Turkish,English,Önümdeki koltuk çok fazla yatıyor.,The seat in front of me reclines too much.,passenger,cabin_crew,A2,neutral,"seat,comfort"
complaints_and_problem_reporting,cabin,Turkish,English,"Kemerim çalışmıyor, sıkamıyorum.","My seat belt is not working, and I cannot fasten it.",passenger,cabin_crew,A2,urgent,"seat belt,safety"
complaints_and_problem_reporting,cabin,Turkish,English,Havalandırma çok soğuk üflüyor.,The air vent is blowing very cold air.,passenger,cabin_crew,A1,neutral,"cabin,temperature"
complaints_and_problem_reporting,cabin,Turkish,English,Işık sürekli yanıp sönüyor.,The light keeps flickering.,passenger,cabin_crew,A1,neutral,"cabin,equipment"
complaints_and_problem_reporting,cabin,Turkish,English,"Masam kırık, kullanamıyorum.","My tray table is broken, and I cannot use it.",passenger,cabin_crew,A2,neutral,"seat,equipment"
complaints_and_problem_reporting,cabin,Turkish,English,Koltuk numaramı biri işgal etmiş.,Someone is sitting in my seat.,passenger,cabin_crew,A1,neutral,"seat,complaint"
complaints_and_problem_reporting,cabin,Turkish,English,Yanımdaki yolcu çok gürültü yapıyor.,The passenger next to me is being very noisy.,passenger,cabin_crew,A2,neutral,"passenger,noise"
complaints_and_problem_reporting,cabin,Turkish,English,Hostes bana yardımcı olmadı.,The flight attendant did not help me.,passenger,cabin_crew,A1,neutral,"crew,complaint"
complaints_and_problem_reporting,cabin,Turkish,English,"Kabin çok sıcak, rahatsız oldum.","The cabin is too hot, and I am uncomfortable.",passenger,cabin_crew,A2,neutral,"cabin,temperature"
complaints_and_problem_reporting,cabin,Turkish,English,Kabin ışıkları gece boyunca çok parlaktı.,The cabin lights were too bright during the night.,passenger,cabin_crew,B1,neutral,"cabin,light"
complaints_and_problem_reporting,cabin,Turkish,English,Yemek yanlış geldi.,The meal was delivered wrong.,passenger,cabin_crew,A1,neutral,"meal,complaint"
complaints_and_problem_reporting,cabin,Turkish,English,İkram için uzun süre bekledik.,We waited a long time for the meal service.,passenger,cabin_crew,A2,neutral,"service,delay"
complaints_and_problem_reporting,cabin,Turkish,English,Bana verilen battaniye kirliydi.,The blanket I was given was dirty.,passenger,cabin_crew,A2,neutral,"cleanliness,cabin"
complaints_and_problem_reporting,cabin,Turkish,English,Kulaklıklar çalışmıyor.,The headphones are not working.,passenger,cabin_crew,A1,neutral,"entertainment,equipment"
complaints_and_problem_reporting,cabin,Turkish,English,Ekranda sürekli hata mesajı çıkıyor.,An error message keeps appearing on the screen.,passenger,cabin_crew,A2,neutral,"entertainment,equipment"
complaints_and_problem_reporting,cabin,Turkish,English,"Pencere kenarımda boşluk var, soğuk geliyor.","There is a gap by my window, and cold air is coming in.",passenger,cabin_crew,B1,neutral,"window,cabin"
complaints_and_problem_reporting,cabin,Turkish,English,Koltuk cebinde çöp vardı.,There was trash in the seat pocket.,passenger,cabin_crew,A2,neutral,"cleanliness,cabin"
complaints_and_problem_reporting,cabin,Turkish,English,Bebekle oturuyorum ama yer çok dar.,"I am sitting with a baby, but the space is very small.",passenger,cabin_crew,B1,polite,"child,cabin"
complaints_and_problem_reporting,cabin,Turkish,English,Çocuğumun koltuğu benimkinden ayrı verildi.,My child's seat was assigned separately from mine.,passenger,cabin_crew,B1,polite,"child,seat"
complaints_and_problem_reporting,cabin,Turkish,English,Bana verilen su dökülmüş.,The water I was given spilled.,passenger,cabin_crew,A1,neutral,"service,complaint"
complaints_and_problem_reporting,cabin,Turkish,English,Tuvalet çok kirliydi.,The toilet was very dirty.,passenger,cabin_crew,A1,neutral,"toilet,cleanliness"
complaints_and_problem_reporting,cabin,Turkish,English,Tuvalette su yoktu.,There was no water in the toilet.,passenger,cabin_crew,A1,neutral,"toilet,facility"
complaints_and_problem_reporting,cabin,Turkish,English,Lavabo tıkalı görünüyor.,The sink seems to be blocked.,passenger,cabin_crew,A2,neutral,"toilet,facility"
complaints_and_problem_reporting,cabin,Turkish,English,Tuvalet sırası çok uzundu.,The line for the toilet was very long.,passenger,cabin_crew,A1,neutral,"toilet,delay"
complaints_and_problem_reporting,cabin,Turkish,English,Tuvalette sabun bitmiş.,The soap in the toilet has run out.,passenger,cabin_crew,A2,neutral,"toilet,facility"
complaints_and_problem_reporting,cabin,Turkish,English,Çantam üst bölmeye sığmadı.,My bag did not fit in the overhead bin.,passenger,cabin_crew,A2,neutral,"luggage,cabin"
complaints_and_problem_reporting,cabin,Turkish,English,El bagajım hasar gördü.,My carry-on luggage was damaged.,passenger,cabin_crew,A2,neutral,"luggage,damage"
complaints_and_problem_reporting,cabin,Turkish,English,Valizimi yanlışlıkla başka yere koymuşlar.,They put my suitcase in the wrong place by mistake.,passenger,cabin_crew,B1,neutral,"luggage,complaint"
complaints_and_problem_reporting,cabin,Turkish,English,Bagajımın üzerinde çizikler var.,There are scratches on my luggage.,passenger,cabin_crew,A2,neutral,"luggage,damage"
complaints_and_problem_reporting,cabin,Turkish,English,"Bavulum uçağa alınmadı, ama bana bilgi verilmedi.","My suitcase was not loaded onto the plane, but I was not informed.",passenger,cabin_crew,B1,neutral,"luggage,complaint"
complaints_and_problem_reporting,cabin,Turkish,English,Kayıp eşya hakkında şikayet etmek istiyorum.,I want to report a complaint about lost property.,passenger,cabin_crew,A2,formal,"lost item,complaint"
complaints_and_problem_reporting,cabin,Turkish,English,Bebeğimin çantası kayboldu.,My baby's bag is missing.,passenger,cabin_crew,A1,urgent,"child,luggage"
complaints_and_problem_reporting,cabin,Turkish,English,"Dizim için yer çok az, oturamıyorum.","There is very little legroom, and I cannot sit comfortably.",passenger,cabin_crew,B1,neutral,"seat,comfort"
complaints_and_problem_reporting,cabin,Turkish,English,Koltuk aralığı benim için yeterli değil.,The seat spacing is not enough for me.,passenger,cabin_crew,B1,neutral,"seat,comfort"
complaints_and_problem_reporting,cabin,Turkish,English,Yan koltuktaki yolcu kol dayanağını sürekli kullanıyor.,The passenger in the next seat keeps using the armrest.,passenger,cabin_crew,B1,neutral,"passenger,comfort"
complaints_and_problem_reporting,cabin,Turkish,English,Bana ayrılan yer dolu görünüyor.,The seat assigned to me appears to be occupied.,passenger,cabin_crew,A2,neutral,"seat,complaint"
complaints_and_problem_reporting,cabin,Turkish,English,Kabin ekibi sorumu yarım bıraktı.,The cabin crew left my question unfinished.,passenger,cabin_crew,B1,neutral,"crew,complaint"
complaints_and_problem_reporting,cabin,Turkish,English,Sorunumu kimseye anlatamadım.,I could not explain my problem to anyone.,passenger,cabin_crew,A2,neutral,"complaint,communication"
complaints_and_problem_reporting,cabin,Turkish,English,İnternet bağlantısı sürekli kopuyor.,The internet connection keeps dropping.,passenger,cabin_crew,A2,neutral,"wifi,complaint"
complaints_and_problem_reporting,cabin,Turkish,English,Uçuş içi eğlence sistemi çalışmıyor.,The in-flight entertainment system is not working.,passenger,cabin_crew,B1,neutral,"entertainment,equipment"
complaints_and_problem_reporting,cabin,Turkish,English,Şikayetimi yazılı olarak vermek istiyorum.,I want to make my complaint in writing.,passenger,cabin_crew,A2,formal,"complaint,process"
complaints_and_problem_reporting,cabin,Turkish,English,Bu durum benim için kabul edilemez.,This situation is unacceptable for me.,passenger,cabin_crew,B1,formal,"complaint,formal"
complaints_and_problem_reporting,cabin,Turkish,English,Daha önce yer ayırtmıştım ama koltuğum değişmiş.,"I had reserved a seat earlier, but my seat has changed.",passenger,cabin_crew,B1,neutral,"seat,reservation"
complaints_and_problem_reporting,cabin,Turkish,English,Koltuk kemeri çok kısa geldi.,The seat belt was too short for me.,passenger,cabin_crew,A2,neutral,"seat belt,complaint"
complaints_and_problem_reporting,cabin,Turkish,English,Kapıdan gelen ses rahatsız edici.,The noise from the door is disturbing.,passenger,cabin_crew,B1,neutral,"noise,cabin"
complaints_and_problem_reporting,cabin,Turkish,English,Eşyamı koyacak yer bulamadım.,I could not find a place to put my things.,passenger,cabin_crew,A1,neutral,"luggage,cabin"
complaints_and_problem_reporting,cabin,Turkish,English,Üst raf açılmıyor.,The overhead compartment will not open.,passenger,cabin_crew,A1,neutral,"overhead bin,equipment"
complaints_and_problem_reporting,cabin,Turkish,English,Bebek koltuğu hasarlı görünüyor.,The baby seat looks damaged.,passenger,cabin_crew,A2,urgent,"child,equipment"
complaints_and_problem_reporting,cabin,Turkish,English,Engelli yolcu olarak yeterli destek almadım.,"As a passenger with a disability, I did not receive enough assistance.",passenger,cabin_crew,B1,formal,"accessibility,complaint"
complaints_and_problem_reporting,cabin,Turkish,English,Tekerlekli sandalyem zamanında gelmedi.,My wheelchair did not arrive on time.,passenger,cabin_crew,A2,urgent,"accessibility,wheelchair"
complaints_and_problem_reporting,cabin,Turkish,English,İşitme yardım cihazım için kimse yardımcı olmadı.,No one helped me with my hearing assistance device.,passenger,cabin_crew,B1,neutral,"accessibility,health"
complaints_and_problem_reporting,cabin,Turkish,English,"Kısa bir açıklama yapıldı, ama anlamadım.","A brief explanation was given, but I did not understand it.",passenger,cabin_crew,A2,neutral,"communication,complaint"
complaints_and_problem_reporting,cabin,Turkish,English,Yemek seçeneğim yanlış verildi.,I was given the wrong meal option.,passenger,cabin_crew,A2,neutral,"meal,complaint"
complaints_and_problem_reporting,cabin,Turkish,English,Uçuş sırasında çocuk ağlıyor ama kimse ilgilenmiyor.,"A child is crying during the flight, but no one is helping.",passenger,cabin_crew,B1,neutral,"child,complaint"
complaints_and_problem_reporting,cabin,Turkish,English,Kabin ekibi beni yanlış anladı.,The cabin crew misunderstood me.,passenger,cabin_crew,A2,neutral,"communication,crew"
complaints_and_problem_reporting,cabin,Turkish,English,"Bir sorun var, ama kimse çağrıma gelmedi.","There is a problem, but no one came when I called.",passenger,cabin_crew,B1,urgent,"crew,complaint"
complaints_and_problem_reporting,baggage,Turkish,English,Valizim gelmedi.,My suitcase did not arrive.,passenger,airport_staff,A1,urgent,"baggage,lost"
complaints_and_problem_reporting,baggage,Turkish,English,Bagajım hasarlı çıktı.,My luggage arrived damaged.,passenger,airport_staff,A2,neutral,"baggage,damage"
complaints_and_problem_reporting,baggage,Turkish,English,Bagaj bandında bekledim ama çantam çıkmadı.,"I waited at the baggage belt, but my bag did not come out.",passenger,airport_staff,B1,neutral,"baggage,lost"
complaints_and_problem_reporting,baggage,Turkish,English,Yanlış valiz aldığımı fark ettim.,I realized I took the wrong suitcase.,passenger,airport_staff,A2,neutral,"baggage,mistake"
complaints_and_problem_reporting,baggage,Turkish,English,Etiketim düşmüş olabilir.,My tag may have fallen off.,passenger,airport_staff,A2,neutral,"baggage,tag"
complaints_and_problem_reporting,baggage,Turkish,English,Bagajımın içinden bir eşya eksik.,One item is missing from my luggage.,passenger,airport_staff,A2,formal,"baggage,lost item"
complaints_and_problem_reporting,baggage,Turkish,English,Çantamın fermuarı kırılmış.,The zipper on my bag is broken.,passenger,airport_staff,A1,neutral,"baggage,damage"
complaints_and_problem_reporting,baggage,Turkish,English,Bavulum başka yolcuya verilmiş olabilir.,My suitcase may have been given to another passenger.,passenger,airport_staff,B1,neutral,"baggage,lost"
complaints_and_problem_reporting,baggage,Turkish,English,Bavulumu kırık tekerlekle teslim aldım.,I received my suitcase with a broken wheel.,passenger,airport_staff,B1,neutral,"baggage,damage"
complaints_and_problem_reporting,baggage,Turkish,English,Bagajım çok geç geldi.,My baggage arrived very late.,passenger,airport_staff,A1,neutral,"baggage,delay"
complaints_and_problem_reporting,baggage,Turkish,English,El bagajım kapıda alındı ama açıklama yapılmadı.,"My carry-on was taken at the gate, but no explanation was given.",passenger,airport_staff,B1,neutral,"baggage,complaint"
complaints_and_problem_reporting,baggage,Turkish,English,Bagajımın ağırlığı hakkında yanlış bilgi verdiniz.,You gave me the wrong information about the baggage weight.,passenger,airport_staff,B1,neutral,"baggage,information"
complaints_and_problem_reporting,baggage,Turkish,English,Kayıp bagaj için hemen işlem başlatmak istiyorum.,I want to start a lost baggage report right away.,passenger,airport_staff,A2,urgent,"baggage,report"
complaints_and_problem_reporting,baggage,Turkish,English,Bagaj tesliminde sıra çok yavaştı.,The baggage delivery line was very slow.,passenger,airport_staff,A2,neutral,"baggage,delay"
complaints_and_problem_reporting,baggage,Turkish,English,Köpeğim için aldığım taşıma çantası zarar görmüş.,The carrier bag I bought for my dog was damaged.,passenger,airport_staff,B1,neutral,"pet,baggage"
complaints_and_problem_reporting,baggage,Turkish,English,Valizimin sapı kopmuş.,The handle of my suitcase has broken off.,passenger,airport_staff,A2,neutral,"baggage,damage"
complaints_and_problem_reporting,baggage,Turkish,English,Bagaj bandında isim etiketim görünmüyordu.,My name tag was not visible on the baggage belt.,passenger,airport_staff,B1,neutral,"baggage,tag"
complaints_and_problem_reporting,food,Turkish,English,Yemek bana uygun değildi.,The meal was not suitable for me.,passenger,cabin_crew,A2,neutral,"meal,complaint"
complaints_and_problem_reporting,food,Turkish,English,"Yemeğin içinde et vardı, ama ben istememiştim.","There was meat in the meal, but I had not asked for it.",passenger,cabin_crew,B1,neutral,"meal,diet"
complaints_and_problem_reporting,food,Turkish,English,Bana yanlış yemek verdiniz.,You gave me the wrong meal.,passenger,cabin_crew,A1,neutral,"meal,complaint"
complaints_and_problem_reporting,food,Turkish,English,Yemek çok soğuktu.,The food was very cold.,passenger,cabin_crew,A1,neutral,"meal,quality"
complaints_and_problem_reporting,food,Turkish,English,İçecek siparişim unutuldu.,My drink order was forgotten.,passenger,cabin_crew,A2,polite,"drink,complaint"
complaints_and_problem_reporting,food,Turkish,English,Çocuğum için uygun yemek verilmedi.,No suitable meal was given for my child.,passenger,cabin_crew,B1,polite,"child,meal"
complaints_and_problem_reporting,food,Turkish,English,Yemekte alerjen olabilir mi?,Could there be an allergen in the meal?,passenger,cabin_crew,A2,urgent,"allergy,meal"
complaints_and_problem_reporting,food,Turkish,English,Özel yemeğim gelmedi.,My special meal did not come.,passenger,cabin_crew,A1,neutral,"meal,special meal"
complaints_and_problem_reporting,food,Turkish,English,İkram edilen ürün bayattı.,The snack that was served was stale.,passenger,cabin_crew,A2,neutral,"snack,quality"
complaints_and_problem_reporting,food,Turkish,English,Su istemiştim ama çay getirdiniz.,"I asked for water, but you brought tea.",passenger,cabin_crew,A2,neutral,"drink,complaint"
complaints_and_problem_reporting,food,Turkish,English,Menüde yazan seçenek kalmamış.,The option listed on the menu is no longer available.,passenger,cabin_crew,B1,neutral,"menu,complaint"
complaints_and_problem_reporting,food,Turkish,English,Yemek dağıtımı çok düzensizdi.,The meal service was very disorganized.,passenger,cabin_crew,B1,neutral,"meal,service"
complaints_and_problem_reporting,food,Turkish,English,Bana verilen bardak kirliydi.,The cup I was given was dirty.,passenger,cabin_crew,A2,neutral,"cleanliness,drink"
complaints_and_problem_reporting,food,Turkish,English,Yemeğin kokusu bana iyi gelmedi.,The smell of the food did not agree with me.,passenger,cabin_crew,B1,polite,"meal,health"
complaints_and_problem_reporting,food,Turkish,English,Çocuğum aç kaldı çünkü yemek gelmedi.,My child was left hungry because the meal did not come.,passenger,cabin_crew,B1,urgent,"child,meal"
complaints_and_problem_reporting,delay,Turkish,English,Uçuşumuz sürekli erteleniyor.,Our flight keeps being delayed.,passenger,airport_staff,A2,neutral,"delay,flight"
complaints_and_problem_reporting,delay,Turkish,English,Neden hiç net bilgi yok?,Why is there no clear information?,passenger,airport_staff,A1,neutral,"information,complaint"
complaints_and_problem_reporting,delay,Turkish,English,Uçuş saatimiz değişti ama mesaj almadım.,"Our flight time changed, but I did not receive a message.",passenger,airport_staff,B1,neutral,"delay,notification"
complaints_and_problem_reporting,delay,Turkish,English,Bizi çok uzun süre beklettiniz.,You kept us waiting for a very long time.,passenger,airport_staff,A2,neutral,"delay,complaint"
complaints_and_problem_reporting,delay,Turkish,English,Uçuşun iptal edildiğini son dakika öğrendim.,I found out at the last minute that the flight was canceled.,passenger,airport_staff,B1,neutral,"cancellation,complaint"
complaints_and_problem_reporting,delay,Turkish,English,Bekleme alanında yeterli bilgi yoktu.,There was not enough information in the waiting area.,passenger,airport_staff,B1,neutral,"waiting area,information"
complaints_and_problem_reporting,delay,Turkish,English,Gecikme için bir açıklama istiyorum.,I would like an explanation for the delay.,passenger,airport_staff,A2,polite,"delay,complaint"
complaints_and_problem_reporting,delay,Turkish,English,Biletim bir sonraki uçuşa aktarılmadı.,My ticket was not transferred to the next flight.,passenger,airport_staff,B1,neutral,"ticket,delay"
complaints_and_problem_reporting,delay,Turkish,English,Uçuş kapısında plan değişikliği oldu.,There was a schedule change at the boarding gate.,passenger,airport_staff,B1,neutral,"gate,delay"
complaints_and_problem_reporting,delay,Turkish,English,Bu kadar gecikme kabul edilemez.,This much delay is unacceptable.,passenger,airport_staff,A2,formal,"delay,complaint"
complaints_and_problem_reporting,delay,Turkish,English,Bağlantılı uçuşumu kaçıracağım.,I will miss my connecting flight.,passenger,airport_staff,A2,urgent,"connection,delay"
complaints_and_problem_reporting,delay,Turkish,English,Bize yeni kalkış saati söylenmedi.,We were not told the new departure time.,passenger,airport_staff,B1,neutral,"delay,information"
complaints_and_problem_reporting,delay,Turkish,English,"Bekleme çok uzadı, lütfen bir şey yapın.","The wait has become too long, please do something.",passenger,airport_staff,B1,urgent,"delay,complaint"
complaints_and_problem_reporting,delay,Turkish,English,Kapıda sürekli farklı anons yapılıyor.,Different announcements keep being made at the gate.,passenger,airport_staff,B1,neutral,"announcement,gate"
complaints_and_problem_reporting,delay,Turkish,English,Ne zaman kalkacağımızı bilmek istiyorum.,I want to know when we will depart.,passenger,airport_staff,A1,neutral,"departure,delay"
complaints_and_problem_reporting,delay,Turkish,English,Uçuş gecikmesi yüzünden planım bozuldu.,My plans were disrupted because of the flight delay.,passenger,airport_staff,B1,neutral,"delay,complaint"
complaints_and_problem_reporting,delay,Turkish,English,Bizi neden uçağa almıyorsunuz?,Why are you not letting us board the plane?,passenger,gate_agent,A2,urgent,"boarding,delay"
complaints_and_problem_reporting,health,Turkish,English,Kendimi iyi hissetmiyorum.,I do not feel well.,passenger,cabin_crew,A1,urgent,"health,urgent"
complaints_and_problem_reporting,health,Turkish,English,"Başım ağrıyor, yardım eder misiniz?",I have a headache. Can you help me?,passenger,cabin_crew,A1,polite,"health,help"
complaints_and_problem_reporting,health,Turkish,English,Nefes almakta zorlanıyorum.,I am having trouble breathing.,passenger,cabin_crew,A1,urgent,"health,emergency"
complaints_and_problem_reporting,health,Turkish,English,"Midem bulandı, tuvalete gitmem gerekiyor.","I feel sick to my stomach, and I need to go to the toilet.",passenger,cabin_crew,A2,urgent,"health,toilet"
complaints_and_problem_reporting,health,Turkish,English,"Alerjim var, ama uyarıma rağmen yanlış yiyecek verdiler.","I have an allergy, but they gave me the wrong food despite my warning.",passenger,cabin_crew,B1,urgent,"allergy,meal"
complaints_and_problem_reporting,health,Turkish,English,İlacım valizimde kaldı.,My medicine is in my suitcase.,passenger,cabin_crew,A1,urgent,"medicine,baggage"
complaints_and_problem_reporting,health,Turkish,English,Çocuğum hasta gibi görünüyor.,My child seems to be sick.,passenger,cabin_crew,A1,urgent,"child,health"
complaints_and_problem_reporting,health,Turkish,English,Uçuş sırasında bayılacak gibi oldum.,I felt like I might faint during the flight.,passenger,cabin_crew,B1,urgent,"health,emergency"
complaints_and_problem_reporting,health,Turkish,English,Göğsümde sıkışma var.,I have tightness in my chest.,passenger,cabin_crew,A2,urgent,"health,emergency"
complaints_and_problem_reporting,health,Turkish,English,Yanımda su yok ve ilaç almam gerekiyor.,"I do not have any water, and I need to take my medicine.",passenger,cabin_crew,B1,urgent,"medicine,water"
complaints_and_problem_reporting,health,Turkish,English,Bu koltukta oturmak beni daha kötü hissettiriyor.,Sitting in this seat is making me feel worse.,passenger,cabin_crew,B1,urgent,"health,seat"
complaints_and_problem_reporting,health,Turkish,English,"Kusma hissim var, yardım isterim.","I feel like I may vomit, and I need help.",passenger,cabin_crew,A2,urgent,"health,urgent"
complaints_and_problem_reporting,health,Turkish,English,Tansiyonum düşmüş olabilir.,My blood pressure may have dropped.,passenger,cabin_crew,B1,urgent,"health,emergency"
complaints_and_problem_reporting,health,Turkish,English,Bana ilk yardım gerekir.,I need first aid.,passenger,cabin_crew,A1,urgent,"health,emergency"
complaints_and_problem_reporting,health,Turkish,English,Çocuğumun ateşi var gibi.,My child seems to have a fever.,passenger,cabin_crew,A2,urgent,"child,health"
complaints_and_problem_reporting,health,Turkish,English,Sol kolumda uyuşma var.,I have numbness in my left arm.,passenger,cabin_crew,B1,urgent,"health,emergency"
complaints_and_problem_reporting,accessibility,Turkish,English,Yardım talebim kayda alınmamış.,My assistance request was not recorded.,passenger,airport_staff,B1,neutral,"accessibility,complaint"
complaints_and_problem_reporting,accessibility,Turkish,English,Tekerlekli sandalye desteği gelmedi.,The wheelchair assistance did not come.,passenger,airport_staff,A2,urgent,"accessibility,wheelchair"
complaints_and_problem_reporting,accessibility,Turkish,English,Bana ayrılan yardım personeli yoktu.,There was no staff assigned to help me.,passenger,airport_staff,B1,neutral,"accessibility,staff"
complaints_and_problem_reporting,accessibility,Turkish,English,İşaretler benim için yeterince net değildi.,The signs were not clear enough for me.,passenger,airport_staff,B1,neutral,"accessibility,signage"
complaints_and_problem_reporting,accessibility,Turkish,English,Asansör çalışmadığı için zorlandım.,I had trouble because the elevator was not working.,passenger,airport_staff,A2,neutral,"accessibility,facility"
complaints_and_problem_reporting,accessibility,Turkish,English,Bana uygun tuvalet kapalıydı.,The accessible toilet was closed.,passenger,airport_staff,A2,neutral,"accessibility,toilet"
complaints_and_problem_reporting,accessibility,Turkish,English,Rehber köpek için izin verilmedi.,Permission was not given for my guide dog.,passenger,airport_staff,B1,formal,"accessibility,pet"
complaints_and_problem_reporting,accessibility,Turkish,English,Tekerlekli sandalyemle kapıdan geçemedim.,I could not get through the gate with my wheelchair.,passenger,airport_staff,B1,urgent,"accessibility,wheelchair"
complaints_and_problem_reporting,accessibility,Turkish,English,Bana ayrılan koltuk erişilebilir değildi.,The seat assigned to me was not accessible.,passenger,cabin_crew,B1,neutral,"accessibility,seat"
complaints_and_problem_reporting,accessibility,Turkish,English,Öncelikli biniş hakkım vardı ama bekletildim.,"I had priority boarding, but I was made to wait.",passenger,gate_agent,B1,neutral,"accessibility,boarding"
complaints_and_problem_reporting,accessibility,Turkish,English,Bana verilen yardım yeterli olmadı.,The assistance I was given was not enough.,passenger,airport_staff,A2,formal,"accessibility,complaint"
complaints_and_problem_reporting,accessibility,Turkish,English,İşitme cihazım için duyuru çok hızlı yapıldı.,The announcement was made too quickly for my hearing aid.,passenger,cabin_crew,B1,neutral,"accessibility,announcement"
complaints_and_problem_reporting,pet,Turkish,English,Evcil hayvanım için sorun çıktı.,There was a problem with my pet.,passenger,airport_staff,A2,neutral,"pet,complaint"
complaints_and_problem_reporting,pet,Turkish,English,Köpeğimin kafesi hasarlı.,My dog's carrier is damaged.,passenger,airport_staff,A1,neutral,"pet,damage"
complaints_and_problem_reporting,pet,Turkish,English,Kedim için önceden bildirim yapmıştım.,I had notified you in advance about my cat.,passenger,airport_staff,B1,neutral,"pet,notification"
complaints_and_problem_reporting,pet,Turkish,English,Pet taşıma kuralları bana yanlış anlatıldı.,The pet transport rules were explained to me incorrectly.,passenger,airport_staff,B1,neutral,"pet,rules"
complaints_and_problem_reporting,pet,Turkish,English,"Hayvanım çok stresli, yardım eder misiniz?",My animal is very stressed. Can you help?,passenger,cabin_crew,A2,urgent,"pet,help"
complaints_and_problem_reporting,pet,Turkish,English,Kafes için yer ayırmadınız.,You did not reserve space for the carrier.,passenger,cabin_crew,B1,neutral,"pet,seat"
complaints_and_problem_reporting,pet,Turkish,English,Köpeğimin su kabı kırıldı.,My dog's water bowl is broken.,passenger,cabin_crew,A2,neutral,"pet,equipment"
complaints_and_problem_reporting,pet,Turkish,English,Evcil hayvanım uçuştan önce çok bekledi.,My pet waited for a very long time before the flight.,passenger,airport_staff,B1,neutral,"pet,delay"
complaints_and_problem_reporting,pet,Turkish,English,Bu gecikme hayvanımı zorladı.,This delay made it hard on my animal.,passenger,airport_staff,B1,neutral,"pet,delay"
complaints_and_problem_reporting,pet,Turkish,English,Taşıma çantası kabine sığmıyor.,The carrier bag does not fit in the cabin.,passenger,cabin_crew,A2,neutral,"pet,cabin"
complaints_and_problem_reporting,pet,Turkish,English,Pet için izin belgem kabul edilmedi.,My pet permit was not accepted.,passenger,airport_staff,B1,neutral,"pet,documents"
complaints_and_problem_reporting,pet,Turkish,English,Hayvanımın uçuş kaydı bulunamadı.,There is no record of my animal's flight booking.,passenger,airport_staff,B1,urgent,"pet,booking"
complaints_and_problem_reporting,general,Turkish,English,Şikayetimi nereye iletebilirim?,Where can I submit my complaint?,passenger,airport_staff,A1,polite,"complaint,process"
complaints_and_problem_reporting,general,Turkish,English,"Bir sorun var, lütfen beni dinleyin.",There is a problem. Please listen to me.,passenger,airport_staff,A2,urgent,"complaint,help"
complaints_and_problem_reporting,general,Turkish,English,Bu durumdan memnun değilim.,I am not satisfied with this situation.,passenger,airport_staff,A1,formal,"complaint,formal"
complaints_and_problem_reporting,general,Turkish,English,Bize doğru bilgi verilmedi.,We were not given the correct information.,passenger,airport_staff,B1,neutral,"information,complaint"
complaints_and_problem_reporting,general,Turkish,English,Sorunum hâlâ çözülmedi.,My problem still has not been solved.,passenger,airport_staff,A2,neutral,"complaint,resolution"
complaints_and_problem_reporting,general,Turkish,English,Lütfen bir amir çağırın.,Please call a supervisor.,passenger,airport_staff,A1,urgent,"complaint,supervisor"
complaints_and_problem_reporting,general,Turkish,English,Sizden açıklama bekliyorum.,I am waiting for an explanation from you.,passenger,airport_staff,A2,formal,"complaint,explanation"
complaints_and_problem_reporting,general,Turkish,English,Beni neden başka yere yönlendirdiniz?,Why did you direct me somewhere else?,passenger,airport_staff,A2,neutral,"complaint,direction"
complaints_and_problem_reporting,general,Turkish,English,Şikayet kaydı oluşturmak istiyorum.,I want to file a complaint report.,passenger,airport_staff,A2,formal,"complaint,report"
complaints_and_problem_reporting,general,Turkish,English,Bu hizmet beklentimi karşılamadı.,This service did not meet my expectations.,passenger,airport_staff,B1,formal,"complaint,service"
complaints_and_problem_reporting,general,Turkish,English,Sorunumu hemen çözebilir misiniz?,Can you solve my problem right away?,passenger,airport_staff,A2,urgent,"complaint,help"
complaints_and_problem_reporting,general,Turkish,English,Bu konuda yanlış yönlendirildim.,I was misinformed about this.,passenger,airport_staff,B1,neutral,"complaint,information"
complaints_and_problem_reporting,general,Turkish,English,Bizi mağdur ettiniz.,You have put us in a difficult position.,passenger,airport_staff,B1,formal,"complaint,formal"
complaints_and_problem_reporting,general,Turkish,English,Uçuş sırasında birkaç kez şikayet ettim.,I complained several times during the flight.,passenger,airport_staff,B1,neutral,"complaint,flight"
complaints_and_problem_reporting,general,Turkish,English,Bu hatayı kim yaptı?,Who made this mistake?,passenger,airport_staff,A1,neutral,"complaint,mistake"
complaints_and_problem_reporting,general,Turkish,English,Bana tekrar yardımcı olur musunuz?,Can you help me again?,passenger,airport_staff,A1,polite,"help,complaint"
complaints_and_problem_reporting,general,Turkish,English,Sorun bildirimi için form istiyorum.,I would like a form for reporting the issue.,passenger,airport_staff,B1,formal,"complaint,form"
complaints_and_problem_reporting,general,Turkish,English,Şikayetimi kaydedin lütfen.,Please record my complaint.,passenger,airport_staff,A1,formal,"complaint,report"
complaints_and_problem_reporting,general,Turkish,English,Bize yanlış kapıyı söylediniz.,You told us the wrong gate.,passenger,airport_staff,A2,neutral,"gate,complaint"
complaints_and_problem_reporting,general,Turkish,English,Uçuştaki bu sorun için özür bekliyorum.,I expect an apology for this problem on the flight.,passenger,airport_staff,B1,formal,"complaint,service"
complaints_and_problem_reporting,general,Turkish,English,Bana göre bu kabul edilemez bir durum.,"In my view, this is unacceptable.",passenger,airport_staff,B1,formal,"complaint,formal"
complaints_and_problem_reporting,general,Turkish,English,Sorunumuzu ciddiye almanızı istiyorum.,I want you to take our problem seriously.,passenger,airport_staff,B1,formal,"complaint,serious"
complaints_and_problem_reporting,general,Turkish,English,Bu bilgi çok karışıktı.,This information was very confusing.,passenger,airport_staff,A2,neutral,"information,complaint"
complaints_and_problem_reporting,general,Turkish,English,Bana daha net bir açıklama yapın.,Please give me a clearer explanation.,passenger,airport_staff,A2,polite,"information,help"
complaints_and_problem_reporting,general,Turkish,English,Görevli beni azarladı.,The staff member scolded me.,passenger,airport_staff,A2,neutral,"staff,complaint"
complaints_and_problem_reporting,general,Turkish,English,"Yolcular arasında tartışma çıktı, ama kimse müdahale etmedi.","A dispute broke out among the passengers, but no one intervened.",passenger,cabin_crew,B1,neutral,"complaint,safety"
complaints_and_problem_reporting,general,Turkish,English,Bu uçuşla ilgili şikayetimi yazmak istiyorum.,I want to write down my complaint about this flight.,passenger,airport_staff,A2,formal,"complaint,flight"
complaints_and_problem_reporting,general,Turkish,English,Benden fazla ücret aldınız.,You charged me extra.,passenger,airport_staff,A1,neutral,"payment,complaint"
complaints_and_problem_reporting,general,Turkish,English,Yanlış işlem yapıldı gibi görünüyor.,It looks like a wrong process was done.,passenger,airport_staff,B1,neutral,"process,complaint"
complaints_and_problem_reporting,general,Turkish,English,Bize kimse geri dönmedi.,No one got back to us.,passenger,airport_staff,A2,neutral,"complaint,follow-up"
complaints_and_problem_reporting,general,Turkish,English,Sorunun çözümü için ne kadar bekleyeceğim?,How long will I have to wait for the issue to be resolved?,passenger,airport_staff,B1,neutral,"complaint,wait"
complaints_and_problem_reporting,general,Turkish,English,Bana yardımcı olmayan personeli şikayet etmek istiyorum.,I want to complain about the staff member who did not help me.,passenger,airport_staff,B1,formal,"staff,complaint"
complaints_and_problem_reporting,general,Turkish,English,Uçağa alınma biçiminden memnun değilim.,I am not happy with the way boarding was handled.,passenger,airport_staff,B1,formal,"boarding,complaint"
complaints_and_problem_reporting,general,Turkish,English,Bana verilen cevap yeterli değildi.,The answer I was given was not sufficient.,passenger,airport_staff,A2,neutral,"complaint,information"
complaints_and_problem_reporting,general,Turkish,English,Sorun çıktığında kimse açıklama yapmadı.,"When the problem came up, no one gave an explanation.",passenger,airport_staff,B1,neutral,"complaint,information"
complaints_and_problem_reporting,general,Turkish,English,Şikayetim kabul edildi mi?,Has my complaint been accepted?,passenger,airport_staff,A1,neutral,"complaint,process"
complaints_and_problem_reporting,general,Turkish,English,Buna hemen çözüm bulunmasını istiyorum.,I want this resolved immediately.,passenger,airport_staff,A2,urgent,"complaint,urgent"
complaints_and_problem_reporting,general,Turkish,English,Lütfen beni doğru birime yönlendirin.,Please direct me to the right department.,passenger,airport_staff,A2,polite,"complaint,direction"
complaints_and_problem_reporting,general,Turkish,English,Uçuş personeli beni yanlış bilgilendirdi.,The flight staff gave me incorrect information.,passenger,airport_staff,B1,neutral,"staff,complaint"
complaints_and_problem_reporting,general,Turkish,English,Bu şikayeti yazılı olarak kaydedin.,Please record this complaint in writing.,passenger,airport_staff,B1,formal,"complaint,record"
complaints_and_problem_reporting,general,Turkish,English,Sorunumuz uçuş boyunca devam etti.,Our problem continued throughout the flight.,passenger,airport_staff,B1,neutral,"complaint,flight"
complaints_and_problem_reporting,general,Turkish,English,Kusura bakmayın ama bu yeterli değil.,"Sorry, but this is not enough.",passenger,airport_staff,B1,polite,"complaint,response"
complaints_and_problem_reporting,general,Turkish,English,Bu konuda resmi şikayet yapacağım.,I will make an official complaint about this.,passenger,airport_staff,B1,formal,"complaint,official"
complaints_and_problem_reporting,general,Turkish,English,Sorunumu çözmeden beni göndermeyin.,Do not send me away before solving my problem.,passenger,airport_staff,B1,urgent,"complaint,urgent"
complaints_and_problem_reporting,general,Turkish,English,Bana yanlış bilet işlemi yaptınız.,You processed my ticket incorrectly.,passenger,airport_staff,B1,neutral,"ticket,complaint"
complaints_and_problem_reporting,general,Turkish,English,Bu konuyu üst yetkiliye iletin.,Please escalate this to a supervisor.,passenger,airport_staff,A2,formal,"complaint,escalation"
complaints_and_problem_reporting,general,Turkish,English,Şikayetim için bir kayıt numarası istiyorum.,I want a reference number for my complaint.,passenger,airport_staff,B1,formal,"complaint,reference"
complaints_and_problem_reporting,general,Turkish,English,"Lütfen söylediklerimi tekrar etmeyin, sadece not alın.","Please do not repeat what I said, just take note of it.",passenger,airport_staff,B1,neutral,"complaint,process"
complaints_and_problem_reporting,general,Turkish,English,Bu yolculukta çok fazla sorun yaşadım.,I had too many problems on this trip.,passenger,airport_staff,A2,neutral,"complaint,trip"
complaints_and_problem_reporting,general,Turkish,English,Şikayetimi ciddiye almadınız.,You did not take my complaint seriously.,passenger,airport_staff,A2,neutral,"complaint,serious"
complaints_and_problem_reporting,general,Turkish,English,Bundan sonra ne yapmalıyım?,What should I do next?,passenger,airport_staff,A1,neutral,"complaint,next step"
complaints_and_problem_reporting,general,Turkish,English,Bu mesele için yazılı cevap istiyorum.,I want a written response to this issue.,passenger,airport_staff,B1,formal,"complaint,response"
accessibility_and_special_assistance,wheelchair assistance,English,Turkish,Can someone help me to my gate?,Beni kapıma kadar biri götürebilir mi?,passenger,airport_staff,A1,polite,"accessibility,gate,assistance"
accessibility_and_special_assistance,boarding assistance,English,Turkish,I need help boarding the plane.,Uçağa binmek için yardıma ihtiyacım var.,passenger,cabin_crew,A1,polite,"boarding,assistance,airplane"
accessibility_and_special_assistance,boarding assistance,English,Turkish,Please arrange assistance for boarding.,Lütfen biniş için yardım ayarlayın.,passenger,airport_staff,A2,polite,"boarding,assistance,staff"
accessibility_and_special_assistance,mobility aid,English,Turkish,I use a wheelchair.,Tekerlekli sandalye kullanıyorum.,passenger,cabin_crew,A1,neutral,"wheelchair,mobility,accessibility"
accessibility_and_special_assistance,mobility aid,English,Turkish,My wheelchair is foldable.,Tekerlekli sandalyem katlanabilir.,passenger,airport_staff,A2,neutral,"wheelchair,mobility,baggage"
accessibility_and_special_assistance,mobility aid,English,Turkish,I need an aisle seat.,Koridor tarafında bir koltuğa ihtiyacım var.,passenger,airport_staff,A1,polite,"seat,accessibility,aisle"
accessibility_and_special_assistance,mobility aid,English,Turkish,Please give me a seat near the front.,Lütfen bana öne yakın bir koltuk verin.,passenger,airport_staff,A2,polite,"seat,boarding,accessibility"
accessibility_and_special_assistance,mobility aid,English,Turkish,I cannot walk far.,Uzak yürüyemiyorum.,passenger,airport_staff,A1,neutral,"mobility,assistance"
accessibility_and_special_assistance,mobility aid,English,Turkish,I have difficulty standing for long periods.,Uzun süre ayakta kalmakta zorlanıyorum.,passenger,airport_staff,A2,neutral,"mobility,standing,accessibility"
accessibility_and_special_assistance,boarding assistance,English,Turkish,Can I board early?,Erken binebilir miyim?,passenger,gate_agent,A1,polite,"boarding,priority,accessibility"
accessibility_and_special_assistance,boarding assistance,English,Turkish,Do you offer priority boarding?,Öncelikli biniş hizmetiniz var mı?,passenger,gate_agent,A2,polite,"priority_boarding,boarding,accessibility"
accessibility_and_special_assistance,boarding assistance,English,Turkish,Please wait for me at the gate.,Lütfen beni kapıda bekleyin.,passenger,airport_staff,A2,polite,"gate,assistance,boarding"
accessibility_and_special_assistance,boarding assistance,English,Turkish,I need a ramp to board.,Biniş için rampaya ihtiyacım var.,passenger,airport_staff,A1,neutral,"ramp,boarding,accessibility"
accessibility_and_special_assistance,boarding assistance,English,Turkish,Is there a lift to the aircraft?,Uçağa kadar asansör var mı?,passenger,airport_staff,A2,polite,"lift,boarding,accessibility"
accessibility_and_special_assistance,boarding assistance,English,Turkish,Can you help me get to the aircraft door?,Beni uçak kapısına kadar götürebilir misiniz?,passenger,airport_staff,A2,polite,"aircraft_door,assistance,boarding"
accessibility_and_special_assistance,boarding assistance,English,Turkish,I need assistance from the gate to the seat.,Kapıdan koltuğa kadar yardıma ihtiyacım var.,passenger,cabin_crew,A2,polite,"gate,seat,assistance"
accessibility_and_special_assistance,crew support,English,Turkish,We can assist you with boarding.,Biniş konusunda size yardımcı olabiliriz.,cabin_crew,passenger,A1,reassuring,"crew,boarding,assistance"
accessibility_and_special_assistance,crew support,English,Turkish,"Please wait here, and we will help you.","Lütfen burada bekleyin, size yardımcı olacağız.",cabin_crew,passenger,A1,reassuring,"crew,waiting,help"
accessibility_and_special_assistance,crew support,English,Turkish,I will arrange a wheelchair for you.,Sizin için bir tekerlekli sandalye ayarlayacağım.,airport_staff,passenger,A2,reassuring,"wheelchair,staff,arrangement"
accessibility_and_special_assistance,crew support,English,Turkish,We have a wheelchair ready.,Tekerlekli sandalye hazır.,airport_staff,passenger,A1,neutral,"wheelchair,ready,staff"
accessibility_and_special_assistance,crew support,English,Turkish,Follow me to the accessible gate.,Benimle erişilebilir kapıya gelin.,airport_staff,passenger,A2,neutral,"accessible,gate,direction"
accessibility_and_special_assistance,seat assistance,English,Turkish,Can I sit in the aisle seat?,Koridor tarafındaki koltuğa oturabilir miyim?,passenger,cabin_crew,A1,polite,"seat,aisle,accessibility"
accessibility_and_special_assistance,seat assistance,English,Turkish,I need a seat with extra legroom.,Diz mesafesi geniş bir koltuğa ihtiyacım var.,passenger,airport_staff,A2,polite,"seat,legroom,accessibility"
accessibility_and_special_assistance,seat assistance,English,Turkish,Please move me closer to the toilet.,Lütfen beni tuvalete daha yakın bir yere alın.,passenger,cabin_crew,A2,polite,"seat,toilet,accessibility"
accessibility_and_special_assistance,seat assistance,English,Turkish,I cannot climb over other passengers.,Diğer yolcuların üzerinden geçemem.,passenger,cabin_crew,A2,neutral,"seat,mobility,accessibility"
accessibility_and_special_assistance,seat assistance,English,Turkish,My seat assignment is not suitable.,Koltuk atamam uygun değil.,passenger,gate_agent,A2,polite,"seat,assignment,accessibility"
accessibility_and_special_assistance,seat assistance,English,Turkish,Can I have a seat with an armrest?,Kolçaklı bir koltuk alabilir miyim?,passenger,gate_agent,A2,polite,"seat,armrest,accessibility"
accessibility_and_special_assistance,seat assistance,English,Turkish,I need help fastening my seat belt.,Emniyet kemerimi takmak için yardıma ihtiyacım var.,passenger,cabin_crew,A2,polite,"seat_belt,assistance,cabin"
accessibility_and_special_assistance,seat assistance,English,Turkish,Please check if my seat belt is secure.,Lütfen emniyet kemerimin güvenli olup olmadığını kontrol edin.,passenger,cabin_crew,A2,polite,"seat_belt,safety,crew"
accessibility_and_special_assistance,visual impairment,English,Turkish,I am visually impaired.,Görme engelliyim.,passenger,airport_staff,A1,neutral,"visual_impairment,accessibility"
accessibility_and_special_assistance,visual impairment,English,Turkish,Please guide me to the counter.,Lütfen beni kontuara yönlendirin.,passenger,airport_staff,A2,polite,"guidance,counter,accessibility"
accessibility_and_special_assistance,visual impairment,English,Turkish,Can you read the gate number for me?,Kapı numarasını benim için okuyabilir misiniz?,passenger,airport_staff,A2,polite,"visual_impairment,gate,assistance"
accessibility_and_special_assistance,visual impairment,English,Turkish,I need help finding my seat.,Koltuk numaramı bulmak için yardıma ihtiyacım var.,passenger,cabin_crew,A1,polite,"seat,guidance,accessibility"
accessibility_and_special_assistance,visual impairment,English,Turkish,Please describe the safety card to me.,Lütfen güvenlik kartını bana anlatın.,passenger,cabin_crew,A2,polite,"safety_card,visual_impairment,crew"
accessibility_and_special_assistance,visual impairment,English,Turkish,Tell me when we reach the gate.,Kapıya ulaştığımızda bana söyleyin.,passenger,airport_staff,A1,polite,"gate,notification,accessibility"
accessibility_and_special_assistance,hearing impairment,English,Turkish,I am hard of hearing.,İşitme güçlüğüm var.,passenger,cabin_crew,A1,neutral,"hearing,accessibility"
accessibility_and_special_assistance,hearing impairment,English,Turkish,Please speak slowly.,Lütfen yavaş konuşun.,passenger,cabin_crew,A1,polite,"hearing,communication,accessibility"
accessibility_and_special_assistance,hearing impairment,English,Turkish,Please write it down for me.,Lütfen bunu benim için yazın.,passenger,airport_staff,A1,polite,"hearing,written_communication,accessibility"
accessibility_and_special_assistance,hearing impairment,English,Turkish,Can you repeat that more clearly?,Bunu daha net tekrar eder misiniz?,passenger,cabin_crew,A2,polite,"hearing,repeat,communication"
accessibility_and_special_assistance,hearing impairment,English,Turkish,I cannot hear the announcement.,Anonsu duyamıyorum.,passenger,airport_staff,A1,neutral,"announcement,hearing,accessibility"
accessibility_and_special_assistance,hearing impairment,English,Turkish,Please point to my gate on the board.,Lütfen panoda kapımı gösterin.,passenger,airport_staff,A2,polite,"gate,board,accessibility"
accessibility_and_special_assistance,communication aid,English,Turkish,Can I get written instructions?,Yazılı talimat alabilir miyim?,passenger,cabin_crew,A2,polite,"instructions,written,accessibility"
accessibility_and_special_assistance,communication aid,English,Turkish,Please use simple words.,Lütfen basit kelimeler kullanın.,passenger,airport_staff,A1,polite,"communication,simple_language,accessibility"
accessibility_and_special_assistance,communication aid,English,Turkish,I need a sign language interpreter.,İşaret dili tercümanına ihtiyacım var.,passenger,airport_staff,A2,polite,"sign_language,interpreter,accessibility"
accessibility_and_special_assistance,communication aid,English,Turkish,Do you have text messages for updates?,Güncellemeler için mesaj hizmetiniz var mı?,passenger,airport_staff,A2,polite,"text_messages,updates,accessibility"
accessibility_and_special_assistance,communication aid,English,Turkish,Please explain the delay to me.,Lütfen gecikmeyi bana açıklayın.,passenger,gate_agent,A2,polite,"delay,communication,accessibility"
accessibility_and_special_assistance,communication aid,English,Turkish,I need help understanding the boarding call.,Biniş anonsunu anlamak için yardıma ihtiyacım var.,passenger,airport_staff,A2,polite,"boarding_call,hearing,accessibility"
accessibility_and_special_assistance,service animal,English,Turkish,I am traveling with a service dog.,Rehber köpeğimle seyahat ediyorum.,passenger,airport_staff,A1,neutral,"service_dog,accessibility"
accessibility_and_special_assistance,service animal,English,Turkish,My service dog needs to stay with me.,Rehber köpeğim yanımda kalmalı.,passenger,cabin_crew,A2,polite,"service_dog,cabin,accessibility"
accessibility_and_special_assistance,service animal,English,Turkish,Do you need my service animal documents?,Hizmet hayvanı belgelerimi ister misiniz?,passenger,airport_staff,A2,polite,"service_animal,documents,accessibility"
accessibility_and_special_assistance,service animal,English,Turkish,Please tell me where the pet relief area is.,Lütfen evcil hayvan dinlenme alanının nerede olduğunu söyleyin.,passenger,airport_staff,A2,polite,"service_animal,pet_relief,accessibility"
accessibility_and_special_assistance,service animal,English,Turkish,I need space for my service dog under the seat.,Koltuk altında rehber köpeğim için yer lazım.,passenger,cabin_crew,A2,polite,"service_dog,seat_space,accessibility"
accessibility_and_special_assistance,service animal,English,Turkish,We will keep your service dog with you.,Rehber köpeğinizi yanınızda tutacağız.,cabin_crew,passenger,A2,reassuring,"service_dog,crew,support"
accessibility_and_special_assistance,medical support,English,Turkish,I need oxygen support.,Oksijen desteğine ihtiyacım var.,passenger,cabin_crew,A1,urgent,"oxygen,medical,accessibility"
accessibility_and_special_assistance,medical support,English,Turkish,I have a medical condition.,Tıbbi bir durumum var.,passenger,airport_staff,A1,neutral,"medical,accessibility"
accessibility_and_special_assistance,medical support,English,Turkish,I need to board with my medicine.,İlacımla birlikte uçağa binmem gerekiyor.,passenger,airport_staff,A2,polite,"medicine,boarding,accessibility"
accessibility_and_special_assistance,medical support,English,Turkish,Please keep my medical supplies with me.,Lütfen tıbbi malzemelerim yanımda kalsın.,passenger,cabin_crew,A2,polite,"medical_supplies,cabin,accessibility"
accessibility_and_special_assistance,medical support,English,Turkish,I may need help during the flight.,Uçuş sırasında yardıma ihtiyacım olabilir.,passenger,cabin_crew,A2,polite,"medical,flight,assistance"
accessibility_and_special_assistance,medical support,English,Turkish,Please call a doctor if needed.,Gerekirse bir doktor çağırın.,passenger,cabin_crew,A2,urgent,"doctor,emergency,accessibility"
accessibility_and_special_assistance,medical support,English,Turkish,I feel unwell and need assistance.,Kendimi iyi hissetmiyorum ve yardıma ihtiyacım var.,passenger,cabin_crew,A2,urgent,"unwell,assistance,medical"
accessibility_and_special_assistance,medical support,English,Turkish,We can get medical help for you.,Sizin için tıbbi yardım çağırabiliriz.,cabin_crew,passenger,A2,reassuring,"medical,crew,help"
accessibility_and_special_assistance,medical support,English,Turkish,Please remain seated until help arrives.,Yardım gelene kadar lütfen oturduğunuz yerde kalın.,cabin_crew,passenger,A2,reassuring,"medical,safety,crew"
accessibility_and_special_assistance,travel with child,English,Turkish,I am traveling with a child who needs help.,Yardım ihtiyacı olan bir çocukla seyahat ediyorum.,passenger,airport_staff,A2,polite,"child,assistance,accessibility"
accessibility_and_special_assistance,travel with child,English,Turkish,Can you help us board together?,Birlikte binmemize yardım eder misiniz?,passenger,gate_agent,A2,polite,"child,boarding,assistance"
accessibility_and_special_assistance,travel with child,English,Turkish,I need a seat for my child next to me.,Çocuğum için yanımda bir koltuk lazım.,passenger,gate_agent,A2,polite,"child,seat,accessibility"
accessibility_and_special_assistance,travel with child,English,Turkish,Please help me store the stroller.,Lütfen bebek arabasını yerleştirmeme yardım edin.,passenger,cabin_crew,A2,polite,"stroller,child,accessibility"
accessibility_and_special_assistance,travel with child,English,Turkish,We will help you with the stroller.,Bebek arabası konusunda size yardımcı olacağız.,cabin_crew,passenger,A2,reassuring,"stroller,crew,help"
accessibility_and_special_assistance,travel with child,English,Turkish,Please let me board with my family.,Lütfen ailemle birlikte binmeme izin verin.,passenger,gate_agent,A2,polite,"family,boarding,accessibility"
accessibility_and_special_assistance,travel with child,English,Turkish,My child needs a child seat belt.,Çocuğum için çocuk emniyet kemeri lazım.,passenger,cabin_crew,A2,polite,"child,seat_belt,safety"
accessibility_and_special_assistance,toilet access,English,Turkish,Where is the accessible toilet?,Engelli tuvaleti nerede?,passenger,cabin_crew,A1,polite,"toilet,accessible,cabin"
accessibility_and_special_assistance,toilet access,English,Turkish,I need to use the toilet soon.,Yakında tuvaleti kullanmam gerekiyor.,passenger,cabin_crew,A1,neutral,"toilet,urgency,accessibility"
accessibility_and_special_assistance,toilet access,English,Turkish,Please tell me when the aisle is clear.,Lütfen koridor boş olduğunda bana söyleyin.,passenger,cabin_crew,A2,polite,"toilet,aisle,accessibility"
accessibility_and_special_assistance,toilet access,English,Turkish,I cannot get to the toilet by myself.,Tuvalete tek başıma gidemem.,passenger,cabin_crew,A2,neutral,"toilet,mobility,accessibility"
accessibility_and_special_assistance,toilet access,English,Turkish,Can you show me the nearest restroom?,En yakın tuvaleti gösterebilir misiniz?,passenger,airport_staff,A1,polite,"restroom,directions,accessibility"
accessibility_and_special_assistance,toilet access,English,Turkish,Please give me more time to reach the toilet.,Tuvalete ulaşmam için bana biraz daha zaman verin.,passenger,cabin_crew,A2,polite,"toilet,time,accessibility"
accessibility_and_special_assistance,travel documents,English,Turkish,I have an accessibility request on my booking.,Rezervasyonumda erişilebilirlik talebi var.,passenger,airport_staff,A2,neutral,"booking,accessibility_request,staff"
accessibility_and_special_assistance,travel documents,English,Turkish,Please check my special assistance note.,Lütfen özel yardım notumu kontrol edin.,passenger,gate_agent,A2,polite,"special_assistance,booking,accessibility"
accessibility_and_special_assistance,travel documents,English,Turkish,I requested special assistance online.,Özel yardımı çevrimiçi talep ettim.,passenger,airport_staff,A2,neutral,"special_assistance,online,accessibility"
accessibility_and_special_assistance,travel documents,English,Turkish,Can you confirm my assistance request?,Yardım talebimi doğrulayabilir misiniz?,passenger,gate_agent,A2,polite,"request,confirmation,accessibility"
accessibility_and_special_assistance,travel documents,English,Turkish,Your special assistance is confirmed.,Özel yardım talebiniz onaylandı.,airport_staff,passenger,A2,reassuring,"confirmed,special_assistance,staff"
accessibility_and_special_assistance,travel documents,English,Turkish,We have noted your wheelchair request.,Tekerlekli sandalye talebinizi not ettik.,airport_staff,passenger,A2,reassuring,"wheelchair,request,staff"
accessibility_and_special_assistance,travel documents,English,Turkish,Please keep this form with you.,Lütfen bu formu yanınızda tutun.,airport_staff,passenger,A1,neutral,"form,instructions,accessibility"
accessibility_and_special_assistance,gate and announcement,English,Turkish,I missed the announcement. What should I do?,Anonsu kaçırdım. Ne yapmalıyım?,passenger,airport_staff,A2,polite,"announcement,gate,help"
accessibility_and_special_assistance,gate and announcement,English,Turkish,Please speak to me directly.,Lütfen bana doğrudan konuşun.,passenger,cabin_crew,A1,polite,"communication,accessibility"
accessibility_and_special_assistance,gate and announcement,English,Turkish,Can you escort me to the gate?,Beni kapıya kadar eşlik eder misiniz?,passenger,airport_staff,A2,polite,"escort,gate,accessibility"
accessibility_and_special_assistance,gate and announcement,English,Turkish,Please tell me if the gate changes.,Kapı değişirse lütfen bana söyleyin.,passenger,airport_staff,A1,polite,"gate_change,notification,accessibility"
accessibility_and_special_assistance,gate and announcement,English,Turkish,We will inform you of any gate change.,Herhangi bir kapı değişikliğinde sizi bilgilendireceğiz.,airport_staff,passenger,A2,reassuring,"gate_change,staff,updates"
accessibility_and_special_assistance,gate and announcement,English,Turkish,I need help if the gate moves.,Kapı değişirse yardıma ihtiyacım var.,passenger,airport_staff,A2,polite,"gate_change,assistance,accessibility"
accessibility_and_special_assistance,boarding gate,English,Turkish,Please stay with me at the gate.,Lütfen kapıda yanımda kalın.,passenger,airport_staff,A1,polite,"gate,support,accessibility"
accessibility_and_special_assistance,boarding gate,English,Turkish,I need to sit down before boarding.,Uçağa binmeden önce oturmam gerekiyor.,passenger,airport_staff,A2,neutral,"rest,boarding,accessibility"
accessibility_and_special_assistance,boarding gate,English,Turkish,Can I wait in a quieter area?,Daha sakin bir alanda bekleyebilir miyim?,passenger,airport_staff,A2,polite,"quiet_area,waiting,accessibility"
accessibility_and_special_assistance,boarding gate,English,Turkish,The crowd is difficult for me.,Kalabalık bana zor geliyor.,passenger,airport_staff,A2,neutral,"crowd,accessibility"
accessibility_and_special_assistance,boarding gate,English,Turkish,Please board me last if needed.,Gerekirse en son beni alın.,passenger,gate_agent,A2,polite,"boarding,priority,accessibility"
accessibility_and_special_assistance,boarding gate,English,Turkish,Please board me first if possible.,Mümkünse beni önce alın.,passenger,gate_agent,A2,polite,"boarding,priority,accessibility"
accessibility_and_special_assistance,crew reassurance,English,Turkish,We will help you step by step.,Size adım adım yardımcı olacağız.,cabin_crew,passenger,A2,reassuring,"step_by_step,assistance,crew"
accessibility_and_special_assistance,crew reassurance,English,Turkish,You do not need to rush.,Acele etmeniz gerekmiyor.,cabin_crew,passenger,A1,reassuring,"rush,boarding,crew"
accessibility_and_special_assistance,crew reassurance,English,Turkish,We can make this easier for you.,Bunu sizin için kolaylaştırabiliriz.,cabin_crew,passenger,A2,reassuring,"support,accessibility,crew"
accessibility_and_special_assistance,crew reassurance,English,Turkish,"If you need anything, let us know.",Bir şeye ihtiyacınız olursa bize söyleyin.,cabin_crew,passenger,A1,reassuring,"help,crew,support"
accessibility_and_special_assistance,crew reassurance,English,Turkish,We will bring the wheelchair to you.,Tekerlekli sandalyeyi size getireceğiz.,airport_staff,passenger,A2,reassuring,"wheelchair,delivery,staff"
accessibility_and_special_assistance,crew reassurance,English,Turkish,Your assistance is already arranged.,Yardımınız zaten ayarlandı.,airport_staff,passenger,A2,reassuring,"arranged,assistance,staff"
accessibility_and_special_assistance,crew reassurance,English,Turkish,We will keep you informed.,Sizi bilgilendireceğiz.,airport_staff,passenger,A1,reassuring,"updates,information,staff"
accessibility_and_special_assistance,crew reassurance,English,Turkish,I am here to help with your transfer.,Aktarmanızda yardımcı olmak için buradayım.,airport_staff,passenger,A2,reassuring,"transfer,help,staff"
accessibility_and_special_assistance,transfer assistance,English,Turkish,I need assistance for my connection.,Aktarmam için yardıma ihtiyacım var.,passenger,airport_staff,A1,polite,"connection,transfer,accessibility"
accessibility_and_special_assistance,transfer assistance,English,Turkish,Please guide me to the next gate.,Lütfen beni sonraki kapıya yönlendirin.,passenger,airport_staff,A2,polite,"next_gate,guidance,accessibility"
accessibility_and_special_assistance,transfer assistance,English,Turkish,I cannot make the connection on my own.,Aktarmayı tek başıma yapamam.,passenger,airport_staff,A2,neutral,"connection,mobility,accessibility"
accessibility_and_special_assistance,transfer assistance,English,Turkish,Do you have assistance for tight connections?,Kısa aktarmalar için yardımınız var mı?,passenger,airport_staff,A2,polite,"connection,assistance,accessibility"
accessibility_and_special_assistance,transfer assistance,English,Turkish,We will escort you to your next gate.,Sizi bir sonraki kapınıza kadar eşlik edeceğiz.,airport_staff,passenger,A2,reassuring,"escort,gate,transfer"
accessibility_and_special_assistance,transfer assistance,English,Turkish,Please follow the assistant.,Lütfen görevliyi takip edin.,airport_staff,passenger,A1,neutral,"follow,assistant,accessibility"
accessibility_and_special_assistance,transfer assistance,English,Turkish,My transfer time is very short.,Aktarma sürem çok kısa.,passenger,airport_staff,A1,urgent,"transfer_time,urgent,accessibility"
accessibility_and_special_assistance,transfer assistance,English,Turkish,Please tell the crew I need help at landing.,Lütfen inişte yardıma ihtiyacım olduğunu mürettebata söyleyin.,passenger,cabin_crew,A2,polite,"landing,assistance,crew"
accessibility_and_special_assistance,general support,English,Turkish,I need special assistance at the airport.,Havalimanında özel yardıma ihtiyacım var.,passenger,airport_staff,A1,polite,"special_assistance,airport,accessibility"
accessibility_and_special_assistance,general support,English,Turkish,Can you help me from check-in to boarding?,Check-in’den binişe kadar bana yardım eder misiniz?,passenger,airport_staff,A2,polite,"checkin,boarding,assistance"
accessibility_and_special_assistance,general support,English,Turkish,I need assistance all the way to my seat.,Koltukma kadar yardım gerekiyor.,passenger,cabin_crew,A2,polite,"seat,full_assistance,accessibility"
accessibility_and_special_assistance,general support,English,Turkish,Please make sure I am not left alone.,Lütfen yalnız bırakılmadığımdan emin olun.,passenger,airport_staff,A2,polite,"support,accessibility,staff"
accessibility_and_special_assistance,general support,English,Turkish,I need a companion to help me travel.,Seyahat etmeme yardımcı olacak bir refakatçiye ihtiyacım var.,passenger,airport_staff,A2,neutral,"companion,travel,accessibility"
accessibility_and_special_assistance,general support,English,Turkish,Can you speak to my companion too?,Refakatçimle de konuşabilir misiniz?,passenger,airport_staff,A2,polite,"companion,communication,accessibility"
accessibility_and_special_assistance,general support,English,Turkish,I need help with my bags because of my disability.,Engelim nedeniyle valizlerim için yardıma ihtiyacım var.,passenger,airport_staff,A2,polite,"bags,disability,accessibility"
accessibility_and_special_assistance,general support,English,Turkish,Please do not move my assistance equipment.,Lütfen yardım ekipmanımı yerinden oynatmayın.,passenger,cabin_crew,A2,polite,"equipment,accessibility,crew"
accessibility_and_special_assistance,general support,English,Turkish,My assistance equipment is fragile.,Yardım ekipmanım hassas.,passenger,airport_staff,A2,neutral,"equipment,fragile,accessibility"
accessibility_and_special_assistance,general support,English,Turkish,Please handle my equipment carefully.,Lütfen ekipmanıma dikkatli davranın.,passenger,airport_staff,A1,polite,"equipment,careful,accessibility"
accessibility_and_special_assistance,general support,English,Turkish,I need a quiet place to wait.,Beklemek için sakin bir yere ihtiyacım var.,passenger,airport_staff,A2,polite,"quiet,waiting,accessibility"
accessibility_and_special_assistance,general support,English,Turkish,Can I wait near the staff desk?,Personel masasının yakınında bekleyebilir miyim?,passenger,airport_staff,A2,polite,"waiting,staff_desk,accessibility"
accessibility_and_special_assistance,general support,English,Turkish,I need a break before boarding.,Binişten önce bir mola vermem gerekiyor.,passenger,airport_staff,A1,neutral,"break,boarding,accessibility"
accessibility_and_special_assistance,general support,English,Turkish,Please tell me when it is my turn.,Sıram geldiğinde lütfen bana söyleyin.,passenger,airport_staff,A1,polite,"turn,boarding,accessibility"
accessibility_and_special_assistance,general support,English,Turkish,We will call your name when ready.,Hazır olunca adınızı çağıracağız.,airport_staff,passenger,A1,reassuring,"call_name,ready,staff"
accessibility_and_special_assistance,general support,English,Turkish,Your assistant is on the way.,Yardımcınız yolda.,airport_staff,passenger,A1,reassuring,"assistant,on_the_way,staff"
accessibility_and_special_assistance,general support,English,Turkish,I have trouble with stairs.,Merdivenlerde zorlanıyorum.,passenger,airport_staff,A1,neutral,"stairs,mobility,accessibility"
accessibility_and_special_assistance,general support,English,Turkish,Please use the elevator.,Lütfen asansörü kullanın.,passenger,airport_staff,A1,polite,"elevator,accessibility,direction"
accessibility_and_special_assistance,general support,English,Turkish,I need step-free access.,Basamaksız erişime ihtiyacım var.,passenger,airport_staff,A2,polite,"step_free,accessibility"
accessibility_and_special_assistance,general support,English,Turkish,Is step-free boarding available?,Basamaksız biniş mümkün mü?,passenger,airport_staff,A2,polite,"boarding,step_free,accessibility"
accessibility_and_special_assistance,general support,English,Turkish,Please inform the pilot if needed.,Gerekirse pilotu bilgilendirin.,cabin_crew,airport_staff,A2,formal,"pilot,information,crew"
accessibility_and_special_assistance,general support,English,Turkish,We are ready to assist.,Yardım etmeye hazırız.,airport_staff,passenger,A1,reassuring,"ready,assist,staff"
accessibility_and_special_assistance,general support,English,Turkish,Please tell us what you need.,Lütfen neye ihtiyacınız olduğunu bize söyleyin.,airport_staff,passenger,A1,polite,"needs,assistance,staff"
accessibility_and_special_assistance,general support,English,Turkish,I need help with the boarding pass scanner.,Biniş kartı tarayıcısında yardıma ihtiyacım var.,passenger,airport_staff,A2,polite,"boarding_pass,scanner,accessibility"
accessibility_and_special_assistance,general support,English,Turkish,Can you assist me at security?,Güvenlikte bana yardımcı olabilir misiniz?,passenger,airport_staff,A2,polite,"security,assistance,accessibility"
accessibility_and_special_assistance,general support,English,Turkish,I need a pat-down because of my mobility aid.,Mobil yardım cihazım nedeniyle elle aramaya ihtiyacım var.,passenger,airport_staff,A2,neutral,"security,mobility_aid,accessibility"
accessibility_and_special_assistance,general support,English,Turkish,Please explain the security process to me.,Lütfen güvenlik sürecini bana açıklayın.,passenger,airport_staff,A2,polite,"security,process,accessibility"
accessibility_and_special_assistance,general support,English,Turkish,I need a family member to help me.,Bana yardımcı olması için bir aile üyem lazım.,passenger,airport_staff,A1,neutral,"family,help,accessibility"
accessibility_and_special_assistance,general support,English,Turkish,Please allow my companion to stay with me.,Lütfen refakatçimin yanımda kalmasına izin verin.,passenger,airport_staff,A2,polite,"companion,stay,accessibility"
accessibility_and_special_assistance,general support,English,Turkish,I need assistance in Turkish.,Türkçe yardım istiyorum.,passenger,airport_staff,A1,polite,"language,assistance,staff"
accessibility_and_special_assistance,general support,English,Turkish,Please find someone who can help in English.,Lütfen İngilizce yardım edebilecek birini bulun.,passenger,airport_staff,A2,polite,"language,english,assistance"
accessibility_and_special_assistance,general support,English,Turkish,I need help with my luggage because I cannot lift it.,Kaldıramadığım için valizime yardıma ihtiyacım var.,passenger,airport_staff,A2,neutral,"luggage,lifting,accessibility"
accessibility_and_special_assistance,general support,English,Turkish,Please put my bag near my seat.,Lütfen çantamı koltuğumun yakınına koyun.,passenger,cabin_crew,A2,polite,"bag,seat,accessibility"
accessibility_and_special_assistance,general support,English,Turkish,I cannot reach the overhead bin.,Üst dolaba uzanamıyorum.,passenger,cabin_crew,A1,neutral,"overhead_bin,reach,accessibility"
accessibility_and_special_assistance,general support,English,Turkish,Please help me with the overhead bin.,Lütfen üst dolap konusunda bana yardımcı olun.,passenger,cabin_crew,A1,polite,"overhead_bin,help,accessibility"
accessibility_and_special_assistance,general support,English,Turkish,Could you lower the bin for me?,Dolabı benim için indirebilir misiniz?,passenger,cabin_crew,A2,polite,"overhead_bin,assistance,accessibility"
accessibility_and_special_assistance,general support,English,Turkish,I need help getting out of my seat.,Koltuktan kalkmak için yardıma ihtiyacım var.,passenger,cabin_crew,A2,polite,"seat,standing_up,accessibility"
accessibility_and_special_assistance,general support,English,Turkish,Please support me while I stand up.,Kalkarken lütfen bana destek olun.,passenger,cabin_crew,A2,polite,"standing_up,support,accessibility"
accessibility_and_special_assistance,general support,English,Turkish,I need to transfer from my chair.,Sandalyemden geçiş yapmam gerekiyor.,passenger,cabin_crew,A2,neutral,"transfer,chair,accessibility"
accessibility_and_special_assistance,general support,English,Turkish,Please help me transfer safely.,Lütfen güvenli şekilde geçiş yapmama yardım edin.,passenger,cabin_crew,A2,polite,"transfer,safety,accessibility"
accessibility_and_special_assistance,general support,English,Turkish,We can assist with the transfer.,Geçiş konusunda yardımcı olabiliriz.,cabin_crew,passenger,A2,reassuring,"transfer,assistance,crew"
accessibility_and_special_assistance,general support,English,Turkish,Please let us know before landing.,İnişten önce lütfen bize haber verin.,cabin_crew,passenger,A2,polite,"landing,notice,crew"
accessibility_and_special_assistance,general support,English,Turkish,I need help after landing too.,İnişten sonra da yardıma ihtiyacım var.,passenger,cabin_crew,A2,polite,"landing,after_flight,accessibility"
accessibility_and_special_assistance,general support,English,Turkish,Please arrange assistance at arrival.,Varışta yardım ayarlayın lütfen.,passenger,airport_staff,A2,polite,"arrival,assistance,accessibility"
accessibility_and_special_assistance,general support,English,Turkish,I need someone to meet me at the aircraft.,Uçakta beni karşılayacak birine ihtiyacım var.,passenger,airport_staff,A2,polite,"meet,aircraft,accessibility"
accessibility_and_special_assistance,general support,English,Turkish,Please make sure my assistance continues on arrival.,Lütfen varışta da yardımımın devam ettiğinden emin olun.,passenger,airport_staff,A2,polite,"arrival,continuity,accessibility"
accessibility_and_special_assistance,general support,English,Turkish,We have arranged arrival assistance.,Varış yardımı ayarladık.,airport_staff,passenger,A2,reassuring,"arrival,assistance,staff"
accessibility_and_special_assistance,general support,English,Turkish,Your wheelchair will be returned at the gate.,Tekerlekli sandalyeniz kapıda size geri verilecek.,airport_staff,passenger,A2,reassuring,"wheelchair,gate,staff"
accessibility_and_special_assistance,general support,English,Turkish,Please wait for your assistant here.,Lütfen yardımcınızı burada bekleyin.,airport_staff,passenger,A1,neutral,"assistant,waiting,staff"
accessibility_and_special_assistance,general support,English,Turkish,I need help because the plane is crowded.,Uçak kalabalık olduğu için yardıma ihtiyacım var.,passenger,cabin_crew,A2,neutral,"crowded,cabin,accessibility"
accessibility_and_special_assistance,general support,English,Turkish,Can you keep the aisle clear?,Koridoru boş tutabilir misiniz?,passenger,cabin_crew,A2,polite,"aisle,clear,accessibility"
accessibility_and_special_assistance,general support,English,Turkish,Please move the bag from the aisle.,Lütfen çantayı koridordan kaldırın.,passenger,cabin_crew,A1,polite,"aisle,bag,accessibility"
accessibility_and_special_assistance,general support,English,Turkish,I need support during turbulence because of my condition.,Durumum nedeniyle türbülans sırasında desteğe ihtiyacım var.,passenger,cabin_crew,A2,neutral,"turbulence,medical,accessibility"
accessibility_and_special_assistance,general support,English,Turkish,Please check on me during the flight.,Uçuş sırasında beni kontrol edin lütfen.,passenger,cabin_crew,A2,polite,"check_on_me,flight,accessibility"
accessibility_and_special_assistance,general support,English,Turkish,We will check on you regularly.,Sizi düzenli olarak kontrol edeceğiz.,cabin_crew,passenger,A2,reassuring,"regular_checks,crew,support"
accessibility_and_special_assistance,general support,English,Turkish,Please press the call button if you need help.,Yardıma ihtiyacınız olursa lütfen çağrı düğmesine basın.,cabin_crew,passenger,A2,reassuring,"call_button,help,crew"
accessibility_and_special_assistance,general support,English,Turkish,I cannot use the stairs at arrival.,Varışta merdivenleri kullanamam.,passenger,airport_staff,A1,neutral,"arrival,stairs,accessibility"
accessibility_and_special_assistance,general support,English,Turkish,Please meet me with a wheelchair after landing.,İnişten sonra beni tekerlekli sandalyeyle karşılayın lütfen.,passenger,airport_staff,A2,polite,"landing,wheelchair,accessibility"
accessibility_and_special_assistance,general support,English,Turkish,I need help getting off the plane.,Uçaktan inmek için yardıma ihtiyacım var.,passenger,cabin_crew,A1,polite,"deplaning,assistance,accessibility"
accessibility_and_special_assistance,general support,English,Turkish,Please let me wait until the aisle is clear.,Koridor boşalana kadar beklememe izin verin lütfen.,passenger,cabin_crew,A2,polite,"aisle,waiting,accessibility"
accessibility_and_special_assistance,general support,English,Turkish,I need accessible transport after the flight.,Uçuş sonrası erişilebilir ulaşıma ihtiyacım var.,passenger,airport_staff,A2,neutral,"post_flight,accessible_transport,accessibility"
accessibility_and_special_assistance,general support,English,Turkish,Please note that I travel with a mobility aid.,Lütfen bir hareket yardımcısıyla seyahat ettiğimi not edin.,passenger,airport_staff,A2,polite,"mobility_aid,travel,accessibility"
accessibility_and_special_assistance,general support,English,Turkish,My cane is in my bag.,Bastonum çantamda.,passenger,cabin_crew,A1,neutral,"cane,bag,accessibility"
accessibility_and_special_assistance,general support,English,Turkish,Please keep my cane within reach.,Lütfen bastonumu elimde erişebileceğim yerde tutun.,passenger,cabin_crew,A2,polite,"cane,accessibility,crew"
accessibility_and_special_assistance,general support,English,Turkish,I need a larger seat belt extender.,Daha uzun bir emniyet kemeri uzatmasına ihtiyacım var.,passenger,cabin_crew,A2,polite,"seat_belt_extender,accessibility"
accessibility_and_special_assistance,general support,English,Turkish,Please bring me a seat belt extender.,Lütfen bana emniyet kemeri uzatması getirin.,passenger,cabin_crew,A2,polite,"seat_belt_extender,crew,accessibility"
accessibility_and_special_assistance,general support,English,Turkish,We will bring it to your seat.,Onu koltuğunuza getireceğiz.,cabin_crew,passenger,A1,reassuring,"seat,delivery,crew"
accessibility_and_special_assistance,general support,English,Turkish,I need assistance with the tray table.,Yemek tablası için yardıma ihtiyacım var.,passenger,cabin_crew,A2,polite,"tray_table,accessibility"
accessibility_and_special_assistance,general support,English,Turkish,Please lower the tray table for me.,Lütfen yemek tablasını benim için indirin.,passenger,cabin_crew,A2,polite,"tray_table,help,accessibility"
accessibility_and_special_assistance,general support,English,Turkish,I need help opening my bottle.,Şişemi açmak için yardıma ihtiyacım var.,passenger,cabin_crew,A1,polite,"bottle,assistance,accessibility"
accessibility_and_special_assistance,general support,English,Turkish,Please help me with the meal tray.,Lütfen yemek tepsisi konusunda bana yardım edin.,passenger,cabin_crew,A2,polite,"meal_tray,accessibility"
accessibility_and_special_assistance,general support,English,Turkish,I need assistance to read the menu.,Menüyü okumak için yardıma ihtiyacım var.,passenger,cabin_crew,A2,polite,"menu,reading,accessibility"
accessibility_and_special_assistance,general support,English,Turkish,Please tell me what food is available.,Lütfen hangi yiyeceklerin olduğunu söyleyin.,passenger,cabin_crew,A1,polite,"food,information,accessibility"
accessibility_and_special_assistance,general support,English,Turkish,I need help with my hearing aid.,İşitme cihazım için yardıma ihtiyacım var.,passenger,cabin_crew,A2,neutral,"hearing_aid,accessibility"
accessibility_and_special_assistance,general support,English,Turkish,Please speak into my left ear.,Lütfen sol kulağıma doğru konuşun.,passenger,cabin_crew,A2,polite,"hearing,communication,accessibility"
accessibility_and_special_assistance,general support,English,Turkish,I need to see your lips when you speak.,Konuşurken dudaklarınızı görmem gerekiyor.,passenger,cabin_crew,A2,polite,"lip_reading,hearing,accessibility"
accessibility_and_special_assistance,general support,English,Turkish,Please face me when you talk.,Konuşurken bana dönün lütfen.,passenger,cabin_crew,A1,polite,"communication,hearing,accessibility"
accessibility_and_special_assistance,general support,English,Turkish,I need help finding the accessible restroom.,Engelli tuvaletini bulmak için yardıma ihtiyacım var.,passenger,airport_staff,A2,polite,"accessible_restroom,directions,accessibility"
accessibility_and_special_assistance,general support,English,Turkish,Can you escort me to baggage claim?,Beni bagaj teslim alanına kadar eşlik eder misiniz?,passenger,airport_staff,A2,polite,"baggage_claim,escort,accessibility"
accessibility_and_special_assistance,general support,English,Turkish,I need help with customs because of my disability.,Engelim nedeniyle gümrükte yardıma ihtiyacım var.,passenger,airport_staff,A2,neutral,"customs,disability,accessibility"
accessibility_and_special_assistance,general support,English,Turkish,Please wait with me until my helper arrives.,Yardımcım gelene kadar lütfen benimle bekleyin.,passenger,airport_staff,A2,polite,"wait,helper,accessibility"
accessibility_and_special_assistance,general support,English,Turkish,I need help carrying my oxygen tank.,Oksijen tüpümü taşımak için yardıma ihtiyacım var.,passenger,airport_staff,A2,urgent,"oxygen_tank,medical,accessibility"
accessibility_and_special_assistance,general support,English,Turkish,Please treat this as urgent.,Lütfen bunu acil olarak değerlendirin.,passenger,airport_staff,A2,urgent,"urgent,assistance,accessibility"
accessibility_and_special_assistance,general support,English,Turkish,I need help because I am traveling alone.,Yalnız seyahat ettiğim için yardıma ihtiyacım var.,passenger,airport_staff,A2,neutral,"alone,travel,accessibility"
accessibility_and_special_assistance,general support,English,Turkish,Please stay nearby during boarding.,Biniş sırasında lütfen yakınlarda kalın.,passenger,airport_staff,A2,polite,"boarding,nearby,accessibility"
accessibility_and_special_assistance,general support,English,Turkish,We will stay nearby and assist you.,Yakınınızda kalıp size yardımcı olacağız.,airport_staff,passenger,A2,reassuring,"nearby,assistance,staff"
accessibility_and_special_assistance,general support,English,Turkish,Your seat is ready for you.,Koltuğunuz hazır.,cabin_crew,passenger,A1,reassuring,"seat,ready,crew"
accessibility_and_special_assistance,general support,English,Turkish,I need help locating my seat row.,Koltuk sıramı bulmak için yardıma ihtiyacım var.,passenger,cabin_crew,A2,polite,"seat_row,finding,accessibility"
accessibility_and_special_assistance,general support,English,Turkish,Please write my seat number down.,Lütfen koltuk numaramı yazın.,passenger,cabin_crew,A1,polite,"seat_number,written,accessibility"
accessibility_and_special_assistance,general support,English,Turkish,I need help because I am confused.,Kafam karıştığı için yardıma ihtiyacım var.,passenger,airport_staff,A2,polite,"confused,assistance,accessibility"
accessibility_and_special_assistance,general support,English,Turkish,Please stay with me until I board.,Uçağa binene kadar lütfen yanımda kalın.,passenger,airport_staff,A2,polite,"boarding,stay_with_me,accessibility"
accessibility_and_special_assistance,general support,English,Turkish,I need a slower pace.,Daha yavaş bir tempoya ihtiyacım var.,passenger,airport_staff,A1,polite,"pace,accessibility"
accessibility_and_special_assistance,general support,English,Turkish,Please do not speak too fast.,Lütfen çok hızlı konuşmayın.,passenger,airport_staff,A1,polite,"communication,pace,accessibility"
accessibility_and_special_assistance,general support,English,Turkish,Can you show me the route to the gate?,Kapıya giden yolu gösterebilir misiniz?,passenger,airport_staff,A2,polite,"route,gate,accessibility"
accessibility_and_special_assistance,general support,English,Turkish,I need help because I cannot read signs well.,Yazıları iyi okuyamadığım için yardıma ihtiyacım var.,passenger,airport_staff,A2,neutral,"signs,reading,accessibility"
accessibility_and_special_assistance,general support,English,Turkish,Please tell me the next step.,Lütfen sıradaki adımı söyleyin.,passenger,airport_staff,A1,polite,"next_step,guidance,accessibility"
accessibility_and_special_assistance,general support,English,Turkish,We will tell you the next step.,Sıradaki adımı size söyleyeceğiz.,airport_staff,passenger,A1,reassuring,"next_step,guidance,staff"
accessibility_and_special_assistance,general support,English,Turkish,Please take me to the assistance desk.,Lütfen beni yardım masasına götürün.,passenger,airport_staff,A1,polite,"assistance_desk,direction,accessibility"
accessibility_and_special_assistance,general support,English,Turkish,I need accessible boarding at the front door.,Ön kapıdan erişilebilir binişe ihtiyacım var.,passenger,airport_staff,A2,polite,"front_door,boarding,accessibility"
accessibility_and_special_assistance,general support,English,Turkish,Please confirm that assistance will be there.,Yardımın orada olacağını lütfen teyit edin.,passenger,airport_staff,A2,polite,"confirmation,assistance,accessibility"
accessibility_and_special_assistance,general support,English,Turkish,Your assistance will be there when you arrive.,Varışınızda yardım hazır olacak.,airport_staff,passenger,A2,reassuring,"arrival,assistance,staff"
accessibility_and_special_assistance,general support,English,Turkish,I need help transferring to the aisle chair.,Koridor sandalyesine geçmek için yardıma ihtiyacım var.,passenger,cabin_crew,A2,neutral,"aisle_chair,transfer,accessibility"
accessibility_and_special_assistance,general support,English,Turkish,Please bring the aisle chair now.,Lütfen koridor sandalyesini şimdi getirin.,passenger,cabin_crew,A2,urgent,"aisle_chair,urgent,accessibility"
accessibility_and_special_assistance,general support,English,Turkish,We are bringing the aisle chair now.,Koridor sandalyesini şimdi getiriyoruz.,cabin_crew,passenger,A2,reassuring,"aisle_chair,crew,support"
accessibility_and_special_assistance,general support,English,Turkish,I need help getting to the door after landing.,İnişten sonra kapıya gitmek için yardıma ihtiyacım var.,passenger,cabin_crew,A2,polite,"landing,door,accessibility"
accessibility_and_special_assistance,general support,English,Turkish,Please do not hurry me.,Lütfen beni acele ettirmeyin.,passenger,airport_staff,A1,polite,"hurry,accessibility"
accessibility_and_special_assistance,general support,English,Turkish,I need help with the seat recline.,Koltuk yaslama ayarı için yardıma ihtiyacım var.,passenger,cabin_crew,A2,polite,"seat_recline,assistance,accessibility"
accessibility_and_special_assistance,general support,English,Turkish,Please adjust my seat for comfort.,Lütfen koltuğumu rahatım için ayarlayın.,passenger,cabin_crew,A2,polite,"seat_adjustment,comfort,accessibility"
accessibility_and_special_assistance,general support,English,Turkish,I need support because my legs swell.,Bacaklarım şiştiği için desteğe ihtiyacım var.,passenger,cabin_crew,A2,neutral,"medical,legs,accessibility"
accessibility_and_special_assistance,general support,English,Turkish,Please tell me if I can stretch my legs.,Bacaklarımı uzatıp uzatamayacağımı söyleyin lütfen.,passenger,cabin_crew,A2,polite,"stretch,legs,accessibility"
accessibility_and_special_assistance,general support,English,Turkish,I need a special meal because of my condition.,Durumum nedeniyle özel yemeğe ihtiyacım var.,passenger,cabin_crew,A2,polite,"special_meal,medical,accessibility"
accessibility_and_special_assistance,general support,English,Turkish,Please note my allergy and accessibility needs.,Lütfen alerjimi ve erişilebilirlik ihtiyaçlarımı not edin.,passenger,airport_staff,A2,polite,"allergy,needs,accessibility"
accessibility_and_special_assistance,general support,English,Turkish,I need help because I am nervous and disabled.,Endişeli olduğum ve engelli olduğum için yardıma ihtiyacım var.,passenger,airport_staff,A2,neutral,"nervous,disability,accessibility"
accessibility_and_special_assistance,general support,English,Turkish,Please be patient with me.,Lütfen bana karşı sabırlı olun.,passenger,airport_staff,A1,polite,"patience,accessibility"
accessibility_and_special_assistance,general support,English,Turkish,"Of course, we will be patient.","Elbette, sabırlı olacağız.",airport_staff,passenger,A1,reassuring,"patience,staff,support"
accessibility_and_special_assistance,general support,English,Turkish,I need help with my boarding pass and my seat.,Biniş kartım ve koltuğum için yardıma ihtiyacım var.,passenger,airport_staff,A2,polite,"boarding_pass,seat,accessibility"
accessibility_and_special_assistance,general support,English,Turkish,Please call for assistance if I fall behind.,Geride kalırsam lütfen yardım çağırın.,passenger,airport_staff,A2,polite,"fall_behind,assistance,accessibility"
accessibility_and_special_assistance,general support,English,Turkish,We will not leave until you are ready.,Siz hazır olana kadar ayrılmayacağız.,airport_staff,passenger,A2,reassuring,"ready,staff,support"
accessibility_and_special_assistance,general support,English,Turkish,Please help me with the seat controls.,Lütfen koltuk kumandası konusunda bana yardım edin.,passenger,cabin_crew,A2,polite,"seat_controls,accessibility"
accessibility_and_special_assistance,general support,English,Turkish,I need the armrest lifted.,Kolçağın kaldırılması gerekiyor.,passenger,cabin_crew,A1,polite,"armrest,accessibility"
accessibility_and_special_assistance,general support,English,Turkish,Please help me put on my jacket.,Lütfen ceketimi giymeme yardım edin.,passenger,cabin_crew,A1,polite,"jacket,assistance,accessibility"
accessibility_and_special_assistance,general support,English,Turkish,I need help reaching my bag after landing.,İnişten sonra çantama ulaşmak için yardıma ihtiyacım var.,passenger,cabin_crew,A2,polite,"bag,landing,accessibility"
accessibility_and_special_assistance,general support,English,Turkish,Please bring my bag down for me.,Lütfen çantamı benim için aşağı indirin.,passenger,cabin_crew,A1,polite,"bag,help,accessibility"
accessibility_and_special_assistance,general support,English,Turkish,I need help because my hands shake.,Ellerim titrediği için yardıma ihtiyacım var.,passenger,cabin_crew,A2,neutral,"medical,hands,accessibility"
accessibility_and_special_assistance,general support,English,Turkish,Please open the bottle for me.,Lütfen şişeyi benim için açın.,passenger,cabin_crew,A1,polite,"bottle,crew,accessibility"
accessibility_and_special_assistance,general support,English,Turkish,I need help eating because of my hands.,Ellerim yüzünden yemek yemekte yardıma ihtiyacım var.,passenger,cabin_crew,A2,neutral,"eating,hands,accessibility"
accessibility_and_special_assistance,general support,English,Turkish,Can you assist with my tray and cup?,Tepsi ve bardağım konusunda yardımcı olur musunuz?,passenger,cabin_crew,A2,polite,"tray,cup,accessibility"
accessibility_and_special_assistance,general support,English,Turkish,Please hold my drink while I move.,Lütfen hareket ederken içeceğimi tutun.,passenger,cabin_crew,A2,polite,"drink,movement,accessibility"
accessibility_and_special_assistance,general support,English,Turkish,I need assistance because I cannot see the numbers.,Numaraları göremediğim için yardıma ihtiyacım var.,passenger,airport_staff,A2,neutral,"numbers,visual_impairment,accessibility"
accessibility_and_special_assistance,general support,English,Turkish,Please tell me the seat number again.,Lütfen koltuk numarasını tekrar söyleyin.,passenger,cabin_crew,A1,polite,"seat_number,repeat,accessibility"
accessibility_and_special_assistance,general support,English,Turkish,I need clear instructions for deplaning.,Uçaktan inmek için net talimatlara ihtiyacım var.,passenger,cabin_crew,A2,polite,"deplaning,instructions,accessibility"
accessibility_and_special_assistance,general support,English,Turkish,Please help me when the seat belt sign turns off.,Emniyet kemeri uyarısı sönünce lütfen bana yardım edin.,passenger,cabin_crew,A2,polite,"seat_belt_sign,help,accessibility"
accessibility_and_special_assistance,general support,English,Turkish,I need a quiet boarding area because of anxiety.,Kaygım olduğu için sakin bir biniş alanına ihtiyacım var.,passenger,airport_staff,A2,neutral,"anxiety,quiet_area,accessibility"
accessibility_and_special_assistance,general support,English,Turkish,We can provide a quiet place for you.,Sizin için sakin bir yer sağlayabiliriz.,airport_staff,passenger,A2,reassuring,"quiet_place,staff,support"
accessibility_and_special_assistance,general support,English,Turkish,I need help walking through the terminal.,Terminalde yürümek için yardıma ihtiyacım var.,passenger,airport_staff,A2,polite,"terminal,walking,accessibility"
accessibility_and_special_assistance,general support,English,Turkish,Please use the nearest entrance with no steps.,Lütfen basamaksız en yakın girişi kullanın.,passenger,airport_staff,A2,polite,"entrance,no_steps,accessibility"
accessibility_and_special_assistance,general support,English,Turkish,I need help because my walker is heavy.,Yürütecem ağır olduğu için yardıma ihtiyacım var.,passenger,airport_staff,A2,neutral,"walker,heavy,accessibility"
accessibility_and_special_assistance,general support,English,Turkish,Please handle my walker carefully.,Lütfen yürütecime dikkatli davranın.,passenger,airport_staff,A2,polite,"walker,careful,accessibility"
accessibility_and_special_assistance,general support,English,Turkish,I need assistance to store my walker.,Yürüteci yerleştirmek için yardıma ihtiyacım var.,passenger,cabin_crew,A2,polite,"walker,storage,accessibility"
accessibility_and_special_assistance,general support,English,Turkish,Please bring my walker back before landing.,Lütfen inişten önce yürütecimi geri getirin.,passenger,cabin_crew,A2,polite,"walker,landing,accessibility"
accessibility_and_special_assistance,general support,English,Turkish,Your walker will be returned before landing.,Yürüteciniz inişten önce size geri verilecek.,cabin_crew,passenger,A2,reassuring,"walker,return,crew"
accessibility_and_special_assistance,general support,English,Turkish,I need help because I have limited arm movement.,Kol hareketim kısıtlı olduğu için yardıma ihtiyacım var.,passenger,cabin_crew,A2,neutral,"limited_movement,accessibility"
accessibility_and_special_assistance,general support,English,Turkish,Please open the curtain a little.,Lütfen perdeyi biraz açın.,passenger,cabin_crew,A1,polite,"curtain,accessibility"
accessibility_and_special_assistance,general support,English,Turkish,I need help because bright lights bother me.,Parlak ışıklar beni rahatsız ettiği için yardıma ihtiyacım var.,passenger,cabin_crew,A2,neutral,"lights,sensory,accessibility"
accessibility_and_special_assistance,general support,English,Turkish,Can you dim the light near me?,Yakınımdaki ışığı kısmabilir misiniz?,passenger,cabin_crew,A2,polite,"light,sensory,accessibility"
accessibility_and_special_assistance,general support,English,Turkish,Please tell me where to go after landing.,İnişten sonra nereye gideceğimi söyleyin lütfen.,passenger,airport_staff,A1,polite,"landing,direction,accessibility"
accessibility_and_special_assistance,general support,English,Turkish,I need help because I cannot push the wheelchair myself.,Tekerlekli sandalyeyi kendim itemediğim için yardıma ihtiyacım var.,passenger,airport_staff,A2,neutral,"wheelchair,pushing,accessibility"
accessibility_and_special_assistance,general support,English,Turkish,Please push me to the gate.,Lütfen beni kapıya kadar itin.,passenger,airport_staff,A1,polite,"wheelchair,gate,accessibility"
accessibility_and_special_assistance,general support,English,Turkish,We will push you to the gate.,Sizi kapıya kadar götüreceğiz.,airport_staff,passenger,A1,reassuring,"wheelchair,gate,staff"
accessibility_and_special_assistance,general support,English,Turkish,I need help because my balance is poor.,Dengesiz olduğum için yardıma ihtiyacım var.,passenger,cabin_crew,A2,neutral,"balance,accessibility"
accessibility_and_special_assistance,general support,English,Turkish,Please hold my arm when I stand.,Kalkarken kolumdan tutun lütfen.,passenger,cabin_crew,A1,polite,"standing,support,accessibility"
accessibility_and_special_assistance,general support,English,Turkish,Can you help me put on my headphones?,Kulaklığımı takmama yardım eder misiniz?,passenger,cabin_crew,A2,polite,"headphones,assistance,accessibility"
accessibility_and_special_assistance,general support,English,Turkish,I need help because I cannot bend down.,Eğilemediğim için yardıma ihtiyacım var.,passenger,cabin_crew,A2,neutral,"bend_down,accessibility"
accessibility_and_special_assistance,general support,English,Turkish,Please pick up the item for me.,Lütfen eşyayı benim için alın.,passenger,cabin_crew,A1,polite,"pickup,assistance,accessibility"
accessibility_and_special_assistance,general support,English,Turkish,I need assistance with the armrest because of my injury.,Yaram nedeniyle kolçak için yardıma ihtiyacım var.,passenger,cabin_crew,A2,neutral,"injury,armrest,accessibility"
accessibility_and_special_assistance,general support,English,Turkish,Please give me a little more space.,Lütfen bana biraz daha alan verin.,passenger,cabin_crew,A1,polite,"space,accessibility"
accessibility_and_special_assistance,general support,English,Turkish,We can give you a bit more space.,Size biraz daha alan verebiliriz.,cabin_crew,passenger,A1,reassuring,"space,crew,support"
accessibility_and_special_assistance,general support,English,Turkish,I need help with the boarding ramp and the chair.,Biniş rampası ve sandalye için yardıma ihtiyacım var.,passenger,airport_staff,A2,polite,"ramp,chair,accessibility"
accessibility_and_special_assistance,general support,English,Turkish,Please let the cabin crew know I need support.,Lütfen kabin ekibine desteğe ihtiyacım olduğunu bildirin.,passenger,airport_staff,A2,polite,"cabin_crew,support,accessibility"
accessibility_and_special_assistance,general support,English,Turkish,I need a calm explanation of what will happen.,Ne olacağını sakin bir şekilde açıklamanıza ihtiyacım var.,passenger,airport_staff,A2,polite,"calm_explanation,accessibility"
accessibility_and_special_assistance,general support,English,Turkish,Please tell me everything in order.,Lütfen her şeyi sırayla anlatın.,passenger,airport_staff,A2,polite,"sequence,instructions,accessibility"
accessibility_and_special_assistance,general support,English,Turkish,We will explain everything step by step.,Her şeyi adım adım açıklayacağız.,airport_staff,passenger,A2,reassuring,"step_by_step,explanation,staff"
accessibility_and_special_assistance,general support,English,Turkish,I need help with my hearing devices during security.,Güvenlik sırasında işitme cihazlarımla ilgili yardıma ihtiyacım var.,passenger,airport_staff,A2,neutral,"hearing_device,security,accessibility"
accessibility_and_special_assistance,general support,English,Turkish,Please do not separate me from my assistive device.,Lütfen beni yardım cihazımdan ayırmayın.,passenger,airport_staff,A2,polite,"assistive_device,security,accessibility"
accessibility_and_special_assistance,general support,English,Turkish,I need to keep my cane until I sit down.,Oturana kadar bastonumu yanımda tutmam gerekiyor.,passenger,cabin_crew,A2,neutral,"cane,seat,accessibility"
accessibility_and_special_assistance,general support,English,Turkish,Please help me to the seat first.,Lütfen önce beni koltuğa götürün.,passenger,cabin_crew,A1,polite,"seat,boarding,accessibility"
accessibility_and_special_assistance,general support,English,Turkish,I need a short walk break during the connection.,Aktarma sırasında kısa bir yürüme molasına ihtiyacım var.,passenger,airport_staff,A2,neutral,"walk_break,connection,accessibility"
accessibility_and_special_assistance,general support,English,Turkish,Can you direct me to the accessible path?,Beni erişilebilir yola yönlendirebilir misiniz?,passenger,airport_staff,A2,polite,"accessible_path,direction,accessibility"
accessibility_and_special_assistance,general support,English,Turkish,I cannot use the narrow stairs.,Dar merdivenleri kullanamam.,passenger,airport_staff,A1,neutral,"stairs,accessibility"
accessibility_and_special_assistance,general support,English,Turkish,Please find an alternative route.,Lütfen alternatif bir yol bulun.,passenger,airport_staff,A2,polite,"alternative_route,accessibility"
accessibility_and_special_assistance,general support,English,Turkish,I need assistance when leaving the aircraft.,Uçaktan çıkarken yardıma ihtiyacım var.,passenger,cabin_crew,A2,polite,"leaving_aircraft,assistance,accessibility"
accessibility_and_special_assistance,general support,English,Turkish,Please inform the ground staff on arrival.,Varışta yer personelini bilgilendirin lütfen.,passenger,cabin_crew,A2,polite,"ground_staff,arrival,accessibility"
accessibility_and_special_assistance,general support,English,Turkish,We have informed the ground staff.,Yer personelini bilgilendirdik.,cabin_crew,passenger,A2,reassuring,"ground_staff,informed,crew"
accessibility_and_special_assistance,general support,English,Turkish,I need help because I cannot hear well on the plane.,Uçakta iyi duyamadığım için yardıma ihtiyacım var.,passenger,cabin_crew,A2,neutral,"hearing,plane,accessibility"
accessibility_and_special_assistance,general support,English,Turkish,Please repeat the safety instructions slowly.,Lütfen güvenlik talimatlarını yavaşça tekrar edin.,passenger,cabin_crew,A2,polite,"safety_instructions,repeat,accessibility"
accessibility_and_special_assistance,general support,English,Turkish,I need an accessible seat belt buckle.,Erişilebilir bir emniyet kemeri tokasına ihtiyacım var.,passenger,cabin_crew,A2,neutral,"seat_belt,buckle,accessibility"
accessibility_and_special_assistance,general support,English,Turkish,Please help me buckle up.,Lütfen kemerimi bağlamama yardım edin.,passenger,cabin_crew,A1,polite,"buckle_up,assistance,accessibility"
accessibility_and_special_assistance,general support,English,Turkish,We will buckle you in now.,Şimdi kemerinizi bağlayacağız.,cabin_crew,passenger,A1,reassuring,"buckle_up,crew,support"
accessibility_and_special_assistance,general support,English,Turkish,I need help because my prosthetic leg hurts.,Protez bacağım ağrıdığı için yardıma ihtiyacım var.,passenger,cabin_crew,A2,urgent,"prosthetic_leg,pain,accessibility"
accessibility_and_special_assistance,general support,English,Turkish,Please let me stretch my leg.,Lütfen bacağımı uzatmama izin verin.,passenger,cabin_crew,A1,polite,"stretch_leg,accessibility"
accessibility_and_special_assistance,general support,English,Turkish,I need help to sit in the exit row?,Acil çıkış sırasına oturmam için yardıma ihtiyacım var mı?,passenger,gate_agent,A2,polite,"exit_row,seat,accessibility"
accessibility_and_special_assistance,general support,English,Turkish,I cannot sit in the exit row.,Acil çıkış sırasında oturamam.,passenger,gate_agent,A1,neutral,"exit_row,restriction,accessibility"
accessibility_and_special_assistance,general support,English,Turkish,Please move me to a different row.,Lütfen beni başka bir sıraya alın.,passenger,gate_agent,A1,polite,"row_change,accessibility"
accessibility_and_special_assistance,general support,English,Turkish,We will move you if possible.,Mümkünse sizi yer değiştireceğiz.,gate_agent,passenger,A1,reassuring,"row_change,staff,support"
accessibility_and_special_assistance,general support,English,Turkish,I need help because my vision is low in the dark.,Karanlıkta az gördüğüm için yardıma ihtiyacım var.,passenger,cabin_crew,A2,neutral,"vision,dark,accessibility"
accessibility_and_special_assistance,general support,English,Turkish,Please keep the light on for a moment.,Lütfen ışığı bir süre açık tutun.,passenger,cabin_crew,A1,polite,"light,vision,accessibility"
accessibility_and_special_assistance,general support,English,Turkish,I need help because I panic in crowded places.,Kalabalık yerlerde paniklediğim için yardıma ihtiyacım var.,passenger,airport_staff,A2,neutral,"panic,crowded_places,accessibility"
accessibility_and_special_assistance,general support,English,Turkish,Please take me to a quieter line.,Lütfen beni daha sakin bir sıraya alın.,passenger,airport_staff,A2,polite,"quieter_line,queue,accessibility"
accessibility_and_special_assistance,general support,English,Turkish,We can take you to a quieter area.,Sizi daha sakin bir alana götürebiliriz.,airport_staff,passenger,A2,reassuring,"quieter_area,staff,support"
accessibility_and_special_assistance,general support,English,Turkish,I need help because I cannot manage the line.,Sırayı yönetemediğim için yardıma ihtiyacım var.,passenger,airport_staff,A2,neutral,"line,queue,accessibility"
accessibility_and_special_assistance,general support,English,Turkish,Please check me in for special assistance.,Lütfen beni özel yardım için check-in yapın.,passenger,airport_staff,A2,polite,"checkin,special_assistance,accessibility"
accessibility_and_special_assistance,general support,English,Turkish,I need accessible help at every step.,Her aşamada erişilebilir yardıma ihtiyacım var.,passenger,airport_staff,A2,polite,"every_step,accessibility,help"
accessibility_and_special_assistance,general support,English,Turkish,Please make this journey easier for me.,Lütfen bu yolculuğu benim için kolaylaştırın.,passenger,airport_staff,A2,polite,"journey,easier,accessibility"
accessibility_and_special_assistance,wheelchair request,Turkish,English,Tekerlekli sandalye desteği istiyorum.,I need wheelchair assistance.,passenger,airport_staff,A1,polite,"wheelchair,assistance,airport"
accessibility_and_special_assistance,pre-boarding assistance,Turkish,English,Uçağa binmek için yardıma ihtiyacım var.,I need help boarding the plane.,passenger,gate_agent,A1,polite,"boarding,assistance,plane"
accessibility_and_special_assistance,visual impairment,Turkish,English,"Görme engelliyim, lütfen bana yardımcı olun.","I am visually impaired, please help me.",passenger,cabin_crew,A2,polite,"visual_impairment,help,cabin"
accessibility_and_special_assistance,hearing impairment,Turkish,English,İşitme engelim var.,I have a hearing impairment.,passenger,cabin_crew,A1,neutral,"hearing_impairment,accessibility"
accessibility_and_special_assistance,mobility aid,Turkish,English,Yürüteç kullanıyorum.,I use a walker.,passenger,airport_staff,A1,neutral,"mobility_aid,walker"
accessibility_and_special_assistance,aisle seat request,Turkish,English,Koridor tarafı koltuk rica ediyorum.,"I would like an aisle seat, please.",passenger,airport_staff,A1,polite,"seat,aisle,request"
accessibility_and_special_assistance,seat near restroom,Turkish,English,Tuvalete yakın bir koltuk alabilir miyim?,Can I have a seat near the restroom?,passenger,airport_staff,A2,polite,"seat,restroom,request"
accessibility_and_special_assistance,boarding priority,Turkish,English,Öncelikli biniş hakkım var mı?,Do I have priority boarding?,passenger,gate_agent,A2,neutral,"priority_boarding,boarding"
accessibility_and_special_assistance,special assistance confirmation,Turkish,English,Engelli yolcu desteği için kayıtlıyım.,I am registered for special assistance for disabled passengers.,passenger,airport_staff,B1,formal,"special_assistance,registration"
accessibility_and_special_assistance,boarding ramp,Turkish,English,Uçağa rampadan binebilir miyim?,Can I board the plane using the ramp?,passenger,gate_agent,A2,polite,"ramp,boarding"
accessibility_and_special_assistance,lift on aircraft,Turkish,English,Merdiven çıkamıyorum.,I cannot climb stairs.,passenger,cabin_crew,A1,neutral,"stairs,mobility"
accessibility_and_special_assistance,help to seat,Turkish,English,Koltukta oturmama yardım eder misiniz?,Could you help me get seated?,passenger,cabin_crew,A2,polite,"seating,assistance"
accessibility_and_special_assistance,belt extension,Turkish,English,Emniyet kemeri uzatıcıya ihtiyacım var.,I need a seat belt extender.,passenger,cabin_crew,A2,polite,"seat_belt_extender,cabin"
accessibility_and_special_assistance,assistance to toilet,Turkish,English,Tuvalete gitmek için yardıma ihtiyacım var.,I need help getting to the restroom.,passenger,cabin_crew,A1,polite,"restroom,assistance"
accessibility_and_special_assistance,toilet location,Turkish,English,Engelli tuvaleti var mı?,Is there an accessible restroom?,passenger,cabin_crew,A1,neutral,"accessible_restroom,toilet"
accessibility_and_special_assistance,oxygen support,Turkish,English,Tıbbi oksijen desteği gerekiyor.,Medical oxygen support is needed.,passenger,airport_staff,B1,formal,"medical_oxygen,special_assistance"
accessibility_and_special_assistance,medical clearance,Turkish,English,Doktor raporunu yanımda getirdim.,I brought my doctor's note with me.,passenger,airport_staff,A2,neutral,"medical_note,documentation"
accessibility_and_special_assistance,traveling with cane,Turkish,English,"Bastonum var, onu uçağa alabilir miyim?",I have a cane. Can I take it on the plane?,passenger,gate_agent,A2,polite,"cane,carry_on"
accessibility_and_special_assistance,mobility aid in cabin,Turkish,English,Tekerlekli sandalyem kapıya kadar getirilecek mi?,Will my wheelchair be brought to the gate?,passenger,airport_staff,B1,neutral,"wheelchair,gate,mobility"
accessibility_and_special_assistance,boarding delay support,Turkish,English,Yavaş yürüdüğüm için biraz zaman alabilir.,It may take me a little longer because I walk slowly.,passenger,gate_agent,A2,polite,"slow_walking,boarding"
accessibility_and_special_assistance,blind guidance,Turkish,English,Lütfen koltuğuma kadar bana eşlik edin.,Please escort me to my seat.,passenger,cabin_crew,A2,polite,"escort,seat"
accessibility_and_special_assistance,crew assistance offered,Turkish,English,Size kapıya kadar eşlik edeceğim.,I will escort you to the gate.,airport_staff,passenger,A1,reassuring,"escort,gate"
accessibility_and_special_assistance,crew confirmation,Turkish,English,Sizden özel yardım talebini aldık.,We have received your special assistance request.,airport_staff,passenger,A2,formal,"request_received,special_assistance"
accessibility_and_special_assistance,wheelchair priority,Turkish,English,Önce ben inebilir miyim?,Can I disembark first?,passenger,cabin_crew,A2,polite,"disembark,priority"
accessibility_and_special_assistance,crowded gate,Turkish,English,Kalabalık beni zorluyor.,The crowd is making it difficult for me.,passenger,airport_staff,A2,neutral,"crowd,difficulty"
accessibility_and_special_assistance,quiet assistance,Turkish,English,Lütfen yavaş konuşun.,Please speak slowly.,passenger,cabin_crew,A1,polite,"slow_speech,communication"
accessibility_and_special_assistance,written communication,Turkish,English,Bana yazılı olarak gösterebilir misiniz?,Can you show me in writing?,passenger,airport_staff,A2,polite,"written_info,communication"
accessibility_and_special_assistance,hearing aid,Turkish,English,İşitme cihazım var.,I have a hearing aid.,passenger,cabin_crew,A1,neutral,"hearing_aid,accessibility"
accessibility_and_special_assistance,help locating seat,Turkish,English,Numaramı bulmamda yardım eder misiniz?,Could you help me find my seat number?,passenger,cabin_crew,A2,polite,"seat_number,help"
accessibility_and_special_assistance,need extra time,Turkish,English,Biniş için biraz ekstra zamana ihtiyacım var.,I need a little extra time to board.,passenger,gate_agent,A2,polite,"extra_time,boarding"
accessibility_and_special_assistance,staff reassurance,Turkish,English,"Sorun değil, acele etmeyin.","No problem, take your time.",airport_staff,passenger,A1,reassuring,"take_your_time,support"
accessibility_and_special_assistance,guide dog,Turkish,English,Yanımda rehber köpek var.,I have a guide dog with me.,passenger,airport_staff,A1,neutral,"guide_dog,service_animal"
accessibility_and_special_assistance,service animal permission,Turkish,English,Rehber köpeğime izin veriliyor mu?,Is my guide dog allowed?,passenger,gate_agent,A2,polite,"guide_dog,permission"
accessibility_and_special_assistance,pet vs service animal,Turkish,English,"Bu bir hizmet hayvanı değil, kişisel desteğim.",This is not a service animal; it is for my personal support.,passenger,airport_staff,B1,formal,"support_animal,clarification"
accessibility_and_special_assistance,help with luggage,Turkish,English,Valizimi kaldıramıyorum.,I can't lift my suitcase.,passenger,cabin_crew,A1,neutral,"luggage,lifting"
accessibility_and_special_assistance,carry luggage,Turkish,English,Çantamı üst rafa koyabilir misiniz?,Could you put my bag in the overhead bin?,passenger,cabin_crew,A2,polite,"overhead_bin,bag"
accessibility_and_special_assistance,need assistance with tray,Turkish,English,Tepsiyi açmakta zorlanıyorum.,I'm having trouble opening the tray table.,passenger,cabin_crew,A2,neutral,"tray_table,help"
accessibility_and_special_assistance,meal assistance,Turkish,English,Yemeği kesmem için yardım eder misiniz?,Could you help me cut the food?,passenger,cabin_crew,A2,polite,"meal,help"
accessibility_and_special_assistance,special meal support,Turkish,English,Özel yemeğimi bana hatırlatır mısınız?,Could you remind me about my special meal?,passenger,cabin_crew,A2,polite,"special_meal,reminder"
accessibility_and_special_assistance,allergy support,Turkish,English,"Alerjim var, lütfen dikkat edin.","I have an allergy, please be careful.",passenger,cabin_crew,A1,urgent,"allergy,caution"
accessibility_and_special_assistance,peanut allergy,Turkish,English,Yer fıstığına alerjim var.,I am allergic to peanuts.,passenger,cabin_crew,A1,urgent,"peanut_allergy,food"
accessibility_and_special_assistance,medical equipment,Turkish,English,Yanımda tıbbi cihaz taşıyorum.,I am carrying medical equipment with me.,passenger,airport_staff,A2,neutral,"medical_equipment,carry_on"
accessibility_and_special_assistance,battery device,Turkish,English,Cihazımın pili var.,My device has a battery.,passenger,airport_staff,A1,neutral,"battery,medical_device"
accessibility_and_special_assistance,CPAP machine,Turkish,English,Uyku cihazım için yer gerekir.,I need space for my sleep device.,passenger,airport_staff,B1,polite,"CPAP,medical_device"
accessibility_and_special_assistance,extra boarding help,Turkish,English,Beni kapıda karşılayabilir misiniz?,Could you meet me at the gate?,passenger,airport_staff,A2,polite,"meet_at_gate,assistance"
accessibility_and_special_assistance,staff explanation,Turkish,English,Size tekerlekli sandalye sağlayacağız.,We will provide you with a wheelchair.,airport_staff,passenger,A1,reassuring,"wheelchair,service"
accessibility_and_special_assistance,staff explanation,Turkish,English,Biniş kapısına kadar size eşlik edebiliriz.,We can escort you to the boarding gate.,airport_staff,passenger,A2,reassuring,"escort,boarding_gate"
accessibility_and_special_assistance,staff question,Turkish,English,Herhangi bir hareket desteğine ihtiyacınız var mı?,Do you need any mobility assistance?,airport_staff,passenger,A2,polite,"mobility_assistance,question"
accessibility_and_special_assistance,staff question,Turkish,English,Merdiven kullanabiliyor musunuz?,Can you use stairs?,airport_staff,passenger,A1,neutral,"stairs,mobility"
accessibility_and_special_assistance,assistant at gate,Turkish,English,Sizi önce çağıracağız.,We will call you first.,airport_staff,passenger,A1,reassuring,"call_first,priority"
accessibility_and_special_assistance,seat change,Turkish,English,"Yerim çok dar, başka koltuk var mı?",My seat is very tight. Is there another seat?,passenger,cabin_crew,A2,polite,"seat_change,space"
accessibility_and_special_assistance,armrest issue,Turkish,English,Koltuk kolçağını kaldırmam gerekiyor.,I need to lift the armrest.,passenger,cabin_crew,A2,neutral,"armrest,seat"
accessibility_and_special_assistance,travel companion,Turkish,English,Yanımda refakatçi var.,I have an attendant with me.,passenger,airport_staff,A1,neutral,"companion,attendant"
accessibility_and_special_assistance,companion seating,Turkish,English,Refakatçim yanımda oturabilir mi?,Can my companion sit next to me?,passenger,gate_agent,A2,polite,"companion,seating"
accessibility_and_special_assistance,child assistance,Turkish,English,Çocuğum özel yardıma ihtiyaç duyuyor.,My child needs special assistance.,passenger,airport_staff,A2,polite,"child,special_assistance"
accessibility_and_special_assistance,child boarding,Turkish,English,Çocuğumla birlikte önce binebilir miyiz?,Can we board first with my child?,passenger,gate_agent,A2,polite,"child,priority_boarding"
accessibility_and_special_assistance,elderly assistance,Turkish,English,"Yaşlı bir yolcuyum, yardıma ihtiyacım var.",I am an elderly passenger and I need assistance.,passenger,airport_staff,A2,polite,"elderly,assistance"
accessibility_and_special_assistance,pregnancy support,Turkish,English,"Hamileyim, destek alabilir miyim?",I am pregnant. Can I get assistance?,passenger,airport_staff,A2,polite,"pregnancy,assistance"
accessibility_and_special_assistance,temporary injury,Turkish,English,"Ayağım yaralı, normal yürüyemiyorum.","My foot is injured, and I can't walk normally.",passenger,airport_staff,A2,neutral,"injury,mobility"
accessibility_and_special_assistance,crutch support,Turkish,English,Koltuk değneğim var.,I have crutches.,passenger,airport_staff,A1,neutral,"crutches,mobility_aid"
accessibility_and_special_assistance,lift assistance,Turkish,English,Beni koltuğumdan kaldırmanız gerekebilir.,You may need to help me get out of my seat.,passenger,cabin_crew,B1,polite,"seat_transfer,assistance"
accessibility_and_special_assistance,bathroom transfer,Turkish,English,Tuvalete gitmekte zorlanıyorum.,I am having trouble getting to the restroom.,passenger,cabin_crew,A2,neutral,"restroom,difficulty"
accessibility_and_special_assistance,accessible lavatory,Turkish,English,Uçakta erişilebilir tuvalet var mı?,Is there an accessible lavatory on the plane?,passenger,cabin_crew,A2,neutral,"accessible_lavatory,plane"
accessibility_and_special_assistance,rest stop request,Turkish,English,Beni biraz bekletebilir misiniz?,Could you wait for me a moment?,passenger,airport_staff,A1,polite,"wait,assistance"
accessibility_and_special_assistance,slow speech request,Turkish,English,Lütfen daha net konuşun.,Please speak more clearly.,passenger,cabin_crew,A1,polite,"clarity,communication"
accessibility_and_special_assistance,text message support,Turkish,English,Bana mesajla bilgi verebilirsiniz.,You can give me the information by text message.,passenger,airport_staff,B1,neutral,"text_message,communication"
accessibility_and_special_assistance,sign language,Turkish,English,İşaret dili biliyorum.,I know sign language.,passenger,cabin_crew,A1,neutral,"sign_language,communication"
accessibility_and_special_assistance,help with forms,Turkish,English,Formu doldurmama yardım eder misiniz?,Could you help me fill out the form?,passenger,airport_staff,A2,polite,"form,help"
accessibility_and_special_assistance,boarding paperwork,Turkish,English,Özel yardım için bu formu imzalamam gerekiyor mu?,Do I need to sign this form for special assistance?,passenger,airport_staff,B1,neutral,"form,special_assistance"
accessibility_and_special_assistance,staff confirmation,Turkish,English,Size yardımcı olmak için buradayız.,We are here to help you.,airport_staff,passenger,A1,reassuring,"reassurance,help"
accessibility_and_special_assistance,staff reassurance,Turkish,English,"Endişelenmeyin, size destek olacağız.","Don't worry, we will support you.",airport_staff,passenger,A1,reassuring,"support,reassurance"
accessibility_and_special_assistance,emergency help,Turkish,English,"Nefes almakta zorlanıyorum, yardım edin.","I'm having trouble breathing, please help.",passenger,cabin_crew,A1,urgent,"breathing_problem,emergency"
accessibility_and_special_assistance,medical emergency,Turkish,English,Tıbbi yardıma ihtiyacım var.,I need medical assistance.,passenger,cabin_crew,A1,urgent,"medical_assistance,emergency"
accessibility_and_special_assistance,crew call for help,Turkish,English,Lütfen bir sağlık görevlisi çağırın.,Please call a medical professional.,passenger,cabin_crew,A2,urgent,"medical_professional,emergency"
accessibility_and_special_assistance,oxygen mask issue,Turkish,English,Maske takmakta zorlanıyorum.,I'm having trouble putting on the mask.,passenger,cabin_crew,A2,urgent,"oxygen_mask,help"
accessibility_and_special_assistance,mobility concern,Turkish,English,Dengesiz hissediyorum.,I feel unsteady.,passenger,cabin_crew,A1,urgent,"unsteady,health"
accessibility_and_special_assistance,wheelchair on arrival,Turkish,English,İndiğimde beni tekerlekli sandalye ile karşılayın.,Meet me with a wheelchair when I land.,passenger,airport_staff,A2,polite,"arrival,wheelchair"
accessibility_and_special_assistance,connection flight,Turkish,English,Aktarma uçağım için yardım gerekiyor.,I need assistance for my connecting flight.,passenger,airport_staff,B1,polite,"connection_flight,assistance"
accessibility_and_special_assistance,tight connection,Turkish,English,Kapıya çabuk ulaşmam zor olabilir.,It may be hard for me to get to the gate quickly.,passenger,airport_staff,B1,neutral,"tight_connection,mobility"
accessibility_and_special_assistance,wheelchair storage,Turkish,English,Sandalyemi uçak altında mı alacaksınız?,Will you take my wheelchair under the plane?,passenger,gate_agent,B1,neutral,"wheelchair,checked_baggage"
accessibility_and_special_assistance,return wheelchair,Turkish,English,İndiğimde sandalyemi geri istiyorum.,I want my wheelchair back when I land.,passenger,airport_staff,A2,polite,"wheelchair,arrival"
accessibility_and_special_assistance,battery wheelchair,Turkish,English,Tekerlekli sandalyem elektrikli.,My wheelchair is electric.,passenger,airport_staff,A1,neutral,"electric_wheelchair,mobility"
accessibility_and_special_assistance,battery instructions,Turkish,English,Pil için özel bir işlem gerekiyor mu?,Does the battery need any special handling?,passenger,airport_staff,B1,neutral,"battery,special_handling"
accessibility_and_special_assistance,transporting aid,Turkish,English,Yardım aracımı ücretsiz taşıyabilir miyim?,Can I transport my mobility aid for free?,passenger,airport_staff,B1,neutral,"mobility_aid,fees"
accessibility_and_special_assistance,accessible seat selection,Turkish,English,Daha geniş bir koltuk seçebilir miyim?,Can I choose a wider seat?,passenger,airport_staff,A2,polite,"wider_seat,accessibility"
accessibility_and_special_assistance,legroom concern,Turkish,English,Bacaklarım için daha fazla alan gerekiyor.,I need more legroom.,passenger,cabin_crew,A1,polite,"legroom,seat"
accessibility_and_special_assistance,temporary accessibility,Turkish,English,Geçici olarak yardıma ihtiyacım var.,I need temporary assistance.,passenger,airport_staff,A2,neutral,temporary_assistance
accessibility_and_special_assistance,follow instructions,Turkish,English,Ne yapmam gerektiğini bana söyleyin.,Tell me what I should do.,passenger,cabin_crew,A1,polite,"instructions,communication"
accessibility_and_special_assistance,crew step-by-step,Turkish,English,Size adım adım anlatacağım.,I will explain it to you step by step.,airport_staff,passenger,A1,reassuring,"step_by_step,support"
language_difficulty_and_translation_support,language_difficulty_and_translation_support,English,Turkish,"Could you speak slowly, please?",Lütfen yavaş konuşur musunuz?,passenger,cabin_crew,A1,polite,"translation_support,cabin,polite_request"
language_difficulty_and_translation_support,language_difficulty_and_translation_support,English,Turkish,I do not speak English very well.,İngilizceyi pek iyi konuşamıyorum.,passenger,cabin_crew,A1,neutral,"translation_support,language_barrier"
language_difficulty_and_translation_support,language_difficulty_and_translation_support,English,Turkish,Can you write that down for me?,Bunu benim için yazar mısınız?,passenger,cabin_crew,A1,polite,"translation_support,communication"
language_difficulty_and_translation_support,language_difficulty_and_translation_support,English,Turkish,I need help understanding the instructions.,Talimatları anlamak için yardıma ihtiyacım var.,passenger,cabin_crew,A2,neutral,"translation_support,instructions"
language_difficulty_and_translation_support,language_difficulty_and_translation_support,English,Turkish,"Can you explain that again, please?","Bunu tekrar açıklar mısınız, lütfen?",passenger,cabin_crew,A1,polite,"translation_support,repeat_request"
language_difficulty_and_translation_support,language_difficulty_and_translation_support,English,Turkish,I did not understand the announcement.,Anonsu anlamadım.,passenger,cabin_crew,A1,neutral,"translation_support,announcement"
language_difficulty_and_translation_support,language_difficulty_and_translation_support,English,Turkish,Please point to my seat.,Lütfen koltuğumu gösterin.,passenger,cabin_crew,A1,polite,"translation_support,seat"
language_difficulty_and_translation_support,language_difficulty_and_translation_support,English,Turkish,I need a translator.,Bana bir tercüman lazım.,passenger,cabin_crew,A2,urgent,"translation_support,translator"
language_difficulty_and_translation_support,language_difficulty_and_translation_support,English,Turkish,Can you help me fill out this form?,Bu formu doldurmama yardım eder misiniz?,passenger,airport_staff,A2,polite,"translation_support,form"
language_difficulty_and_translation_support,language_difficulty_and_translation_support,English,Turkish,I need this information in Turkish.,Bu bilgilere Türkçe ihtiyacım var.,passenger,cabin_crew,A2,neutral,"translation_support,language_request"
language_difficulty_and_translation_support,language_difficulty_and_translation_support,English,Turkish,Please show me the way to the gate.,Lütfen bana kapıya giden yolu gösterin.,passenger,airport_staff,A1,polite,"translation_support,gate"
language_difficulty_and_translation_support,language_difficulty_and_translation_support,English,Turkish,Could you say that more clearly?,Bunu daha net söyler misiniz?,passenger,cabin_crew,A1,polite,"translation_support,clarification"
language_difficulty_and_translation_support,language_difficulty_and_translation_support,English,Turkish,I am using a translation app.,Bir çeviri uygulaması kullanıyorum.,passenger,cabin_crew,A2,neutral,"translation_support,app"
language_difficulty_and_translation_support,language_difficulty_and_translation_support,English,Turkish,Please speak into the app.,Lütfen uygulamaya konuşun.,passenger,cabin_crew,A2,polite,"translation_support,app"
language_difficulty_and_translation_support,language_difficulty_and_translation_support,English,Turkish,I can read Turkish a little.,Türkçeyi biraz okuyabiliyorum.,passenger,cabin_crew,A2,neutral,"translation_support,language_skill"
language_difficulty_and_translation_support,language_difficulty_and_translation_support,English,Turkish,I understand better when it is written.,Yazılı olunca daha iyi anlıyorum.,passenger,cabin_crew,A2,neutral,"translation_support,written_text"
language_difficulty_and_translation_support,language_difficulty_and_translation_support,English,Turkish,Please use gestures if needed.,Gerekirse el hareketleri kullanın lütfen.,passenger,cabin_crew,A2,polite,"translation_support,gestures"
language_difficulty_and_translation_support,language_difficulty_and_translation_support,English,Turkish,"I am sorry, I do not know the word.","Üzgünüm, kelimeyi bilmiyorum.",passenger,cabin_crew,A1,polite,"translation_support,unknown_word"
language_difficulty_and_translation_support,language_difficulty_and_translation_support,English,Turkish,I need help with my ticket.,Biletimle ilgili yardıma ihtiyacım var.,passenger,airport_staff,A1,neutral,"translation_support,ticket"
language_difficulty_and_translation_support,language_difficulty_and_translation_support,English,Turkish,Please read this for me.,Bunu benim için okur musunuz?,passenger,cabin_crew,A1,polite,"translation_support,reading_help"
language_difficulty_and_translation_support,language_difficulty_and_translation_support,English,Turkish,I need help with the seat belt sign.,Emniyet kemeri ışığıyla ilgili yardıma ihtiyacım var.,passenger,cabin_crew,A2,neutral,"translation_support,safety_sign"
language_difficulty_and_translation_support,language_difficulty_and_translation_support,English,Turkish,What does this sign mean?,Bu işaret ne anlama geliyor?,passenger,airport_staff,A1,neutral,"translation_support,sign"
language_difficulty_and_translation_support,language_difficulty_and_translation_support,English,Turkish,Please tell me in Turkish if possible.,Mümkünse lütfen bunu Türkçe söyleyin.,passenger,cabin_crew,A2,polite,"translation_support,turkish_request"
language_difficulty_and_translation_support,language_difficulty_and_translation_support,English,Turkish,I only speak a little English.,Sadece biraz İngilizce konuşuyorum.,passenger,cabin_crew,A1,neutral,"translation_support,language_skill"
language_difficulty_and_translation_support,language_difficulty_and_translation_support,English,Turkish,Please help me understand the menu.,Menüyü anlamama yardım edin lütfen.,passenger,cabin_crew,A2,polite,"translation_support,menu"
language_difficulty_and_translation_support,language_difficulty_and_translation_support,English,Turkish,I cannot read this very well.,Bunu pek iyi okuyamıyorum.,passenger,cabin_crew,A1,neutral,"translation_support,reading"
language_difficulty_and_translation_support,language_difficulty_and_translation_support,English,Turkish,Can you show me on the map?,Haritada gösterebilir misiniz?,passenger,airport_staff,A1,polite,"translation_support,map"
language_difficulty_and_translation_support,language_difficulty_and_translation_support,English,Turkish,I need a simple explanation.,Basit bir açıklamaya ihtiyacım var.,passenger,cabin_crew,A2,neutral,"translation_support,explanation"
language_difficulty_and_translation_support,language_difficulty_and_translation_support,English,Turkish,Please help me with my boarding pass.,Biniş kartımla bana yardım edin lütfen.,passenger,airport_staff,A1,polite,"translation_support,boarding_pass"
language_difficulty_and_translation_support,language_difficulty_and_translation_support,English,Turkish,I am having trouble hearing you.,Sizi duymakta zorlanıyorum.,passenger,cabin_crew,A2,neutral,"translation_support,hearing"
language_difficulty_and_translation_support,language_difficulty_and_translation_support,English,Turkish,Please speak louder.,Lütfen daha yüksek sesle konuşun.,passenger,cabin_crew,A1,polite,"translation_support,volume"
language_difficulty_and_translation_support,language_difficulty_and_translation_support,English,Turkish,I need help finding my seat.,Koltuğumu bulmak için yardıma ihtiyacım var.,passenger,cabin_crew,A1,neutral,"translation_support,seat"
language_difficulty_and_translation_support,language_difficulty_and_translation_support,English,Turkish,Can you tell me what to do?,Ne yapmam gerektiğini söyler misiniz?,passenger,cabin_crew,A1,polite,"translation_support,instructions"
language_difficulty_and_translation_support,language_difficulty_and_translation_support,English,Turkish,I am not sure I understood.,Anladığımdan emin değilim.,passenger,cabin_crew,A2,neutral,"translation_support,uncertain"
language_difficulty_and_translation_support,language_difficulty_and_translation_support,English,Turkish,Please help me with the overhead bin.,Lütfen üst bagaj bölmesiyle bana yardım edin.,passenger,cabin_crew,A2,polite,"translation_support,overhead_bin"
language_difficulty_and_translation_support,language_difficulty_and_translation_support,English,Turkish,"I need the words in Turkish, please.","Kelimeleri Türkçe istiyorum, lütfen.",passenger,cabin_crew,A2,polite,"translation_support,turkish_words"
language_difficulty_and_translation_support,language_difficulty_and_translation_support,English,Turkish,"Please wait, I am translating.","Lütfen bekleyin, çeviri yapıyorum.",passenger,cabin_crew,A2,neutral,"translation_support,translation_in_progress"
language_difficulty_and_translation_support,language_difficulty_and_translation_support,English,Turkish,I need help with pronunciation.,Telaffuz konusunda yardıma ihtiyacım var.,passenger,cabin_crew,B1,neutral,"translation_support,pronunciation"
language_difficulty_and_translation_support,language_difficulty_and_translation_support,English,Turkish,Could you say the sentence one more time?,Cümleyi bir kez daha söyler misiniz?,passenger,cabin_crew,A1,polite,"translation_support,repeat_sentence"
language_difficulty_and_translation_support,language_difficulty_and_translation_support,English,Turkish,I am learning Turkish.,Türkçe öğreniyorum.,passenger,cabin_crew,A1,neutral,"translation_support,learning_turkish"
language_difficulty_and_translation_support,language_difficulty_and_translation_support,English,Turkish,Can you speak more simply?,Daha basit konuşabilir misiniz?,passenger,cabin_crew,A1,polite,"translation_support,simple_speech"
language_difficulty_and_translation_support,language_difficulty_and_translation_support,English,Turkish,I need to understand the safety video.,Güvenlik videosunu anlamam gerekiyor.,passenger,cabin_crew,A2,neutral,"translation_support,safety_video"
language_difficulty_and_translation_support,language_difficulty_and_translation_support,English,Turkish,Please translate this for me.,Bunu benim için çevirin lütfen.,passenger,cabin_crew,A1,polite,"translation_support,translate"
language_difficulty_and_translation_support,language_difficulty_and_translation_support,English,Turkish,I do not understand the crew member.,Kabindeki görevlisini anlamıyorum.,passenger,cabin_crew,A2,neutral,"translation_support,crew_member"
language_difficulty_and_translation_support,language_difficulty_and_translation_support,English,Turkish,Please help me with the lavatory sign.,Tuvalet işareti konusunda bana yardım edin lütfen.,passenger,cabin_crew,A2,polite,"translation_support,lavatory_sign"
language_difficulty_and_translation_support,language_difficulty_and_translation_support,English,Turkish,I need a seat close to the front.,Öne yakın bir koltuğa ihtiyacım var.,passenger,airport_staff,A2,neutral,"translation_support,seat_request"
language_difficulty_and_translation_support,language_difficulty_and_translation_support,English,Turkish,Can you help me understand the delay?,Rötarı anlamama yardım eder misiniz?,passenger,airport_staff,A2,neutral,"translation_support,delay"
language_difficulty_and_translation_support,language_difficulty_and_translation_support,English,Turkish,Please say only the important words.,Lütfen sadece önemli kelimeleri söyleyin.,passenger,cabin_crew,A2,polite,"translation_support,important_words"
language_difficulty_and_translation_support,language_difficulty_and_translation_support,English,Turkish,I need help with the child safety instructions.,Çocuk güvenlik talimatlarıyla ilgili yardıma ihtiyacım var.,passenger,cabin_crew,B1,neutral,"translation_support,child_safety"
language_difficulty_and_translation_support,language_difficulty_and_translation_support,English,Turkish,Please explain the boarding process slowly.,Biniş sürecini yavaşça açıklar mısınız?,passenger,cabin_crew,A2,polite,"translation_support,boarding_process"
language_difficulty_and_translation_support,language_difficulty_and_translation_support,English,Turkish,I need to show this message to staff.,Bu mesajı personele göstermem gerekiyor.,passenger,cabin_crew,A2,neutral,"translation_support,message"
language_difficulty_and_translation_support,language_difficulty_and_translation_support,English,Turkish,Can you help me speak to the pilot?,Pilotla konuşmama yardım eder misiniz?,passenger,cabin_crew,B1,neutral,"translation_support,pilot"
language_difficulty_and_translation_support,language_difficulty_and_translation_support,English,Turkish,I need this translated immediately.,Bunun hemen çevrilmesi gerekiyor.,passenger,cabin_crew,A2,urgent,"translation_support,immediate_translation"
language_difficulty_and_translation_support,language_difficulty_and_translation_support,English,Turkish,Please use very short sentences.,Lütfen çok kısa cümleler kullanın.,passenger,cabin_crew,A1,polite,"translation_support,short_sentences"
language_difficulty_and_translation_support,language_difficulty_and_translation_support,English,Turkish,I know only basic phrases.,Sadece temel ifadeleri biliyorum.,passenger,cabin_crew,A1,neutral,"translation_support,basic_phrases"
language_difficulty_and_translation_support,language_difficulty_and_translation_support,English,Turkish,Could you help me say this correctly?,Bunu doğru söylememe yardım eder misiniz?,passenger,cabin_crew,B1,polite,"translation_support,correct_speaking"
language_difficulty_and_translation_support,language_difficulty_and_translation_support,English,Turkish,I am trying to learn travel words.,Seyahat kelimeleri öğrenmeye çalışıyorum.,passenger,cabin_crew,A2,neutral,"translation_support,travel_words"
language_difficulty_and_translation_support,language_difficulty_and_translation_support,English,Turkish,Please give me the Turkish version.,Lütfen Türkçe versiyonunu verin.,passenger,cabin_crew,A2,polite,"translation_support,turkish_version"
language_difficulty_and_translation_support,language_difficulty_and_translation_support,English,Turkish,I cannot follow fast speech.,Hızlı konuşmayı takip edemiyorum.,passenger,cabin_crew,A2,neutral,"translation_support,fast_speech"
language_difficulty_and_translation_support,language_difficulty_and_translation_support,English,Turkish,Please say it again in another way.,Lütfen bunu başka bir şekilde tekrar söyleyin.,passenger,cabin_crew,A2,polite,"translation_support,rephrase"
language_difficulty_and_translation_support,language_difficulty_and_translation_support,English,Turkish,I need help understanding the delay notice.,Gecikme bildirimini anlamak için yardıma ihtiyacım var.,passenger,airport_staff,B1,neutral,"translation_support,delay_notice"
language_difficulty_and_translation_support,language_difficulty_and_translation_support,English,Turkish,Please point to the next step.,Lütfen bir sonraki adımı gösterin.,passenger,cabin_crew,A1,polite,"translation_support,next_step"
language_difficulty_and_translation_support,language_difficulty_and_translation_support,English,Turkish,I need help with the seat number.,Koltuk numarasıyla ilgili yardıma ihtiyacım var.,passenger,cabin_crew,A1,neutral,"translation_support,seat_number"
language_difficulty_and_translation_support,language_difficulty_and_translation_support,English,Turkish,Can you read this to me?,Bunu bana okuyabilir misiniz?,passenger,cabin_crew,A1,polite,"translation_support,read_aloud"
language_difficulty_and_translation_support,language_difficulty_and_translation_support,English,Turkish,I need a written note.,Yazılı bir not gerekiyor.,passenger,cabin_crew,A2,neutral,"translation_support,written_note"
language_difficulty_and_translation_support,language_difficulty_and_translation_support,English,Turkish,Please tell me where to go.,Nereye gitmem gerektiğini söyler misiniz?,passenger,airport_staff,A1,polite,"translation_support,directions"
language_difficulty_and_translation_support,language_difficulty_and_translation_support,English,Turkish,I need help before boarding.,Binişten önce yardıma ihtiyacım var.,passenger,airport_staff,A2,neutral,"translation_support,before_boarding"
language_difficulty_and_translation_support,language_difficulty_and_translation_support,English,Turkish,Please help me understand the seat belt rule.,Emniyet kemeri kuralını anlamama yardım edin lütfen.,passenger,cabin_crew,A2,polite,"translation_support,seat_belt_rule"
language_difficulty_and_translation_support,language_difficulty_and_translation_support,English,Turkish,"I am sorry, I speak slowly.","Üzgünüm, yavaş konuşuyorum.",passenger,cabin_crew,A1,polite,"translation_support,slow_speech"
language_difficulty_and_translation_support,language_difficulty_and_translation_support,English,Turkish,Please help me with the safety card.,Güvenlik kartı konusunda bana yardım edin lütfen.,passenger,cabin_crew,A2,polite,"translation_support,safety_card"
language_difficulty_and_translation_support,language_difficulty_and_translation_support,English,Turkish,I need to ask one question.,Bir soru sormam gerekiyor.,passenger,cabin_crew,A1,neutral,"translation_support,one_question"
language_difficulty_and_translation_support,language_difficulty_and_translation_support,English,Turkish,Could you please use easier language?,Lütfen daha kolay bir dil kullanır mısınız?,passenger,cabin_crew,A2,polite,"translation_support,easier_language"
language_difficulty_and_translation_support,language_difficulty_and_translation_support,English,Turkish,I need help with the translation of this note.,Bu notun çevirisi için yardıma ihtiyacım var.,passenger,cabin_crew,B1,neutral,"translation_support,note_translation"
language_difficulty_and_translation_support,language_difficulty_and_translation_support,English,Turkish,Please tell me if I am wrong.,Yanlışsam lütfen söyleyin.,passenger,cabin_crew,A2,polite,"translation_support,correction"
language_difficulty_and_translation_support,boarding,Turkish,English,İngilizcem çok iyi değil.,My English is not very good.,passenger,gate_agent,A1,polite,"language_support,boarding"
language_difficulty_and_translation_support,boarding,Turkish,English,Yavaş konuşabilir misiniz?,Could you speak slowly?,passenger,cabin_crew,A1,polite,"language_support,request"
language_difficulty_and_translation_support,boarding,Turkish,English,Beni anlamakta zorlanıyorum.,I am having trouble understanding.,passenger,gate_agent,A1,polite,language_support
language_difficulty_and_translation_support,boarding,Turkish,English,Anladığımı kontrol edebilir miyiz?,Can we check that I understood correctly?,passenger,gate_agent,A2,polite,language_support
language_difficulty_and_translation_support,boarding,Turkish,English,Kartımda ne yazdığını okuyamadım.,I could not read what was written on my boarding pass.,passenger,gate_agent,A2,neutral,"language_support,boarding"
language_difficulty_and_translation_support,boarding,Turkish,English,Bunun anlamını bana söyleyebilir misiniz?,Can you tell me what this means?,passenger,cabin_crew,A1,polite,language_support
language_difficulty_and_translation_support,boarding,Turkish,English,Lütfen bana Türkçe bilen biri yardımcı olsun.,Please have someone who speaks Turkish help me.,passenger,gate_agent,A2,polite,"language_support,assistance"
language_difficulty_and_translation_support,boarding,Turkish,English,Basit İngilizce ile anlatabilir misiniz?,Can you explain it in simple English?,passenger,cabin_crew,A2,polite,language_support
language_difficulty_and_translation_support,boarding,Turkish,English,Lütfen işaret ederek gösterin.,Please show me by pointing.,passenger,gate_agent,A1,polite,"language_support,nonverbal"
language_difficulty_and_translation_support,boarding,Turkish,English,Bu kelimeyi bilmiyorum.,I do not know this word.,passenger,cabin_crew,A1,neutral,language_support
language_difficulty_and_translation_support,boarding,Turkish,English,Ben sadece biraz İngilizce konuşuyorum.,I only speak a little English.,passenger,gate_agent,A1,neutral,language_support
language_difficulty_and_translation_support,boarding,Turkish,English,Beni lütfen yanlış anlamayın.,Please do not misunderstand me.,passenger,cabin_crew,A2,polite,language_support
language_difficulty_and_translation_support,boarding,Turkish,English,Ben kelimeleri karıştırabiliyorum.,I can mix up the words.,passenger,gate_agent,A2,polite,language_support
language_difficulty_and_translation_support,boarding,Turkish,English,Yazılı olarak gösterebilir misiniz?,Can you show it in writing?,passenger,cabin_crew,A2,polite,"language_support,written"
language_difficulty_and_translation_support,boarding,Turkish,English,Sizi duydum ama anlamadım.,"I heard you, but I did not understand.",passenger,gate_agent,A1,polite,language_support
language_difficulty_and_translation_support,boarding,Turkish,English,"Bir daha, daha yavaş lütfen.","Once more, more slowly please.",passenger,cabin_crew,A1,polite,"language_support,request"
language_difficulty_and_translation_support,boarding,Turkish,English,Türkçe konuşan görevli var mı?,Is there a staff member who speaks Turkish?,passenger,gate_agent,A2,polite,"language_support,staff"
language_difficulty_and_translation_support,boarding,Turkish,English,Lütfen cümleyi kısa tutun.,Please keep the sentence short.,passenger,cabin_crew,A2,polite,language_support
language_difficulty_and_translation_support,boarding,Turkish,English,Bu benim için zor.,This is difficult for me.,passenger,gate_agent,A1,neutral,language_support
